well_id,n,tw_corr,anchor_rmse,A_rmse,As_rmse,B_rmse,frac_gr
000d7d20,3836,0.7717465359386879,7.454442102844319,34.24133267671675,15.397349980374988,42.892405432308436,0.5265901981230449
00bbac68,6014,0.8274244590661899,15.263052288602681,52.25975790789028,31.945349067122375,64.86250348581223,0.8616561356834054
00e12e8b,4301,0.933478572648237,7.92458894231589,30.534509015285053,29.023952745833796,28.250185258635717,0.9028132992327366
015fe0d2,4296,0.8614070850249455,23.154889673287215,44.41310768895043,31.482640551928963,46.78190884723547,0.6797020484171322
01869cd4,5557,0.7851193040652017,10.618593023436276,38.56070258628814,15.293412149473092,57.119927720322565,0.4887529242396977
01982c1d,3941,0.9234832910057352,6.33452473981023,49.995708820425094,24.975856896892925,30.38568749831075,0.8419182948490231
028d7b28,6234,0.9161965099691228,7.393605105422137,35.177548864252685,29.390218258102486,26.825294703244968,0.7669233237086942
02e7fe5a,5108,0.7891048828625644,8.414429717261077,31.62381327409032,8.99337604386769,24.654800263194666,0.3633516053249804
0390d174,4411,0.9731465844955948,8.517417217402954,27.693895752241964,12.085859763972378,24.8454167664914,0.5021537066424847
03a935ae,2786,0.765736547513096,35.05448621305352,61.613003040322596,42.41173438401399,40.8094309714019,0.9594400574300072
044af7d1,4519,0.8110190306674664,9.868136513863366,27.268863103854617,9.8437217004159,55.92715468141624,0.3410046470458066
0498acab,4798,0.7325108716940645,5.996139045372776,40.919165663937136,12.127070054016873,44.293367256390376,0.5254272613588995
052d64df,2445,0.8514548245099007,7.3962717049147795,42.997021639849706,22.296473277481958,25.44591756281307,0.7247443762781186
05948241,3879,0.8442836294449425,4.995769989509691,29.973026919072197,12.410104566828883,33.04282294707049,0.4013921113689095
059c8f24,6258,0.7936987185401966,10.912174729109239,35.375559124870335,17.90726752291907,18.741816570197507,0.5647171620325983
05a0ee4d,4348,0.7411174723262282,18.344706956532814,43.598827433107196,16.655728461114414,54.96895915144476,0.640294388224471
060ab2b8,6258,0.8140589119721428,9.048312196834127,35.85165728957416,10.202430760970957,28.299535419678524,0.4250559284116331
06df5958,3509,0.6028725483590951,3.0884860085517194,44.94901446238807,23.387029346719576,58.619644767472316,0.810772299800513
071d7b45,3211,0.5612185552395329,17.11579247751261,38.680342966614624,25.678173966420452,15.35469631955353,0.8461538461538461
0849b4e2,5537,0.8886168641639096,14.567522114617379,41.817308537250675,19.521637888639226,39.265918269504624,0.7500451508036843
084d66f9,3885,0.7570006624598411,10.693040191903986,29.41147810286998,12.638693287089922,31.786156529193303,0.35366795366795367
08fecf00,5574,0.8476065098497964,4.759806836739511,49.91473715626027,13.18607985073373,27.267902585130667,0.7176175098672407
09053135,5907,0.8650940016102601,13.261553626472297,54.623452028827934,20.21678350355006,88.52088747675148,0.5781276451667513
09441b8d,5488,0.8626287750882116,15.9390645279074,44.406692382076,26.373998982012694,42.53310795361505,0.8828352769679301
0955cd6c,5195,0.816272217117308,8.023088122545198,33.1004737963638,10.791764977880602,45.463543283092676,0.35457170356111645
09ec2ca9,5885,0.7922112891421627,6.13281698431714,40.89833841092856,13.674597059543084,51.40570888048808,0.4395921835174172
0a57a29c,5821,0.6883416565611228,6.952723985070934,35.12417704136068,10.076037563647096,41.42624235713758,0.47002233293248585
0bbf5e67,4298,0.965184958399326,18.377119492009776,33.286198461629645,18.34692065281374,21.630782189602943,0.47254536993950674
0be01c24,4738,0.8821283578259066,8.273369324203173,49.07341741505172,20.525554724016082,28.838438393182027,0.9649641198818066
0c1b160c,5054,0.8170659812286285,8.432276859497074,31.58702353808015,10.610523173632494,26.21551954808634,0.47902651365255244
0d99f8e4,5823,0.5566389146567724,9.343320012239094,32.406851500569694,13.51946576076383,46.94413272812418,0.46007212776919115
0dc5e64d,4879,0.9255767943671888,18.008822359134772,52.536098880982074,27.073821425109795,14.758560028595058,0.9885222381635581
0dc835f3,4428,0.9410304928277783,7.2297789729208715,46.173163668979186,30.63559113655802,38.612894753113125,0.966576332429991
0dd99dc5,7342,0.6512316407846599,8.234632190411654,49.94910386483471,18.445179978821308,63.825262404493394,0.523563061836012
0e5e560d,3253,0.8919085414219647,10.293900986020363,43.61352534150864,16.714075911309404,33.64707653466865,0.7153396864432832
109d9d70,4215,0.7319454734785164,9.371137061320914,33.081825490646516,12.318075926035302,39.14428917108297,0.5867141162514828
10a1281a,5609,0.7699389248361783,3.5911852573850855,60.16386446452793,49.09565257300161,52.744349505348474,0.9572116241754324
10b89021,5414,0.7352697325378624,14.721334704881999,37.29338307286664,15.266459311312168,42.538967648931745,0.4266715921684522
10be2420,3271,0.9367369328757613,13.259451874685324,29.422960005436046,20.539267556062285,20.93959775210968,0.4833384286151024
113011eb,3272,0.7216679861298925,5.177910618587731,40.169250696622534,9.825686484101888,51.7101665713209,0.4969437652811736
1131525f,4159,0.6540570883138276,14.670165574890584,40.32751183730794,16.664662062263044,44.7380271385869,0.646068766530416
11d0f5ac,4883,0.7691026213455525,22.169205194123972,35.43396640426008,21.783223401253593,35.70814528491673,0.5959451157075568
12203f2a,3261,0.8202178214950546,13.762320645487467,37.584538471381,20.129664218247793,35.10012948567386,0.708984973934376
122bd617,4570,0.9286177338868936,11.670160284769418,36.97630570705777,22.303425064953757,33.51389743967974,0.6954048140043764
125be846,6510,0.696670545909229,18.441379950265283,43.18750921536624,28.359633415297832,28.834221750073496,0.7241167434715822
1285a37b,5597,0.8048130238636353,5.549117512133954,52.309885440968664,23.985197424984207,65.56574022317565,0.9581918885117027
1295a25b,5551,0.7288265008319565,9.716800903498608,43.4976698533356,20.637563700861367,32.373910544864124,0.5544946856422266
12f0cd90,5947,0.8149049777875851,7.895034499573364,41.536113438463346,23.6264385043863,44.76915896726175,0.7085925676811838
137d1e44,4554,0.6186940692390821,25.010172511867026,53.10733393720991,29.440969284652628,94.4390586324784,0.5142731664470795
13ce113d,2966,0.7886757338482744,3.381014512965784,42.09436151403701,24.319270668746274,29.000212956411463,0.8088334457181389
13f598d9,7306,0.8155789950666149,15.16858992587756,33.34916863047455,15.511272117900806,37.24180304008461,0.44388174103476596
14a53cb3,6919,0.8268335224940573,8.94761773897247,48.75533327284935,30.42878865126019,33.18555592505888,0.8692007515536927
14ab73fb,3649,0.7231511647558323,14.81915286795364,35.75960415792351,14.709964478086876,37.517452767033596,0.5902987119758838
14ad5efb,5842,0.8418950612509508,6.298504340917485,44.52639610561398,24.703582787388623,37.04926501480972,0.7961314618281411
14fee784,4910,0.8420503694204746,21.419815878785553,33.43399390031464,20.758394838544856,71.07369081831641,0.39959266802443993
153552f5,4695,0.9007494256857543,5.161441840641978,30.683983821058654,17.7816955452602,24.09999612194438,0.7921192758253461
1550491d,4563,0.8255143134993685,21.167156242041475,39.274917232006864,21.67679085468206,46.38154308663228,0.9627438088976551
155887bb,5585,0.8131336049424073,11.793313793912793,54.23360974259064,33.06445924407173,83.25269296468828,0.7287376902417189
1590af81,3799,0.8377673224037562,5.560887269871239,50.65298577204535,36.99125389112924,47.50621408764609,0.7917873124506449
15e154a1,6068,0.9517901635088492,23.22648490243106,37.741448712997645,22.200004114034318,40.79272634280037,0.5140079103493738
1619e2ca,4443,0.8416313394640833,7.812315673810556,41.869187929064495,13.234729547445234,33.26492172812431,0.6031960387125815
16e4a047,4131,0.7406424867846098,10.715407020528387,32.52229629621194,11.250115156891978,47.260455273724745,0.42725732268215927
173ed841,4883,0.42498016211508427,17.58051747694951,48.16669025810092,24.68615613601402,36.677383103667395,0.6104853573622773
1770d7c6,7240,0.661651589650424,12.332849608315879,59.253263867139616,42.664124551305584,31.771760366863354,0.9540055248618785
177622d7,3154,0.83777401564579,9.800349606500166,37.285199362095,13.045146504992204,42.92910165268355,0.4369055168040583
18d24f7b,4558,0.8278028391913851,7.530076271970659,47.98081905183145,31.388319999016826,32.097274190919386,0.8690215006581834
19137a89,6267,0.8420056741150147,18.119920942456794,56.47741855275065,44.265720937533835,53.390211492347866,0.9428753789692038
1944513c,4722,0.8280054975854734,5.738736995920461,53.7764020419919,24.167696953749676,17.721636483123948,0.9625158831003812
197f8a5a,6310,0.35635365163231997,24.61555435098563,37.77059832227721,25.037680972141697,25.141756126200505,0.47844690966719494
19871e7f,5293,0.8077718679770868,5.353880109906093,54.13620384291654,42.85953708629891,72.16691647739982,0.8564141318722841
198a5607,6251,0.9012580232633494,9.944851115115334,40.67268778070839,19.195758806752398,23.79934217414281,0.7309230523116301
19fb4f7b,5620,0.8175882404746229,11.089880426882702,50.97516682597493,28.745381633078726,57.55874728626101,0.9569395017793594
1a518997,4606,0.7050366710924589,10.76070073803029,40.17011280310289,21.447887473441494,43.54766130337538,0.5933564915327834
1a68190b,4474,0.7362899020138522,16.431826147748733,50.89086203853767,21.040213799690736,49.06019151563896,0.724407688869021
1a730ac2,4605,0.7944453280201574,16.350400725581075,40.312702189882565,13.180257077693714,44.94256130550677,0.7014115092290988
1aaf1da0,4804,0.7962553468455779,9.288199403984146,57.91701155692652,44.90340745421301,56.95495149275412,0.7329308909242298
1b08ed48,5618,0.8593829040758058,11.838490879530399,32.43568044254262,12.590720764086297,26.414203080988322,0.41972232111071556
1b1c5372,4261,0.8619279995241109,17.833374900392585,37.75394466211269,21.78022138288414,23.617646904761667,0.6972541656888055
1b1eba53,4655,0.8261888502713336,70.63937461968057,75.34270498928272,57.967195977511416,50.63077137822907,0.8369495166487648
1b6ba517,6597,0.6518555284243465,7.818279827064867,38.51690708321005,11.434394725326333,63.48347379106578,0.5761709868121874
1b82b665,3806,0.6177823204554019,6.106594455886377,44.585603090489904,25.404710859751212,79.98172866296298,0.9348397267472413
1bcb2fcf,4524,0.7053346698523759,6.2062031463179,55.9090093709965,43.68929466119759,46.77297793135233,0.9336870026525199
1beca81d,5036,0.9068563346238617,8.154769966888065,34.767722482046125,11.641382832864496,28.141685081344885,0.5206513105639397
1d3fbf02,2694,0.7737333190305844,5.906372283901897,40.617288299866274,23.96082060321006,23.743520893283417,0.6406829992576095
1d78281a,4949,0.8214398466674436,11.881246003992382,60.78477856048673,45.855858356872865,40.21361268426651,0.7852091331582138
1e30dedf,4071,0.9404156043678833,12.137059232129838,39.15364117510002,12.843728964616707,34.99365700287395,0.5249324490297225
1e5e3573,5480,0.8077241963360282,11.921759172625736,30.588784181174994,15.707336103347352,41.82908823763685,0.40766423357664233
1f9afacb,5328,0.8720586131122792,2.518404175433652,33.37485232925004,5.0221570233733,84.21636348557772,0.5593093093093093
1fdbba44,4911,0.6553868312866391,5.835321753197851,54.199315998767524,29.46459732354751,41.32579184473522,0.8010588474852373
1fee2b62,4641,0.6626003204518288,8.271183690259376,32.40534159963052,9.047676819409949,62.20611212141339,0.41499676793794443
20096916,5133,0.5845109251838475,10.457150039432173,35.24804479394855,14.529170487389058,27.7940659334051,0.4823689849990259
200d233d,3926,0.771999739339619,12.776233899276743,49.06646767863499,31.936380185344916,20.010954153117662,0.9218033622007132
201661b5,5955,0.7704912511580748,12.376074593108253,56.902072018512754,32.810383329674025,67.95187641124112,0.9338371116708648
203721ab,5730,0.8033361381531745,10.037088673521446,43.148399904407256,25.935341828461915,38.91721758338886,0.7951134380453753
20402d71,6372,0.6782151091635039,11.661871660575386,42.91463881812539,22.664196615443643,26.79388859905623,0.9866603892027621
2043abc5,6958,0.816289478961314,18.043675019417094,31.24788360916144,17.84582764522729,35.083514271752165,0.32753664846220176
204cc64b,4805,0.7764133761385381,6.09488008126444,26.6884638806361,13.195669923283463,19.53043565830328,0.6426638917793964
206b6193,6535,0.8409626267420772,36.50899923584182,47.93713822362725,32.552898959002555,37.094633523197174,0.9589900535577659
2075c696,3188,0.7376933468321738,21.898881254260402,44.90669068684711,25.92425679191773,21.546231250886688,0.9190715181932246
22c5f93f,5172,0.6734361575675004,7.091232323797548,28.167656337954156,9.048613106397413,43.46383967529127,0.4323279195668987
230eaaa3,4690,0.7472258691861111,25.322864048616943,53.108881762748105,36.14338433892461,43.545354246584736,0.8110874200426439
2364716c,4316,0.8945964131503119,19.668009235301668,35.130309732281404,23.048816182391302,55.99400583713912,0.706209453197405
23b9beb0,7340,0.7649642040200528,5.499363741994015,47.01307424608727,17.456259081796038,63.73418228886266,0.7728882833787466
24d8997e,3442,0.8180783981994051,5.6395027824068205,45.445160678040196,31.78716607359236,29.51527613022801,0.8512492736780941
25050f63,6124,0.8527645750307054,37.996607342363916,46.99597111260177,34.23258251219144,49.225415150782375,0.950032658393207
25939962,4319,0.7784230136491559,11.099661933822553,31.122457628833434,14.823302916489876,38.5219606606063,0.3774021764297291
25fd32b3,2885,0.8270173360921987,3.1781649872704114,40.02132007121493,19.929726400147818,45.522934451869,0.7441941074523397
261785ee,3646,0.9274762750944161,23.57894263400833,41.304612543413555,29.875736801358997,39.61244235710989,0.6239714755896874
264feceb,5665,0.7882388536484738,10.863394363873287,42.8242937476704,22.19911143471139,29.735092431739552,0.9571050308914386
26623a50,5735,0.8080233805002561,21.675376849132046,41.51154797681681,22.39612877363731,46.44512564858298,0.7194420226678291
26d3a96a,4721,0.9056877578089286,9.063491001698889,45.709081796675314,14.992078711941126,86.61965864366832,0.682906163948316
272abef3,4135,0.9078928667661648,10.023016592838678,40.36093638263592,25.777807505808543,35.88698882352559,0.9533252720677147
27300fd5,5467,0.8721075893460638,17.389589831741016,22.849376852629963,13.026293945994029,22.578941294000646,0.9630510334735687
276b012a,4837,0.78912631761928,27.08665184488836,35.32989653665694,18.543498846571968,24.191078807275698,0.839983460822824
27c3155b,4958,0.8839590120686601,18.11085336032788,50.6710275566087,18.927083328391834,15.089755672660507,0.9655102864058088
27ebb9b9,5766,0.8633349401857638,9.988233062217338,49.726301106116395,17.487171578210116,52.882192539062544,0.7842525147415886
283269ac,2626,0.8447141047899112,1.1159494538507433,27.57763403851416,1.8402871973619714,19.114178625407803,0.32292460015232294
28473855,4290,0.8298129131371852,4.546502439117813,33.9522351866928,14.960959090237912,22.311938728779808,0.9692307692307692
28f4eda9,5266,0.785867035259154,12.159025419229918,39.108252992518715,21.261782309863644,31.214165389221687,0.7687048993543486
29b24409,5587,0.7437319502711063,13.756821410921399,30.9963550230999,14.625926598087995,22.569338998790432,0.4045104707356363
29de15c8,3431,0.8197711616143795,4.5857601721794286,49.72546449756591,29.708121234252033,37.51838174838805,0.9600699504517634
2ab29395,1852,0.6452650168194766,2.45945596628769,43.757527069865155,13.64699507862541,31.602895869236665,0.6414686825053996
2ac7cb6b,4990,0.9089150313119343,19.596293256603055,47.570085095277555,23.93251876399091,83.57899360679535,0.9603206412825651
2acc78d4,4266,0.795010096349499,13.626234402591441,28.6584499893131,13.759314389387388,45.13527952298959,0.31809657759024845
2b034622,5203,0.7820702500061495,6.805621396093291,34.30405852756516,11.098713149585336,33.477728170697084,0.6894099557947339
2b06ad65,4256,0.8314494835465283,2.7463768040476424,54.73380838292439,26.420897016010564,13.10063845532087,0.9607612781954887
2b547943,3480,0.8203553034452429,12.241457142013665,43.81323308829695,22.851603196481076,26.118253074228054,0.6436781609195402
2be5c96a,4210,0.88609756586607,3.6618588662445717,17.684259850522633,3.6618588662445717,10.41427835854303,0.22565320665083136
2bff06cf,7624,0.7815213660416555,28.427941006681795,47.46105808998622,30.600166538050107,32.087917749578295,0.4998688352570829
2c0c4a4e,4790,0.9027313902354723,8.04594018660484,37.77071936261092,24.640858882168498,36.619130110106425,0.9532359081419625
2cee0cba,5500,0.9420963044615018,10.665140786694133,38.78981715956797,17.31728522446446,46.07712844982623,0.5303636363636364
2d0c268a,4550,0.942905773863519,14.874791132341558,44.7823109237379,18.499102435012993,22.774960132411827,0.7171428571428572
2d179ded,7008,0.8319061318658352,7.749754286132607,34.17822149807839,14.736536208662685,21.046470415536643,0.5365296803652968
2d196986,6474,0.8029595517048833,11.991317360702503,46.69431169716295,29.667665939042692,40.637537896617545,0.9871794871794872
2d2d0c6b,5045,0.6964598072528638,3.045945300727323,27.144595214804813,4.589424092248427,36.20194439280246,0.37482656095143707
2d35f86d,4896,0.6308851064968758,11.216196779664774,40.590401837675294,20.19339301014704,33.02667912843269,0.7465277777777778
2d9f6cb9,7338,0.7898337923643097,9.908706063856238,47.37919581254592,28.56903232545857,33.033042587319265,0.9637503406922867
2ddad940,5331,0.7388273256602846,7.645816438023014,55.22832906037444,35.08384575790586,61.89561242646982,0.8362408553742262
2e29e833,5428,0.8394885163903676,4.3076518266215045,52.95481943923809,20.124490849347513,50.23399421577992,0.955232129697863
2e43c2ea,5698,0.7590838516232823,7.487396669090343,42.62966796085539,21.7020940867484,31.106573757377003,0.6491751491751492
2e63d9de,4699,0.883100164116894,13.77390817425645,48.02031929977421,36.12596243336004,37.20312506896144,0.8444349861672696
2ee0235b,5556,0.8323123508666098,6.80295371229703,47.50403947376132,28.223999980371083,47.981592259639406,0.8824694024478041
2f19d536,3088,0.6179747097123418,6.535598394413745,37.68154206551557,12.963485239187435,24.5177728784063,0.626619170984456
2f8e53c3,2594,0.7882857698863798,3.293055138227308,40.49283057276804,4.437293385679018,82.27428065703702,0.579414032382421
2fa01aa6,2174,0.7949448956709836,18.77741961251621,46.26791377585763,23.828737017846457,47.893270175995234,0.6030358785648574
2fd68f7b,4730,0.8879432147664,60.74015262396321,66.82033654101606,60.74763687605858,134.2098738864055,0.386046511627907
2fe023be,4221,0.8046336512766197,12.90931147808348,47.711920414180135,32.08576683448593,48.84035574090677,0.5517649846008055
30d75030,3404,0.8061563756542882,17.599318669377997,44.73750583480961,24.162622460681614,36.14920958612395,0.8017038777908343
310c71a5,5245,0.8685895110385532,8.843313479056066,40.67583122346398,16.33053475418,35.46326189848378,0.8375595805529076
32fe84c9,6408,0.7641567882517935,22.250821979444407,46.078311161245196,26.61372456822342,39.53524947967452,0.8481585518102372
33c40295,4169,0.8750492879401885,8.700789781165115,39.89828890285706,30.391226815945508,35.35776625292816,0.9467498201007436
3407f5bf,3638,0.8746608304060112,21.29388267466182,34.43365720226703,21.334208892033104,30.520964326859886,0.5398570643210555
3417285d,5449,0.8547658405157743,34.42198868150785,71.22612033506338,55.236589162516715,95.08107294673957,0.9018168471279133
347242c8,3595,0.7653978157770343,2.242023016039388,46.98413480224365,26.939303053061117,23.235855694912967,0.9429763560500696
353e5502,6062,0.8352962269881332,5.639360585146688,47.8061327697876,36.50079650925457,60.21779850807765,0.8015506433520291
357c12f9,4079,0.9194724978622432,5.624420852755269,50.381546975612274,38.2493561721661,41.79896150900428,0.8901691591076244
3584a6eb,4494,0.8087118637964064,9.108318362664079,55.13021456283001,36.81162622491249,78.21465995677546,0.7999554962171784
35b30c7f,9579,0.8409056056334524,19.15158789297762,34.05249306978373,22.7816181454753,31.8345205576197,0.5561123290531371
35b3ef6a,3904,0.8918815369291526,26.045383636758544,31.69449033826377,23.78715979002281,26.191171210155403,0.6152663934426229
367456ce,5569,0.8955258751824902,12.622377103894497,42.303835298540754,19.089385058847306,85.9096691541465,0.6537978093014903
368131f9,4991,0.8324349273634741,20.875783169531438,30.723740409731587,20.87580687597246,38.95298210184072,0.3640552995391705
368fe682,4936,0.6244012911642512,13.878502686940966,50.698964072081004,24.31720238988215,41.699825299685955,0.9639384116693679
3690a146,4073,0.902396404271788,7.130156510792888,47.243492307993506,33.084521477639264,42.13916719348373,0.8232261232506751
37344c2a,5197,0.8486047944847432,13.239300394199656,43.07985057509469,27.496659722969202,34.70498082597488,0.8564556474889359
373ef48b,3509,0.7807203324141072,5.207191387759596,38.258930532474906,17.8276553497453,53.07672415147213,0.5420347677400968
374be387,9965,0.8534222825793055,6.712762639770746,32.2930713267569,11.420678208301883,37.30350639931726,0.39126944305067735
37d36812,4367,0.8093289546467591,21.856313079076383,47.490590215198004,27.755622918108884,57.46891300569611,0.7481108312342569
38991fd4,4798,0.9031342760592729,14.86604108751415,40.10763385563039,15.151090240412389,22.49489087562899,0.7296790329303877
389ae58f,6463,0.7230296788220144,49.76304894845995,53.240900057322946,42.196216914663985,34.528848085341,0.8045799164474702
3932faa6,5452,0.7377118424663219,13.157974615537267,52.32791823419055,36.87644551228719,53.73924920670891,0.6949743213499633
398dce4b,3166,0.9331129708634013,4.559718484677409,38.1148313154262,19.694838019908687,32.80351750991648,0.5009475679090335
39b51819,4231,0.7429046662382652,3.160351282946552,35.892964542699026,20.64152024841973,65.1723060590186,0.4417395414795557
3a0af893,2927,0.5057251500995522,18.6897660134781,36.603799288375946,18.099645647519978,36.04841553270853,0.4824051930304066
3a223519,4583,0.7654667314449627,9.401162306681243,50.42520237416242,28.87431813503962,40.841522109404224,0.9085751691032075
3a7dd95d,3072,0.834231989011793,13.010388611275376,40.021336028016954,13.486526608710106,39.20147117168878,0.5263671875
3a824aa7,4201,0.7977984045799417,5.690131490731758,41.201486450053004,12.77317425607508,50.63851097451253,0.5282075696262795
3a86fe8d,5118,0.8779123958517563,11.634711217695367,32.508031572001066,13.901129278334286,35.42700522122818,0.5218835482610394
3aaa2b30,4711,0.8600239738850676,17.520232328990414,54.16303377352967,24.90941472717706,92.51508962155356,0.6877520696242836
3ac16ad0,5649,0.8148210250032758,8.880546118495223,39.59509855947459,19.838339130807707,38.7589579348861,0.7473889183926359
3b21ea64,7376,0.8790355753185881,8.368949948322665,26.611482795350536,21.25253512439535,15.996266037487798,0.9396691973969631
3bbe1f5d,6918,0.766789745644161,10.572803005133604,39.98738277138022,17.781051632757862,37.66658766074576,0.5404741254697889
3bfee975,3603,0.7490467891403849,7.840543276658913,32.48355919814353,8.786957955617755,22.170114446005574,0.39272828198723286
3c3dbcbc,5069,0.8419958888922097,8.29349171896155,30.77020683845716,12.4562507060988,37.45365701650567,0.43578615111461827
3d96d897,5659,0.8142941056221052,3.6092906343486293,42.40509496185746,19.916859700215518,35.93771893008576,0.927725746598339
3df4b19e,4988,0.8352840663047851,8.67249047497302,35.4596330975179,18.09415037759254,33.801735452296036,0.7052927024859663
3e011332,2723,0.8628622975574106,17.42146062278745,48.18558081820785,36.08975892348519,49.463678537062236,0.9820051413881749
3e678ea7,6858,0.7589327543834122,10.229911981746914,37.11464124743333,20.44254390760699,50.16232729464525,0.6071741032370953
3ef6372a,4727,0.7540080990044808,6.229379944022544,41.97174586280798,24.32134722814818,55.38336683270699,0.9653056907129257
3ef98781,3892,0.6120144961764675,12.433878700657393,65.08392994966371,42.290138018671215,80.6008580632325,0.9619732785200411
3f603129,5051,0.8377832581604777,29.712176284154232,43.348480694016274,26.32867410829711,36.0536439620463,0.6970896852108494
404c4384,911,0.8220498597494523,3.6011694039210935,26.28557328455882,7.470378504099218,15.436920673122565,0.6684961580680571
4121c517,3723,0.8887647433505838,11.223238561279205,46.76507728707822,20.396888274997075,36.82827465951931,0.6134837496642492
41fb0192,2973,0.6660074741556429,3.5577103110362645,57.2690933084216,34.2853416756744,56.64586542928047,0.937773292970064
42669188,4282,0.9560982071761769,23.030677799344762,40.34289581496386,26.125081798387402,30.32247786767255,0.9248014946286782
42c538a1,3279,0.8479240310198358,26.18883109705342,53.55988859150827,33.25570246968334,38.29580658840891,0.7569380908813663
43b06c70,4846,0.8192501666950404,8.769342298126745,56.93118412502033,45.806846447998126,54.44088484356729,0.8351217498968221
43c7f85a,5978,0.6807372540564712,11.180370167514397,29.31965314406789,14.628822128542012,26.8275924231465,0.4956507193041151
43e16325,3720,0.9046126765936923,45.776662453735184,57.704690647425245,43.211824030252394,43.117344233966016,0.839516129032258
44441e54,4357,0.598410997187979,3.668929750345109,37.66408713905544,7.917719880817021,45.4461559485294,0.5905439522607299
445af6c2,6041,0.8845592728597728,29.954468486977532,38.64351050399239,24.219276632862016,31.419578595772318,0.8392650223472935
4463446c,3256,0.6926381000762891,18.86029305975226,39.34729907935601,23.946166608447946,17.534115223844523,0.8022113022113022
44a94013,4903,0.7892360184168609,23.26260921867206,48.80442419105122,29.990484456983076,50.953936931938884,0.7497450540485417
45fb3e21,3649,0.7720888827679157,25.15963005414619,34.81508048355567,24.77718436614075,35.8553804243008,0.43381748424225813
460f859e,3336,0.7455779640101516,20.01206991533264,37.67812235139699,20.90074024755298,52.898553128714816,0.37949640287769787
4630ab92,3373,0.8503369807734645,10.880550178687447,39.81952758599301,18.09789554818608,46.40577245330444,0.7266528313074414
463c38f2,4460,0.8875591625536886,6.316346789980795,36.74541320328055,18.92725510078616,46.40514602475098,0.7721973094170403
4654e7de,5373,0.8387355956629821,5.262206132576318,50.260949187913845,37.92847264749861,31.595743287886375,0.949748743718593
466fc788,6197,0.875301123260411,16.96677982284487,38.91911655434886,16.9340543541547,62.16990051151041,0.5202517347103437
46a301e9,8226,0.9296484871417932,10.714122960128444,37.5773822649954,15.768785106484348,41.149218590281514,0.5435205446146365
46a7190b,4215,0.642559481963718,13.31037471543342,40.174424996752485,15.265461107456112,32.077983145837216,0.5900355871886122
46d24a09,4449,0.7504136577843403,21.034427197140683,62.575058333523984,31.349932928604744,92.60885973487429,0.7896156439649359
46d41ff6,7901,0.7794798435283544,7.152719312990992,47.53942131526216,23.728319517950087,77.5574242596423,0.6649791165675231
46dfcfca,3606,0.6092508840111106,23.306915931867923,40.40833848897819,22.77381867894191,47.718759538538194,0.4731003882418192
47222616,4406,0.8269531768129063,12.72802806095558,47.79474809757235,22.448398544402952,41.42138014140623,0.811166591012256
47ee27ab,6397,0.8918033595690166,7.811133847911845,47.42059396292024,16.08900894451349,85.97446318735119,0.8327340941066125
481de5fc,5952,0.7227663171555488,13.661013098019078,44.403087668796715,23.186990820569463,26.59239499188763,0.6283602150537635
48c1f673,2917,0.8674627137144444,18.480143096264484,58.902401639400566,45.47036025750396,42.09415688688652,0.964004113815564
4936af16,3991,0.8741190547120802,5.12683088404085,31.69366148658842,7.572235119208575,50.20132370320014,0.44099223252317715
493b5b31,4671,0.9284023214351004,20.806259253075513,59.984775598273764,47.62292124172784,46.499784349516,0.9529008777563691
49dbc14c,3872,0.5813848632204383,5.472416193779096,27.43704663493357,5.548452212327429,36.66083277508008,0.3261880165289256
4a035ec2,2588,0.7389771026089247,18.37817503927824,46.99680120161284,24.3785803727201,46.75692915943464,0.9130602782071098
4a335117,5015,0.703445853856364,25.01473417971471,61.105428634730586,38.43373814990571,55.92301342531844,0.7124626121635095
4a8ecc0b,5809,0.800857239941347,11.211904800768597,54.609559128268714,38.14583904111738,43.82180827544864,0.9800309864004132
4b462989,3106,0.9271713568859538,6.605024585467642,42.01864487572796,12.54458346618137,40.040747365421105,0.6033483580167418
4b831d20,7312,0.6639154174382734,16.40332593479727,55.59892846808991,36.71876253070223,55.59666616881293,0.9611597374179431
4c2208f5,5384,0.8360129844854876,37.38188510729996,63.41451778554572,45.499072076736006,66.84722321614277,0.962295690936107
4c3168cf,4334,0.8411293076452554,4.398564145674671,44.296317916293894,19.908962822535894,79.6700354977131,0.7646515920627596
4c3df468,5392,0.7290776773518459,20.730613836474724,39.68367585001166,21.570017766142442,32.18427227600854,0.49295252225519287
4caa7289,5396,0.7737312066432613,9.679853283039389,32.121286906874374,9.758585711513323,47.45609805187422,0.3876945885841364
4cd1ac61,4489,0.8188386935771825,14.744577751415134,49.55237594500907,29.725633950632613,45.34790056009509,0.8805970149253731
4cecf7b3,6019,0.7163649732486989,8.796914734080126,37.27425799758662,17.720100893065183,38.87064337878289,0.517029406878219
4ddde4c1,4472,0.9555055825968721,4.584881244279585,56.547421940027256,35.61355475628938,41.61397280511962,0.9246422182468694
4e050c92,3705,0.7821326560556979,6.760683545123174,39.51418518963901,18.368123293721023,35.06626524249034,0.8059379217273954
4ed93db6,4657,0.799756735963063,9.134304566059011,42.559699171881256,16.834478387937843,24.257591654740505,0.9626368907021687
4f3eb9e9,4697,0.8392285506870225,33.07892812639342,53.16073330585625,33.53247992564566,80.5660800906111,0.9501809665744092
4f4ac5ce,5162,0.8777221307554455,8.250612102027123,29.76553466273081,10.327831118026603,20.977502439088024,0.40158853157690816
4f4afcc6,5645,0.8529005168928531,8.324204115356522,47.629392106139086,25.35009835568771,31.729975439350028,0.9273693534100974
4f69febf,5460,0.8948429874745945,14.941245790403045,41.2426918128174,24.10429037168166,35.81430822666526,0.9714285714285714
4fbe9c06,6287,0.7307265967262934,12.700621635010842,31.000738846077596,15.31771472759263,45.25873373564758,0.38539844122793065
504c8b08,6367,0.7788940349294493,20.6567768266876,43.6043332036192,26.814828440276333,38.145221390992155,0.8140411496780273
511e1db0,3821,0.8786246898591089,2.646655635093415,40.23274321579889,19.693049783155523,39.77091843652206,0.9432085841402774
512943b2,5029,0.887399205790587,4.032978673574936,22.86165094678703,4.032978673574936,55.149810464347006,0.2286736925830185
5138a660,3559,0.68622079305931,5.4780109058052355,37.655599707385704,21.42997020885895,44.01287931825989,0.6125316100028098
516088b7,6645,0.7930715930462339,6.371603205164532,36.00617922179459,10.49261514714201,15.26482144029904,0.4078254326561324
521a7819,5200,0.832927889895152,25.361861575542044,40.81428315082087,25.89984705330548,42.58877345615843,0.8421153846153846
5254b6db,3274,0.7023912461797022,7.293881229520888,45.31194044088194,19.167809352231263,52.45446116102315,0.7800855222968845
529e88ca,3417,0.925812107350535,15.265625031718603,36.2372461860743,15.418188694217523,52.428904169553974,0.45010242903131403
52f1e77a,4442,0.7333244514868753,14.174880875648114,59.82061203879555,47.370634971564336,20.402477507674053,0.9376407023863125
5305524b,4898,0.4718230183952416,16.63490369332069,37.80337400575291,24.488130524945134,55.31017510412463,0.6455696202531646
53134831,5126,0.7533144958464553,17.343954276390388,34.33815384156552,17.990324822040957,26.70296042089739,0.4206008583690987
5397ceb1,5255,0.80500222257698,9.25091584943266,43.863942348407456,27.61065614451624,30.27918258319971,0.914557564224548
53f23031,8550,0.8704657198763989,10.66798407051043,48.235910586341625,28.018400124420733,38.62044751164823,0.9589473684210527
543198e8,6503,0.77055755269403,20.51495618405221,44.20216949415674,23.73758836171445,37.667448642925365,0.7244348762109796
54753541,4026,0.8270350991392315,16.22277834812335,37.25694929893064,23.012441754067538,43.52921856839803,0.7014406358668653
54a7e3c2,6155,0.8650874324570769,11.037762426443331,40.09246110430814,20.62929863512266,28.23471078526439,0.6554021121039805
5542c301,3591,0.8669565877416793,5.501114137426537,34.30734168772971,9.195154548343368,70.99055207160148,0.518796992481203
5567d551,6889,0.8461454518142509,10.289492216812466,31.57865818385428,10.515287486544038,45.07451050619024,0.3380751923356075
55efee7f,4801,0.7228643604832395,25.83515609352923,52.81794591978322,39.962099517600265,42.73761724945357,0.9889606332014164
5663b2b7,4972,0.8556913210785028,16.28409405856329,51.170983724193526,26.29214325120252,34.111867567315024,0.8433226065969429
5693dde2,3488,0.4276083292995433,6.95783505375875,36.31073361618334,8.548368857297172,67.77398559092211,0.41255733944954126
56b00794,6065,0.6079622012441167,29.944728017238926,34.18173679160702,25.563524979904702,33.78361223625453,0.5685078318219291
57796579,5890,0.8982909108136761,12.813078334954168,51.538964097280335,29.652289794970724,31.34420759776981,0.93276740237691
577eec7c,4539,0.8946469657880622,18.875287599886814,45.085274009572395,26.260813849966816,27.07309783721861,0.6576338400528751
57f05c51,4771,0.8975919474712971,36.3244551404309,61.51806499602479,36.34738376702186,22.122568490978363,0.9419408928945714
58850d2c,4995,0.6038721001198497,14.887955622671049,45.768235740552676,28.469060122952513,54.46641640420192,0.977977977977978
58fa8486,4475,0.8157576757215494,11.865701003853058,49.77887651869724,22.57380789257666,41.140298909840524,0.71731843575419
591cc951,4609,0.8821552776428246,15.021994805073081,46.8100519739725,31.501271697355847,38.15998871670078,0.990887394228683
593876b6,4842,0.8488989374205612,12.278386863654298,48.683882545060925,22.826308048303858,31.79226400880327,0.9640644361833953
59f8b2e8,3747,0.7746839923297718,6.235385931133263,45.49730997746379,19.045401952923495,35.36990529400766,0.6626634641046171
5a1a8fd8,5260,0.7468895591336995,13.165282167987698,35.02278908543967,14.007769218511744,61.70474155077482,0.4695817490494297
5a5269a9,6513,0.7841802642128238,5.863105043604518,41.51459393676336,16.52944402082659,37.28032413510616,0.5366190695532013
5a5d1982,3894,0.8727589219317186,7.106652935637849,42.4425331139521,27.038421380792265,40.89991945816793,0.7159732922444787
5a63b5d1,6217,0.7323347402390575,19.44924550712061,34.30863719554038,18.802455062852363,44.584564847393025,0.453755830786553
5aa03df7,4871,0.8713633461204868,6.58601427636249,37.622104170462045,9.407743154799705,48.431033513284135,0.6680353110244303
5aa403d0,3118,0.9307435511988623,25.684478606280763,34.30949457780959,25.458276950065315,21.59581304521802,0.4207825529185375
5aef5c6c,3121,0.7947062771196938,10.926258823623487,24.631455004705455,10.672998696969834,42.5347982182601,0.3492470362063441
5b7b6324,6564,0.8150284445089732,17.673226229685234,38.260794106316546,18.294637794426354,51.0186049724644,0.45978062157221206
5bd25f59,4210,0.9569643080121645,4.338412715856817,54.02832747097721,38.42916001091979,56.604022570938746,0.978147268408551
5beded95,3057,0.6976740214044852,16.64432832796459,30.572971184144894,16.857621223851083,60.883189625701945,0.3765129211645404
5cb483ac,3852,0.8722350478009188,6.114075023717169,47.55001889140721,21.66070838515221,45.28877276805923,0.8805815160955348
5cdd8dbc,4010,0.6795720675770102,17.231660513857207,47.64114278290167,24.55102233372182,40.56158750496197,0.5802992518703242
5d11dfb5,5895,0.8320501165351828,9.758377072411292,41.7739585466209,12.695758570592893,58.12755844831306,0.5041560644614079
5d7198fd,3368,0.8181095773083614,13.36645546990557,48.052994177327015,32.37975939209299,53.13456000331544,0.958729216152019
5def1ce5,6443,0.7205810394627638,8.052417616706911,46.065372826683316,21.286798414999375,37.05801884668411,0.9728387397175229
5eae34a8,4904,0.8985745417014044,7.397484649492449,35.8670540276268,17.025423658590125,19.420510953560896,0.535889070146819
5f4d2a52,5225,0.8236838947676636,56.914917258531396,63.664831163835125,50.21102050575829,103.38840056841838,0.7848803827751196
5f6756c5,5931,0.792933260535367,8.573813859683462,41.4695524163111,18.50773069598455,24.996642482347774,0.9676277187658068
5f75f796,5562,0.7604362230789482,9.239915906257119,45.866606668289826,14.554442348959668,45.66767789886559,0.49838187702265374
5fb1c15f,2860,0.8639458195292673,18.291082508578185,37.06790338788207,21.265786547467798,31.01547589172497,0.4762237762237762
5fffa282,4201,0.8847631815225523,5.318148657346763,43.49340994852261,34.49381520136491,34.992761907742484,0.9200190430849797
60e37807,2699,0.8087418336990204,20.874268055180604,58.151442055979935,45.06833817374215,68.7300012622476,0.9740644683216005
61f27424,6220,0.9052270051942857,2.8150009994687166,44.7247188724025,23.999717884194048,20.705006130366485,0.9234726688102894
62569ae3,3588,0.8891568567568392,8.163464251076302,41.538338388143735,10.919899611492962,30.758496977509925,0.6875696767001115
62a6f539,3693,0.7662473370796814,7.864940463331049,24.267123290294506,10.334559159666277,41.506076491312456,0.3000270782561603
633774dc,6233,0.8779459966020572,14.212429924790966,37.33873575512187,18.621083337591003,20.810869399803632,0.6358094015722766
63559d57,4069,0.8601029383030612,5.894220519880757,25.556556669342477,5.915162458944013,17.791977412882378,0.34136151388547553
647f2a41,3881,0.767949038867535,6.546227092935274,38.78675030505914,17.59920342576146,53.59262193862251,0.5655758825045092
65156b96,3221,0.8617618632690404,6.076781706471203,46.067631719445195,29.906486462579945,22.62050640589173,0.9497050605402049
653612bc,4605,0.7752937507169998,2.8332405605306503,50.84873056173039,32.330952244395185,27.778307238762046,0.964386536373507
656a067b,3051,0.9046439023764766,14.667037832749068,42.744953943251055,23.544118650772397,34.947816547656736,0.7958046542117339
65a5466a,4683,0.8522899342391695,11.991020361693243,43.13277265485205,20.45116950972755,59.05556455501363,0.7253897074524878
660d9546,4732,0.7705969103574078,9.433757519583331,39.39419495608937,13.732027352555377,40.704251725039164,0.7918427726120034
6767c111,6783,0.8529365095431001,17.475154063370617,55.62216070565441,25.441982612253433,35.90943269236867,0.5179124281291464
67847288,7429,0.7365755827456913,11.461290028070946,45.69820779151029,17.061893873388872,57.92210282205875,0.5335846008884103
67a8da4a,4911,0.8146790420153026,14.48691836331104,45.907891228540656,23.26258321435797,29.220937913476874,0.8120545713703929
684a6fc1,9818,0.9361452022009703,24.030978453294004,39.41748526235823,21.924107189210503,37.17127708418525,0.4977592177632919
698930d1,4741,0.926168070957464,10.389172214568049,44.881680014546134,27.04743984818725,54.483683397023924,0.8510862687196794
699ea575,4120,0.8437488888803714,10.392889600471305,32.475118203107805,11.271903655309211,43.24867203051287,0.5492718446601942
69c1bdad,2714,0.8151812729542556,9.789958199101882,32.43251894664914,12.47668745186598,40.383221132568835,0.5913780397936624
69e41fa6,5772,0.6274504720347469,5.861732687565972,57.918308617945335,15.860148001492432,55.445897226467864,0.5557865557865558
6a0ff78e,6465,0.794284331236599,11.350827388917207,46.67612647595867,28.723221816295595,33.185051612874,0.9597834493426141
6a8fa194,3017,0.7856235894388324,8.348329338921092,52.239540875899095,21.56128675449946,18.80153553080745,0.9439840901557839
6ae68655,4204,0.7082877736810115,5.259877371830794,48.264069440211934,23.9141759903381,56.0123182198744,0.8011417697431018
6d1d74e1,5830,0.7631896528922201,11.887571200184345,40.108904545313024,23.98289969299763,43.133755143094476,0.692967409948542
6d590e26,6096,0.8506390311838662,8.629685403348205,38.038406591242136,14.289251795665184,48.14686281541651,0.6678149606299213
6d6d93af,3595,0.6477673388008486,32.195372520142506,44.06048609037544,30.198587142388043,41.03603624137358,0.5643949930458971
6dbe4b60,4648,0.8545232205490544,8.699464045404161,38.54629840153799,12.339215554971355,28.837486308410757,0.5
6e6d122c,5632,0.674302661550997,9.11700946941914,45.7333048099386,24.25964758338448,51.60011668652701,0.7127130681818182
6e9ccd38,8282,0.8756182616479756,12.23949279951463,47.38701197696765,33.79489864804627,32.441007023612976,0.9611205022941318
6ea22614,5971,0.9554369132916368,6.4753183432909225,38.94066329188274,9.851281965090413,66.09944434073316,0.5538435772902361
6ede926a,4938,0.7398543551289596,7.686767373145472,37.76486906558419,12.98497649597654,35.580030944974155,0.6409477521263669
708caea9,6548,0.8936171033700891,34.916458237909005,60.80492448867855,43.264375257800204,58.29279872336227,0.7829871716554673
70925e23,5947,0.4941474148015054,14.784803005082047,55.02030282162033,32.77717772403089,67.39584973368106,0.8819572893896082
70e1788b,9285,0.8421667305036075,7.159206283115686,41.96350070368967,25.866314576252933,41.88933518948637,0.960366182014001
71642c7d,4648,0.7349085489229213,11.901230993511438,52.080463081554186,23.74501252097643,34.85665480117966,0.7310671256454389
71ccf778,2698,0.8546008125265278,5.388651839136806,61.09519264996987,41.96576382784543,17.330016553896712,0.9540400296515937
7224331b,6063,0.7966271951089515,4.338260107312621,29.670220983526473,6.508926438957712,62.011782712114446,0.29143988124690745
722cf0d8,5143,0.8862542735736582,11.127293106426961,44.218697321447124,26.773325289078386,41.43930089049306,0.9622788255881781
7256229b,5415,0.8292985154430116,6.6453924693055635,32.56247130470913,9.794949142188848,34.776469715492496,0.33573407202216066
726f3dc2,6723,0.8609833233938842,6.931383638655225,38.76893324623867,14.74072429409632,33.52767395797516,0.6336456938866577
7271dd80,4340,0.9579500110628143,8.313957865645467,28.98172551496713,10.943235511320214,14.663932099143482,0.9578341013824885
727a3a10,4397,0.500311245063719,12.36395803493887,53.74276936540356,36.23439550768807,83.95245758152423,0.6702297020695929
729665c0,4263,0.7680926993741682,8.662513145164612,34.40556078253873,14.458600136999873,38.02099540427332,0.44499178981937604
729e9750,5919,0.7194311646675048,8.825983755646552,33.08802900123151,11.179018329861957,31.29702753979177,0.4279439094441629
729f4217,6195,0.7154149884174426,16.25171177822061,35.28748783274899,19.208861373184913,45.22859902341282,0.4698950766747377
72dd8501,5193,0.8463208176517626,6.0720820352358595,26.734469679694335,6.7934648553589625,37.6370539106731,0.45291738879260546
73348914,4221,0.683284370980285,10.691729206195715,51.20299720931624,16.96100823243122,57.542838224788966,0.7749348495617152
739a914f,5505,0.849196714308232,13.540022100878758,35.388285167589515,16.21201462781435,40.131874513771656,0.5760217983651226
73b1447d,5670,0.7523491680881264,13.404843871674935,48.22467998710696,23.971531086433554,60.26840030692294,0.6156966490299823
74b6186b,3405,0.8233554817500216,9.007196786463387,22.400549522575652,10.049377467733489,18.936141371569118,0.3594713656387665
75c20ec7,5361,0.8121513021115516,11.054465755153933,26.5129691795105,11.220266089749533,36.95842114343397,0.34098116023130015
75cd5f11,4946,0.7854470890512589,5.260066074409697,37.390523491754585,14.234063581182724,47.05363854628833,0.7226041245450869
75d20a82,5067,0.844949899196019,17.230705080539593,53.99385138868768,28.793691567550486,41.3053588323024,0.8488257351490034
76201745,4448,0.9673287416865924,7.881811891978768,35.132649869430715,13.459388086123175,29.87966306546311,0.5069694244604317
764072a5,2949,0.8452147816764705,6.358306065218297,23.700944284699663,6.589494943317359,32.2980527902017,0.36012207527975587
77b0d905,4174,0.8750287509793946,13.048365351893997,47.03264409702113,20.983724328712526,39.22277888723331,0.74436990896023
77e4821c,5393,0.798407239180762,19.218605395377665,44.015406483191875,21.961948451129967,30.911321217901765,0.3671425922492119
7850c72e,5497,0.7981254580623506,12.350659981673207,54.23945673920367,34.85518330022702,50.64025588950372,0.9525195561215208
78a4a386,5119,0.7315376148834476,5.866186376682608,46.34274007993946,16.329802712591377,86.9325871440632,0.776518851338152
79507629,5302,0.7431959651483613,12.57032003546627,46.7153883853648,23.331124692221767,64.1943126985303,0.8949453036589966
796dbd4c,6248,0.8689648045718815,4.867507118040292,36.3418251625586,16.587100666322886,74.79144095810065,0.5992317541613317
7987f2f2,3705,0.7788280661252021,12.030471815010397,29.62330694183293,15.289725445001629,24.956174347377317,0.538191632928475
7993a768,5487,0.7444844417800863,8.94458476658435,48.172777475110045,23.17514050791273,19.51222754213148,0.800619646437033
7a5660b0,4998,0.7967511117967311,13.453411559639392,49.418298049941555,34.030859027160126,26.322971268581483,0.9659863945578231
7acda2df,3091,0.6474434313592371,13.841227690699123,58.135808948889164,42.96407094843349,51.8902470285815,0.8864445163377548
7b2c7b3c,2584,0.7760285005087807,6.17273385674935,35.92646751614803,18.769472836630218,14.581633399079028,0.9597523219814241
7b38844c,3749,0.8251674561395193,7.388349907150671,39.59810867978757,20.129933666586616,28.692299590218894,0.8498266204321152
7bb17b96,3922,0.8411695498544846,17.009046194531738,38.33310110347275,18.048189734781893,108.15280299059272,0.5525242223355431
7c607683,5328,0.820725990645749,16.864753655466934,36.665003191432675,16.896690745953606,41.91609755873333,0.6362612612612613
7cbbd047,5121,0.8669508823832622,12.532698729088267,44.041739026177254,18.475703685502,71.67275361434059,0.833626244874048
7cd4bb31,6439,0.7999047846424444,5.9143797077311655,36.179488672529416,15.779747737371155,43.66996041374091,0.6606615934151265
7d50373e,5122,0.6467854610950489,14.288140886490114,36.246885224271885,17.852782614790907,30.395603746566913,0.7155408043732917
7d57c75d,4405,0.9655245398972591,14.198113996829493,46.94914664498598,31.836301954078145,42.38484205553505,0.8989784335981839
7e208414,4226,0.8258813373544103,6.381931414565357,36.4025020505068,17.903688686287136,38.37291043685863,0.9074775201135826
7e721392,6174,0.7726882382974999,40.331826473951956,41.65306420105511,38.62098320849595,46.28552985916897,0.43278263686426954
7ff89f8f,7337,0.7667516826221565,14.155555516103233,40.42133631673572,23.910766473127612,29.614283958806357,0.7891508791059016
8050c789,3077,0.895765047038398,7.786449457719408,49.87094121437966,24.922844771118054,56.87845305049226,0.7510562235944102
807f0298,3747,0.9120602672826422,8.853825493010934,35.915153017256706,15.201315700048271,37.841018006853176,0.5585801974913264
811f52b3,4836,0.885199777476249,4.598301010999275,43.394948696284594,25.500925685042002,49.13831204349463,0.9317617866004962
81bf5923,4543,0.6805107018674627,31.31927935297995,71.13119384284448,50.910690126331936,62.221483321139694,0.9167950693374423
81fc01c6,5909,0.917185634053878,15.007610097527794,36.37070124408224,15.71306428108072,29.502044681901374,0.8231511254019293
8255c867,3589,0.8532518166979797,25.379544413656888,48.16014592803296,28.165163893484756,45.73076571071338,0.770130955697966
82aab6d2,6140,0.8256116953602921,16.359385167102737,51.93625107021139,18.126218990346885,22.891979328430878,0.5809446254071661
82fcf37c,6014,0.622541632971764,6.562385974432521,29.09120420485332,7.51489305925647,36.57943055971723,0.45161290322580644
833af382,3628,0.6384887512902856,11.932419080398546,45.24953660943113,19.408197802061057,55.668758431932226,0.710308710033076
8382f4b6,4967,0.7464095359646755,35.957613544757436,37.895850461528795,36.0810116553528,42.53527317986354,0.3440708677269982
84633df4,4972,0.9111133445065133,4.736172446701271,36.20541617074108,12.062364093082369,89.87309107847643,0.4320193081255028
8478df29,4857,0.9122783414327919,14.043024034272376,29.89465002820454,13.969555099308382,38.219476059430626,0.33395099855878113
84815d5a,3647,0.7864388766593028,18.796385252137515,39.08832600518443,18.40096378360706,50.61702522915641,0.7214148615300247
84c3b497,5312,0.7910453766262481,18.960394713110585,49.89772566598384,32.74199546654127,61.018767338633786,0.8213478915662651
85380836,6618,0.8166774455133292,14.16579981313258,36.46111503271467,16.42806679907686,36.60709912085451,0.5882441825324871
8612b37f,5165,0.7546845879288797,19.617069448970486,47.126953157004934,22.095988484024815,56.25317746791886,0.4176185866408519
861e71df,4700,0.8979240838373775,11.539564677986593,45.97199346063521,24.087170092475098,41.32101291445505,0.8482978723404255
86454a6f,7964,0.6349635589529772,70.26338513734783,67.94084129240524,70.10681569133388,50.166146266086,0.18822199899547964
8648abae,4244,0.7948532806533091,6.857839767871924,46.22437358894019,21.468981467890153,83.25857369376573,0.9498114985862394
865033f8,3557,0.6970724303480975,5.940308678128904,27.671084958142757,6.244249294750352,46.33130672626422,0.3410177115546809
87695469,7003,0.7436515482802588,7.051593014629924,43.777077670547534,18.803402074060028,20.176727195455996,0.5587605312009138
877ed19c,3708,0.808975320202405,3.961990141908008,37.48539626716474,8.38910805471105,37.45519946212491,0.6960625674217907
87aa3730,5607,0.5201070211367869,9.116484132166912,41.754656363742406,20.46146645279766,50.90134855673151,0.7674335651863742
884ecb5f,6724,0.8389226275317917,19.928910115404566,46.62430495930987,26.640526445084905,45.94689105338628,0.9610350981558596
8902c3f6,4959,0.8808337018632508,8.832044207317482,31.00888676685854,16.53777663104568,39.95685472864991,0.5168380721919742
896d15b9,4279,0.8123216008600737,29.78460727060298,51.28368609623049,30.18705821132714,104.13915683870471,0.3379294227623276
8995c945,6724,0.8726874893347241,17.049572930743697,45.10211582678078,18.861626876452938,39.27700446690073,0.8787923854848304
89969c7a,4947,0.9116125520559243,8.235332474787521,38.19019423171179,15.265359205460532,85.92653754220795,0.6183545583181727
89f1085d,5994,0.4621091621941687,27.630506752261244,53.917750128589034,27.5462814614917,72.07639980760678,0.6685018351685018
89f36adf,5292,0.7886524478315576,4.477972454313123,26.36542434456995,6.465283032774184,21.904923695917308,0.391156462585034
89fdb2f2,2031,0.8415511600843112,1.6866180518953557,32.146753486538394,3.628679120767943,73.26179827279972,0.465288035450517
8a3da6d1,4593,0.8576089488393671,9.412246097229765,40.852351462415335,18.24593127818203,90.79561646367107,0.539734378401916
8a89da23,3935,0.8366892709042988,24.252456304947117,49.74948168374989,32.03094000749349,44.667559616106644,0.850571791613723
8a9c8932,4663,0.6341202378376543,2.3969295087935425,51.90385686944741,20.81649780460771,51.130732935539534,0.9547501608406606
8ac2f237,5319,0.810355999075842,16.45119897844976,47.909911602127195,30.42961089643036,47.16808890272239,0.9576988155668359
8b12bab6,5234,0.7594382954367597,15.811256392108719,29.74145259024978,15.990595337964454,28.476965925909884,0.4172716851356515
8b5be31b,5672,0.8847663693545309,14.42858472653754,30.286805851588564,14.784937361930325,18.127869805878138,0.40091678420310295
8b95d6d1,1731,0.8421914810428355,12.821591683060278,26.853202172138612,12.723973213526335,33.209294827945214,0.462738301559792
8b9d8326,6163,0.8341951744265315,6.582552988433189,30.952895974682857,13.86093138364105,38.7354068216093,0.3436638000973552
8bb9c1e6,4546,0.8520185971551509,5.877089429163017,43.290945155633885,19.60431699194417,50.22191952560046,0.8787945446546415
8bda1a11,5981,0.710537964280568,12.860573075338545,37.730724838074856,15.747916460514665,46.96917991241851,0.4527670958033774
8bfa881d,4089,0.7160032641123499,24.907656478671402,43.237155015192336,22.79617333101234,32.031651415727495,0.540963560772805
8c167025,5368,0.7805852028899493,12.842100494100917,40.72597494279267,19.385020030995,25.857380132588286,0.8671758569299552
8c8348e8,3888,0.6806305008935108,6.541121071059431,43.87244639784874,7.926805646813148,24.65247729498651,0.6926440329218106
8cc21f01,4044,0.8240088858338614,5.692405675014437,45.11559886343261,26.43828105781097,58.30180919292452,0.6535608308605341
8cc800b3,6576,0.8631321831589777,13.894631430456734,38.93711931288988,21.733005144047965,80.88453708128144,0.9606143552311436
8d5d46d7,5755,0.8195720154926829,14.448678432466647,44.14848839789739,23.71761563696982,37.00501610889809,0.7176368375325803
8d92cb49,3589,0.7782800197518556,7.261615385751236,34.49907488714871,15.059740811610647,22.9252376027345,0.775424909445528
8f201368,6349,0.7856540153458039,31.179492905922075,46.003972019783774,30.213269853755886,75.45785731792694,0.5052764214836982
90386ee4,3840,0.7337274928910595,10.152954610245539,36.16099011459318,19.254262050501218,41.63030084271809,0.4973958333333333
91abc4c7,5848,0.7454706199157175,7.02683994774031,35.699810255677924,10.290356250953801,24.11510020647911,0.3890218878248974
91b301ce,6570,0.7948811805267254,35.315076932980844,50.15727211934053,35.70653564407605,44.96288788987291,0.8534246575342466
91db7070,4073,0.8224678499923092,40.80747690976154,55.120127009530385,43.86808154365356,55.723318897624495,0.6663393076356494
925a7cd1,4517,0.928427313756573,4.612563792738408,29.99875781134293,18.038184776434385,26.03707060338211,0.8253265441664822
9283ae69,3371,0.7812355517800263,6.173284378497139,35.75063708111697,15.043615441747566,58.66284009624715,0.6185108276475824
9298ad5b,3964,0.8076628712203253,13.089984763550598,31.90767065803127,18.819235489779466,30.374141436625187,0.49747729566094856
9314ff13,2748,0.7934865987267683,5.189815774469084,54.58272662529368,25.960802600307275,66.72077798879029,0.9585152838427947
93209a3d,4697,0.8342403267325205,13.65809981076041,32.19232557374922,14.120555235454937,43.8525751422218,0.43517138599105815
939d9c34,5101,0.832367517958389,15.729081869192102,38.615700341444295,16.053479090943057,64.26682340714268,0.5651832973926681
93f5d2e6,3691,0.8629776278542146,20.10571368100563,46.74392461345952,34.62891481184181,25.114412140347262,0.6648604714169601
940a48d9,3963,0.915283584234139,10.06328128166555,44.85038451049611,28.424795623854454,39.001461097976154,0.8319454958364875
940e709a,3348,0.6385901777485871,4.6519560575408425,45.030868535785814,22.288607651297056,38.875683743943945,0.6164874551971327
9426ec1e,2532,0.7818870387490935,12.079413246018726,45.07321068577754,19.400889440898062,48.351939446342406,0.8479462875197472
94467f50,3035,0.718538989918725,7.795325573109472,37.220391175297735,26.299419932090153,47.98198450668081,0.7795716639209226
944f36b9,4630,0.8024180785325498,6.513075857645095,46.81143222937159,25.053065269018052,18.29463373916258,0.8416846652267819
94d813a4,4847,0.7980442127606224,36.730942118502206,49.00247426817082,33.35355908182549,61.7192528407413,0.713637301423561
95b559e7,2887,0.8834448649687194,20.38335913388356,47.43687727311223,25.438950168193863,47.54329658012344,0.6976099757533772
95c8427f,6335,0.8721266795789777,27.215687207592826,41.96692760943471,25.549856409409365,32.05523650518453,0.8001578531965272
96936c22,3346,0.9430605019252758,4.079825343764616,26.2716393362316,12.153453554175039,16.194974940683068,0.7976688583383144
96ae5806,9839,0.8503875410335285,8.450669041365172,37.76103208615714,13.122908467602068,49.84545295972533,0.44760646407155197
96b7eea1,4332,0.8205213720823774,12.405056848354107,33.044354534783984,15.464499199884628,42.59319293659141,0.6144967682363804
9719aa04,4871,0.9341132534451126,7.07656345543121,55.92176490568103,35.222626478062445,34.87896558352325,0.9568877027304455
974802e7,5843,0.6837081227258066,13.80511563998303,32.68781015464016,16.535467850629146,28.90735792885323,0.43231216840664044
97cd5bf9,3449,0.7501302119686593,9.273936692075774,35.6555329862165,9.662836406689403,25.227199875712486,0.3667729776746883
98177ced,4772,0.9456048173807999,5.779865915399804,52.81502284718515,40.11218947904729,41.56078320216338,0.9553646269907795
9896fc0b,3595,0.8841280617123152,15.814766850712997,40.901751504471115,19.719209428896722,52.47913584409467,0.6027816411682893
98bc6f66,6063,0.7739432322458354,17.645391862557158,37.51895168964409,20.015195343735368,36.04198100326377,0.5726538017483094
992c99e8,4904,0.8351210296448982,13.77905931963707,33.70539427725169,15.338182459146488,33.90094070658204,0.6213295269168027
992ce078,2879,0.7859304152457818,5.02484380821733,60.37321496465527,29.86517938679594,46.407060591397155,0.9614449461618617
99529c45,5840,0.8818731046701981,21.675545088419643,35.534239730663934,21.924892050779498,15.86737368591111,0.43304794520547946
995ff498,4526,0.846900024789116,8.343710199277547,31.50035671823487,9.64990978392164,52.478010512823225,0.4372514361467079
999daf80,3564,0.8198265200018515,5.121625403452367,53.34033419092276,33.91095231314667,32.30140297750818,0.9194725028058361
9a6b0392,4255,0.9494042300386529,6.974051133501153,28.044738268690203,9.199717828912314,48.249869153698,0.4970622796709753
9a8ae0d6,6294,0.847677014779982,5.937216688673599,30.110534562027663,6.09689058596991,15.883984082517346,0.4888782967905942
9a95e33f,6447,0.8593759322703852,32.28932813245856,45.54572603929734,27.679312023315997,36.43563678956644,0.8467504265549868
9ab94eeb,4442,0.7620663787629229,8.205724523051869,30.159305381267913,8.872300309785809,52.187529497708795,0.465105808194507
9ad5410a,4205,0.7050902155372292,8.784377249544983,41.99184125444054,26.00340116691049,27.008865976410952,0.9198573127229489
9ae248be,5271,0.7728887990637747,8.107003944596206,49.1287615255112,18.59362586847521,43.56863548763765,0.679757161828875
9af1ffd0,3525,0.8132002927452995,18.128053838502368,34.45753712977255,19.958404435296035,24.72372813988131,0.945531914893617
9b5b61c1,5532,0.9257549495328712,5.429982209622746,40.29122038342262,23.482842059765606,35.51880605417484,0.9060014461315979
9b9e3b49,5118,0.8117695728239258,7.923721572593473,34.61271504985315,11.203498053737318,27.688267205022257,0.42243063696756544
9bd2bba3,7439,0.8409196967343027,15.673287472863077,46.91766670468572,25.895656112004097,31.376889915278007,0.9623605323296142
9c211c53,7265,0.86518458848445,6.466506541772609,32.83685246184275,11.513943551988636,27.377880639054077,0.5197522367515485
9c350a6a,6052,0.8510165022401295,17.397946606336834,37.33011322140519,17.5031108135854,37.33629750282566,0.5510575016523463
9c8375f7,3674,0.715299930686031,5.917156069883692,50.31406886577737,30.3260987784502,43.07707850992791,0.7229178007621121
9d072e4c,5107,0.8039743799626222,9.990804668905984,44.558977536378734,21.257904924380775,53.29062830687752,0.8537301742706089
9d3ec64c,3480,0.9269308685552469,9.187876827833358,35.177043031862624,15.743573657027515,20.310636124918755,0.7948275862068965
9d4272e3,4030,0.6928995427029532,17.76831335353228,43.84705831301242,21.198521160205296,39.1978508693923,0.4630272952853598
9d5e14d4,5400,0.8197803961165283,28.543156532728414,37.20371152880465,28.71787476726183,35.056587530680716,0.4381481481481482
9da441ba,5783,0.8049411669258695,15.618529769468404,39.76048623561522,16.70616448966459,35.25675654369929,0.7943973716064326
9dede370,6297,0.8296182788620997,18.676124657054373,47.6941418376977,23.575251467107382,42.92337054846615,0.5929807845005558
9def2eb2,6003,0.7937628166661282,7.253592864593499,41.442475682420536,23.087509668621134,33.657028621506015,0.8762285523904715
9df1b1f9,4701,0.7926461195718486,12.592269852167446,30.875219796625025,12.53784653371805,40.84333344782652,0.31440119123590726
9dfff011,4319,0.8019964563675683,4.8459695911212535,31.743679735846882,6.43593729304489,26.98122818453402,0.6272285251215559
9e3e364d,4290,0.7245286271818785,4.097267023631261,38.3675148243866,12.507781600245444,68.31747313480243,0.4813519813519814
9efc812e,4450,0.9049748997290068,7.747022854046375,47.69004210430234,28.154801906682135,45.33880857611026,0.9770786516853932
9f0c7bae,2542,0.6996635004479084,7.898258335635161,52.1401933489942,17.629159046926,35.08746958267556,0.6797797010228167
9ffce529,5212,0.7463821812504139,11.084878093703349,42.678346777637664,15.349062492463329,46.03711429127419,0.5886415963161934
a0383629,5832,0.7170593179693858,8.416225361246278,32.72676773984158,8.950606389095615,43.39416809875372,0.453360768175583
a056d01e,6557,0.8109614478081414,8.584211201864289,41.24510298567488,20.086405866668624,50.143871091919195,0.7303644959585176
a08d9e63,3685,0.7657560137082333,21.46258569009769,49.39523179131579,32.07083147851395,43.21022180408488,0.7440976933514247
a0b83014,5035,0.8595340926046428,17.51843897699374,41.991116998391114,20.507146987744278,22.83550303209648,0.44885799404170806
a0e92ed6,4897,0.7516593982972158,8.114542367589692,42.216290785408404,10.489427391046366,58.259657998061705,0.5001021033285685
a15bc102,3236,0.8709136971184133,2.578928597930721,31.01336250593611,3.5806431815141986,59.6399831303935,0.43665018541409145
a247e7cf,5674,0.74698797375802,4.201165296490171,40.00299532228807,18.049020155856912,53.52869708184075,0.4332040888262249
a2e8e7f6,4760,0.8347626575373754,10.698430341162505,30.994311012281738,11.613872464145865,38.0059844082526,0.5191176470588236
a3518960,4967,0.8204703395530442,7.100675858286987,52.19663174489696,17.595844423912613,47.631797150205756,0.9623515200322126
a3f71395,5543,0.7093486737014474,15.089395383508826,66.08534724296827,40.77023257949305,46.703109738108616,0.9213422334475916
a4719920,5884,0.8091857753396993,7.205451003735877,28.58300302446694,9.423640992277493,28.519921645990156,0.35571040108769547
a48640d9,4532,0.6674753617941537,21.626612771414322,46.72832009070685,20.873734348110265,31.376895799719783,0.8612091791703442
a4cdbb0f,5204,0.8078348414973768,11.150021440885437,45.74415911816669,30.40328692780805,35.160988018536706,0.9621445042275173
a4f989c2,5385,0.8103320529040862,10.578786672639087,44.38893415976847,32.63113910165342,34.15278606753099,0.9520891364902507
a5aa7973,4616,0.9257118195133536,14.159778554983863,53.603891318772426,30.367650646440392,21.92605137895956,0.5983535528596187
a5e6f7dc,5649,0.7635013891331817,6.350818327780091,41.03462228050428,15.008798888605234,34.83493767485612,0.4813241281642769
a612d5a0,5329,0.9007116675001147,19.256901319606147,45.72055749989168,32.858672850233084,31.950791958188805,0.9528992306248827
a622ce4d,6298,0.7840680641365881,14.236097814848373,48.0473275253435,24.658467426955966,26.38298408756803,0.5506510003175611
a645da9a,5153,0.8098316872957303,8.951092580974047,48.95179273741136,20.95311848503724,62.595899113703034,0.8038036095478363
a692b17e,3566,0.7228888743551051,13.138061444708827,35.149823531667,16.146107607907595,48.719473627822346,0.4024116657319125
a6b8ac67,5453,0.8289704226276412,10.875902281234387,59.76672343892833,31.774819773949584,52.04277897732199,0.9262791124151843
a6ed2eff,5275,0.8867047164698311,8.632582794631363,35.31182500568652,9.27090855427907,40.92237695861679,0.4375355450236967
a6f967fb,4670,0.7644096149720476,13.762814229045636,57.75671572916987,45.12285073909091,84.56674841644471,0.9580299785867238
a76db406,4672,0.7878670847146705,3.7043201708377427,39.438923073124144,27.729114379438226,40.65524961153332,0.9875856164383562
a7744f5b,4377,0.8405504476326013,13.084948643934053,45.02154547600742,24.01015898433034,37.39996093823359,0.8313913639479096
a783cc24,1889,0.864526636809588,26.72523186448825,42.51677124573902,24.491372481866065,38.52892141344186,0.8835362625727898
a79fd2e7,4404,0.8989436759525186,12.374341369091132,38.24955507894843,14.12836720734222,81.52213338799395,0.4750227066303361
a7fc3e6b,4764,0.8937555601643048,18.149529358993682,29.629969077039103,18.157831286464294,23.180179607075665,0.36586901763224183
a85bb86f,3099,0.7961725737486205,7.873900707960967,46.723880510968115,23.92903760611952,44.752688919630906,0.8525330751855438
a85e4bc3,4581,0.8305898812071161,9.638478456190704,27.907936217665256,12.120150179035308,34.60443993535356,0.5022920759659463
a87433c9,5721,0.8346573159441101,9.580358514748033,26.35020653876463,10.673346489868118,15.270865549938287,0.4186331061003321
a8ed028a,5538,0.8725058368258157,19.044521110452333,63.22631853914148,39.636645016107096,60.00762371452647,0.9525099313831709
a959858c,4404,0.7534706149839402,65.35865899088088,57.68100744045677,61.267195086961266,96.84883912928558,0.3860127157129882
a9c9b150,3986,0.8215554632391051,1.1630317709118394,24.8306977565831,2.5206773892651917,26.003154043708047,0.4525840441545409
aa95015b,4300,0.862286305653251,11.725050285011942,36.89400590377661,14.52325805509525,74.5605100104828,0.6555813953488372
aaaf3c03,2997,0.8198524986370496,15.079592231507316,57.94761865346677,37.40834447245029,33.78383166124067,0.9446112779446113
aaeffccb,2712,0.8380601435748577,4.756126793123975,40.39397299126661,7.348050292745712,18.729346860280113,0.3915929203539823
ab112491,5185,0.7588487067588114,28.204036984751497,71.7783250513312,59.58458222542,87.58972642241851,0.9577627772420444
ab18d3fc,5694,0.8075859745427165,16.597890792722144,46.76931345347842,21.259705542424904,30.689900273007133,0.6861608710923779
ab3ced07,4250,0.7781259837592951,9.797524442428841,44.70561220749604,24.40298520600875,52.51954332514987,0.5089411764705882
ab6fe95d,5491,0.8010824448429799,6.6795806397720465,31.337805131339763,12.562767524792648,32.54306882538953,0.7495902385722091
ab94878e,6004,0.8778768875926463,6.090270250340663,45.237256821269845,23.04450855916679,59.03437245562275,0.9590273151232511
abf460d2,3217,0.9239735550293469,8.350877150110843,23.966248148727598,13.338153698257042,31.500238804350627,0.41746969225986946
ac6f01d5,5004,0.778085783925429,15.962529701035821,45.1907257408598,29.424263797077266,40.76505413499557,0.9730215827338129
ad2133a8,5729,0.5819593966387645,28.088198915386187,39.46386334182321,25.206743276660024,41.86677284796404,0.7128643742363414
add9c322,3932,0.9049281198053333,12.296784203800955,29.253863617414623,12.637567480573889,44.45984419226194,0.4153102746693795
ae069086,4770,0.9260353201974479,14.585517424947831,54.06712050600925,41.61704659758125,60.75574830151597,0.9932914046121594
ae0784a8,7823,0.8996865626609696,10.87737509844777,39.869099282583555,15.749314956218818,58.16605576906576,0.425284417742554
ae35f33a,4450,0.7844422389656966,5.0951729458693835,43.04128452852148,10.409148161026323,29.978228068630283,0.7458426966292134
ae8959c3,4518,0.8970979990890479,19.76800976672305,50.25288772764064,41.098681856919995,43.62263688936177,0.9309428950863213
aed44918,2719,0.7470778603625579,9.488704385906805,28.082498611812575,9.597897169931736,30.25661483911573,0.29937477013607944
aee6393a,5865,0.718232660285917,4.665683726709421,29.883900971744016,5.963928565854807,38.849854981565414,0.5145780051150896
af7a59ce,3024,0.6969703993745048,4.115059728297358,44.32543960523248,23.97533859160329,35.06830654558073,0.7142857142857143
aff4e561,6026,0.7986724030388219,10.851934253065428,40.80525423784536,20.40862662999802,25.984626951389075,0.645370063060073
b04b58a3,3402,0.8666529058627158,13.058667367524363,48.69155860359681,29.411602317484093,37.02230414061278,0.9512051734273956
b0d42b0d,4971,0.7179579544578903,19.797243019186585,40.502951733359716,21.73965762331036,18.03102118976753,0.4391470529068598
b0f53bf4,2755,0.7912943719955694,9.231328022549082,46.156206858655246,24.227359640960323,25.400802779659802,0.7245009074410164
b19b0395,5813,0.8311624957376973,10.045237735851847,45.67716616154947,27.70419448543308,36.248061872887305,0.9623258214347153
b1efb8a4,5998,0.8196779610007406,8.506706925766984,46.03730500928009,18.41460149037534,36.51697266748156,0.9483161053684561
b32902c0,3808,0.8815407826915554,5.155416417213564,24.000549585575627,7.998952491819744,28.430429823843717,0.4571953781512605
b32e4903,5770,0.7487394348816001,5.863958705383137,47.040695769643925,26.240878335919867,43.55793257300705,0.9592720970537262
b3388334,6080,0.8588857969069666,14.23010661853958,45.244306909602045,22.540179041372028,39.241356366805,0.7544407894736842
b37fd114,8161,0.7798216165646435,24.97877020046922,48.0729142805802,26.056441601647776,45.45416864208143,0.9185148878813871
b38e3116,6211,0.8457215006887204,6.404438939196513,49.89656796839785,26.82446344912484,44.17233371087133,0.9446143938174207
b4d8dd4f,4259,0.839655751941434,17.098418824477594,51.07955451943287,41.114067668486314,39.15888676656223,0.9032636769194646
b4f37e6e,2992,0.817091570559901,14.94895263643877,47.37711777362697,26.823102205595756,49.97446508830561,0.6490641711229946
b56bc0aa,5602,0.7655675748196726,8.788528154094545,46.01353274912686,25.90912095741849,42.27914722776498,0.7756158514816137
b585b4fa,4294,0.8233365999340919,9.973817813617734,50.605428203144186,36.80237583680269,56.698223422056394,0.8816953889147647
b5aa9634,7326,0.775301711688954,11.47866217552782,56.18500195870474,33.40624569150511,50.33669739532291,0.9579579579579579
b7974e66,5558,0.8114010579699484,6.972963992749996,29.686536861291785,8.514094074704449,41.51297034509775,0.47265203310543363
b7cdcecb,6168,0.7677633834582502,9.274351431311539,39.12071216232597,23.151437636572098,31.243826629401884,0.5742542153047989
b7fea9ef,3866,0.8872790934773631,11.148074644872509,33.89187201789547,16.615525831431015,21.25277536424089,0.8595447490946715
b85f7b06,3803,0.7616280015588385,3.569865119414346,43.4935307368932,18.523777332476087,32.582994909470386,0.7983171180646857
b881d27e,4009,0.5703652366574776,18.785154458691416,34.65973983712862,19.62196539700816,48.07741060961444,0.493389872786231
b8c49c1a,4319,0.8444742288825899,8.256954162110757,49.931907823718866,31.86970349895536,34.745822878799395,0.7724010187543413
b95e7121,6306,0.7897843551074057,3.4204599760598935,44.53073444092028,23.295223241007964,92.28055005855133,0.9333967649857279
b977be4a,5917,0.7509825001754302,18.57837175934225,42.25960772983038,25.11067980576379,32.25329440249622,0.7532533378401217
ba48188d,4166,0.6895823263359331,50.93720227649117,52.569906996336506,38.086063833183744,67.68238615213942,0.8230916946711474
bb2cdd83,3825,0.7820389529920612,3.017674077265869,38.08366827809923,16.323136952615243,42.88323985083765,0.855686274509804
bb337fa0,6873,0.8823072453008294,24.083821271230853,37.015836997454855,24.15131591226255,26.185012596506034,0.3311508802560745
bb682ebd,4139,0.8818367123800487,19.87022580202752,43.906644164773766,23.494652792869307,58.80754685471417,0.7120077313360715
bc4381e2,4955,0.7860184941993945,12.598370947658928,31.449323001220836,12.500108818093569,49.730682267683356,0.4185671039354188
bcebcc5f,6258,0.9419642005531087,24.241537215571864,42.06405076673379,21.259433163139757,52.57255633679893,0.5147011824864174
bd2c2f34,9823,0.8995642937242219,5.663541608648027,22.674259587622533,5.950181003580072,33.455295240049246,0.3701516848213377
bd4ae5da,5006,0.7359172050775962,14.052431666337634,31.147765197647768,14.136347164899894,32.4827913311153,0.329005193767479
bd6f0e19,5140,0.8518429228563851,10.118149844909517,40.34495082970561,19.975194236502293,27.563198040959325,0.7480544747081712
bd8f847e,4961,0.6691872735043113,7.389741905257485,50.39626338362424,19.908208041658156,54.41219266990461,0.801451320298327
be063506,4500,0.7257469240776245,9.685884513043288,40.623930371149726,20.962569907655695,40.815704560867644,0.75
be35c8f2,4226,0.7988768483895138,4.674735185385168,46.88545097352701,20.865454197522396,35.190341291106705,0.6242309512541411
be83e781,3221,0.5714160822526329,3.1537973198868037,34.9798560264499,12.695508808212848,56.086830483171106,0.4790437752250854
beda8696,5912,0.7212745742320316,9.819955216289504,29.456132979595857,11.340447651797758,30.32765881487511,0.4732746955345061
bf39bc20,3303,0.7730941056718789,8.401808199266226,32.37260898418945,9.358303151461753,31.49183891752761,0.3835906751438087
bf70b410,6347,0.678755003659125,18.920279724233612,37.21688166106196,21.13301715192599,46.69092086468897,0.580116590515204
bffe3082,5723,0.7553630228723914,16.598918029974968,45.828032373175965,33.12787238031689,49.736595607258664,0.6889743141708894
c03b9305,4255,0.4449797949859519,7.1171172090817905,30.296503991014962,14.392031089996683,35.10938895588258,0.4836662749706228
c03d4aed,4641,0.7622133182981637,12.583094329136486,53.372866409814,20.51399811178962,44.110437016198595,0.8155569920275803
c03fba65,3699,0.8766655016965059,22.739971638302574,29.85843435189543,21.777753241622715,36.92685916938589,0.48851040821843744
c07fd0cd,4191,0.8832191433873479,4.052934357090802,30.437859241948022,14.968724425554056,33.04834032171008,0.5151515151515151
c1708b88,6315,0.8296244069626502,18.304767828554887,28.328013035956364,19.548368528191585,38.269594274337244,0.35930324623911325
c1d046f4,5513,0.8467235919267183,7.700112298091984,49.43025351614178,36.54243287416385,43.46360239571042,0.9854888445492472
c2717d4f,4721,0.8886888754447337,8.452559650622254,58.52082049902285,32.111848571225494,25.695155077786772,0.9675916119466215
c2c4db09,6039,0.8638677064018307,9.028322821306517,39.660218329998074,23.39880998986661,48.57100977787947,0.7661864547110449
c2c6fc71,7119,0.9572322593008026,11.767462410523247,31.55776986212998,14.607310352441331,23.676057942440217,0.6166596432083158
c36625df,4742,0.7935837111292361,8.003204999077816,26.074071153227482,8.317524785509175,31.47092938795317,0.23070434415858287
c3957531,5316,0.7659763988534227,12.518722274768233,47.80578256676589,24.55673667568127,25.843909254246988,0.9621896162528216
c42fe306,5095,0.7487278965243985,11.279308916635767,38.338257923751144,14.16323389370424,32.59758305489242,0.40471050049067714
c43812e2,5527,0.7592388772389632,7.016864008504025,33.14207343938763,9.99295789767863,44.235214196128474,0.3794101682648815
c472c0b5,3054,0.9482272436115784,8.28128095427446,50.92788747139049,37.08369747832643,66.07744263845738,0.9688932547478717
c47e0767,4356,0.8598359165845937,21.47720905393819,42.73668557960082,17.97981879708819,39.272102577862164,0.8516988062442608
c50b42f6,6014,0.8053894707744088,8.604265674370385,42.82666820076713,22.252527196056903,40.96613080739899,0.8159294978383771
c593337f,5208,0.7217979589343505,23.822334034025907,37.72628720526529,17.50375779930608,36.13925536266902,0.6908602150537635
c59b6c4a,5499,0.8341467382354976,20.952603428128082,45.14786620453171,28.438918341136972,32.98223591733172,0.850881978541553
c66be2b8,4154,0.835171194099945,22.226756512262092,46.78398821084912,25.428730582210424,46.861819304439216,0.7046220510351469
c6797dd7,4664,0.9221751140964368,5.82900989050451,38.09003290537278,18.07349698798651,44.67080002833449,0.850557461406518
c6b782a4,4877,0.912541265067714,12.807882966584375,37.598779779485945,16.147176308168845,54.25784505894782,0.7268812794750872
c6c96179,4004,0.8553136978643503,8.772647918302802,40.9826265345735,11.848395835138763,23.55318971189248,0.6178821178821179
c70c0e01,4312,0.5555203681389064,8.964901066736223,31.73247165379349,9.835954704028852,65.23664250517358,0.29962894248608535
c84c65be,8496,0.8564972828490415,9.738388019795911,28.01740895022894,9.85404495571085,49.506224624320524,0.5606167608286252
c8d9680c,6281,0.7437882824085665,42.77043899776709,59.38128131418341,43.668702789429375,127.5283418364909,0.6143926126412992
c908edd0,5293,0.8086955086805347,8.765028360555872,47.2743674176234,19.177250025820058,37.23050778435573,0.9516342338938221
c9578d27,4487,0.754307478147838,10.306756368182521,32.351881607535894,11.267461854149747,34.79803645237038,0.42589703588143524
c96c018a,6236,0.8769204796486056,12.859960619036775,46.04491371938827,18.600560847000203,59.8073194393052,0.9254329698524695
c99f9fae,6361,0.8326425233720954,5.40523137400998,49.79837303365756,28.421650740462535,52.55292545403918,0.9617984593617356
c9e6734f,4735,0.7259118103641117,10.310371611471203,49.96163473555259,38.55172525870112,27.755235154841078,0.9476240760295671
c9e980e8,4359,0.808619300142636,9.741734918381256,35.27169506645155,12.801699197371558,33.809433930659296,0.8511126405138794
c9fedcf3,3517,0.8526779680326373,7.471714606706554,55.264277873168865,39.21313004501514,34.34561426430627,0.93943702018766
cad13e8f,4848,0.8681555394880144,17.022296131058066,55.59089490286593,24.936271096795362,72.24413967219809,0.9521452145214522
cb34231f,5609,0.8434114564379849,5.418906491757253,51.22279493060429,26.19918647677651,59.12712873113169,0.8928507755393118
cb879f40,6315,0.9040798081667527,8.79643766880234,47.419286908666045,18.046473769209832,47.15030283620137,0.6194774346793349
cbb406b5,6328,0.7185779527201901,11.364887497962812,37.00260547959816,16.824228269326998,51.168540155022384,0.4890960809102402
cbe51de1,3963,0.7960254038601093,15.022202061672788,50.201226058779625,23.976253334742303,53.681225168152544,0.9535705273782488
cbe62450,6258,0.7504714564118763,18.607063412926227,45.17334613807485,23.37750006386846,40.41114529925559,0.6196868008948546
cc08aa63,3274,0.7746195096871519,12.988941242217614,36.15996182165024,13.887719474383019,45.69897278085634,0.5274893097128894
cc8a1d57,6638,0.7063982960733052,27.55539015081038,51.38702204202633,33.932518500188024,45.03290537413373,0.8258511599879482
ccedb12b,4401,0.8040752250460086,10.609060511646556,36.385892573164185,14.724957910223308,60.325563525013074,0.5444217223358327
cd7f1687,4232,0.8004315730325869,10.573162838089827,29.12559402024502,11.075644706791763,31.57232915902009,0.29985822306238186
cda7eb37,5973,0.7656293697052021,10.042623008757838,51.634416341517635,25.461931945280018,45.43178499551596,0.8263854009710363
cdc31d65,4840,0.8926242151882724,7.482412321764383,31.886988660044175,16.76971518716634,33.71883030118584,0.5506198347107438
cdc60a53,5878,0.9058690566585395,8.315926094659538,29.57226791556517,8.489552291587657,43.842681805991894,0.4470908472269479
ce55ba43,4104,0.8278746846851427,14.30444944852245,33.93084122890214,15.610605904813312,43.87954028034492,0.35891812865497075
ce8399b7,1615,0.8752465602896167,3.363562739626084,42.07483970672655,22.5968166091346,50.58458746780351,0.9628482972136223
cf50c9d1,4858,0.8561358663027595,31.56819712560828,42.09877964027575,27.364212334619232,44.13526612718828,0.8388225607245781
d00e7eb9,5704,0.8052475036669251,7.907003476643952,20.115178191383382,8.232707933988904,50.63029091272092,0.513148667601683
d011f41b,2267,0.7890893512381609,10.86185548345431,42.69877180987134,27.35511092208868,27.771100210134698,0.9550066166740185
d07aed8f,2957,0.9446287212220157,5.402411556483793,24.106819490030528,6.320421973215752,18.681403495383396,0.6695975650997633
d085e611,6191,0.9223817563068076,10.083729659420946,36.77800439222783,15.757180995712854,41.05802224097942,0.518817638507511
d0a0e7b5,3816,0.7731084294106189,11.676903707262621,52.00746238887254,35.42535937902586,91.33192542412091,0.8608490566037735
d0a43760,4041,0.6672478783189212,4.249353040412356,42.56956128686789,25.213862439029135,49.699198306650025,0.9873793615441723
d0cb63ae,5223,0.9025766659114867,19.937391369771746,39.05703176741115,20.09051805025149,33.66488397198215,0.6364158529580701
d114d9c2,6206,0.7890185099643485,7.69852853923108,35.07290756485937,12.504956106748708,28.48275253226713,0.5333548179181438
d1457cc5,6920,0.525853073955046,8.115732473647405,42.16888123035343,27.521596580207696,41.54327049139714,0.7121387283236994
d1ecf309,6168,0.8315076647299753,9.37828460834895,40.363646838933,14.128782042479179,61.39680268107147,0.46416990920881973
d1ee630d,6290,0.852257786703924,12.219780010195931,38.54682564797977,13.385504375728912,86.72948680813776,0.5728139904610493
d217e0c5,3838,0.8257525183504921,5.20363871867946,39.565604654192974,20.389922394475413,37.73017561451368,0.8678999478895258
d24ff243,5641,0.8579496161587987,3.584579952704873,37.75297556690452,14.415368895629793,22.871012111423646,0.7363942563375288
d273674e,3899,0.8789060855930731,3.400366201632784,44.180955046753944,13.506459652579421,77.1211967581387,0.793280328289305
d2f3b1ab,5581,0.827148480354085,17.357707330254247,50.80829686283665,27.068667834881253,74.8648663869534,0.761153915068984
d3df146b,5787,0.8212929768515487,11.69933929625434,32.19895567085063,11.562087043423883,32.72500879430774,0.7057197166061863
d40f61d5,4039,0.7465533961802057,4.553018133859985,41.41124116888213,20.34098033674066,39.79466965535003,0.8457538994800693
d41beaf2,4753,0.8951020832804437,16.335502961206803,41.622996288716145,19.006216090918052,51.96900998156596,0.7147065011571639
d463e527,4767,0.6623888397453327,8.591154291112087,41.974242384176556,17.228544249658537,39.67390610587245,0.9425215019928677
d4f60a28,4501,0.8753697647512209,6.183126130423007,24.15253212210573,12.579922592479928,29.687104444072727,0.6267496111975117
d50c649a,4873,0.8071391224460356,6.81996221614117,46.33720090740829,21.625713774697456,43.59846590163461,0.6681715575620768
d543916f,4799,0.9105726688306587,10.200221672654065,35.0136060294994,11.74665995010182,91.20053460576602,0.47801625338612214
d5df0ff5,4032,0.8330757743465553,16.351335751344372,47.11152732869137,25.65539479898219,54.057995938628146,0.964781746031746
d60430e6,2511,0.221862505550433,7.849172504180856,38.32576236647813,22.848310453106595,40.54494989278064,0.594583831142971
d63196fe,4510,0.7964268819370409,19.525114489586926,46.95162107008286,18.969734119698643,44.05693804436246,0.8192904656319291
d6c320d9,5452,0.8240275152026294,11.20598215508914,44.860712890068136,18.319284493515482,31.025658459872883,0.9631327953044754
d6dd7330,6193,0.8450777571621103,11.822832979899944,43.01228704075929,13.583286489481276,43.115500136943034,0.93169707734539
d7ba4f9d,6023,0.6730382820990728,5.098116159708834,46.818459236215766,16.857943281587044,66.91887172088163,0.6729204715258177
d7eb0be8,5401,0.8663092056198665,32.82610912419109,54.37980585388784,34.08836232731222,58.482378229331786,0.9518607665247176
d84b621b,3994,0.7911934711005897,21.82037371732548,42.297206694310375,23.346920495966266,37.044044297658616,0.6792689033550325
d90aa14c,10018,0.8732693155833561,11.994352891576652,28.24948947874163,18.116049676444515,52.965677377202475,0.6135955280495109
d924e971,3184,0.8406628488473266,32.7702837302337,58.25782064226348,45.605812186754555,34.19481484035366,0.9353015075376885
d9ae59b2,3648,0.6911574180374042,5.0470807715641435,41.1567526018679,10.483408272749736,32.75743015645525,0.5685307017543859
d9d6d94d,4919,0.7092542027668963,9.3857291463184,47.944165243865534,13.458269027799945,10.438180860609606,0.8375686115064037
d9eca87b,6373,0.6409368642786994,26.443315428754445,35.65771704165367,26.445039556013413,48.23676654479441,0.4126784873685862
da2d4d7c,2114,0.7333539014669456,3.5771941153487132,42.64517580835671,11.550779986933017,48.98973400316682,0.6797540208136235
da3bfe4e,5549,0.5895702404888052,30.20824343453741,38.6490435341162,29.660311136786163,38.11508985273264,0.4153901603892593
da3cf798,5844,0.9007350328387341,16.905110806271015,39.57839022249776,21.639098909740806,57.86819483350664,0.48254620123203285
da940160,5132,0.8527359300800772,11.224828130654686,39.99026344379298,16.30912534039331,35.49245706039456,0.6241231488698363
dafc88c3,5572,0.8116009184362205,6.877339398362787,45.708276424955116,26.234843113313342,33.66549564336066,0.9502871500358937
dbee6c86,7369,0.8021547170391508,4.395928954072107,52.21148781048003,32.2950096676999,32.2211902205131,0.9493825485140454
dc5fbe29,5203,0.9026747085683658,7.9201039214922035,43.27161733080027,16.820847648843394,54.972303920675536,0.6313665193157794
dc7da28f,4774,0.9473484798413043,10.223244436669471,50.8563231308351,40.6633856859209,27.439543882035014,0.9388353581901969
dc7f9757,4360,0.8236402394652129,9.810154572145091,39.00398950042804,15.254529265738546,38.389262608791064,0.4004587155963303
dd168de0,3304,0.7759477726713504,2.9913571830542716,32.189645702241556,13.93967127518765,10.951549300547624,0.9152542372881356
dd64382d,3124,0.8887970472368991,4.262126959206316,28.621298404775125,10.395535285556358,19.522385200370636,0.3735595390524968
dd6bc5b2,3602,0.9054358970089921,11.780956097388067,51.28997612756356,39.88681156314817,38.85984389288295,0.8808995002776235
dd7d638e,4301,0.8923754237486917,6.017680647613085,45.50730409907792,23.693605364203535,32.27236103387502,0.6282259939548942
ddc790ff,4726,0.8422609684870784,5.724817380990974,42.785631870052626,12.159910265631638,44.34271531112919,0.5865425306813373
df71d1ff,6228,0.717398706387725,12.742621639442314,28.48722637975089,13.90290928752075,29.428032955861188,0.42838792549775206
df73b8f3,5311,0.7455845145041844,15.617554195793542,34.11005969887049,15.953033018022031,49.70448870210838,0.3441913010732442
df8290be,3972,0.7519949604690368,13.009724784668556,43.998665249141126,19.796849246296205,54.184067427993575,0.36178247734138974
e0079ed1,3471,0.8316392944443401,8.069511840769099,33.791726645952565,8.136629232281122,24.71355822180844,0.6802074330164217
e03b45fd,5342,0.7436936206786233,15.75182643192855,44.79333671682545,20.366890652162667,43.202742617504164,0.5535380007487832
e0f36d98,4976,0.9285611739329572,14.253156162438394,39.79579440078492,14.444050666567618,37.51195003566567,0.5064308681672026
e149204f,6097,0.807182650143309,4.546152895643239,28.031532348520102,5.475460861132203,42.49137028035721,0.40003280301787764
e14d641e,3184,0.796052696476302,6.820600870242808,32.676008221883194,9.428826522849503,40.52082084074838,0.3442211055276382
e161bd0c,2949,0.7948226612466753,4.33499689746737,35.16072408539902,7.861253867995691,20.95945570343366,0.4604950830790098
e201fd6d,5070,0.6025072981832345,16.371250707380042,40.742711689801425,21.466934980467876,56.87182572905074,0.7240631163708087
e25f1537,3177,0.8841091515683633,13.005049007414012,44.20426628067308,26.152612888104258,27.63938504442971,0.7560591753226314
e2fc7745,3692,0.850278940071599,13.341394284804746,48.46656411046582,26.247987672441816,24.844195828396177,0.9374322860238353
e32da4ec,4689,0.7781054250829686,10.850139553093255,38.96398899125288,18.67263073251925,22.726183633468388,0.6574962678609512
e3b34f5b,5455,0.8383240272316254,10.347045761247115,32.73462448430312,13.705842966440375,35.317921819262644,0.7270394133822181
e45a2a62,5007,0.8386094054110705,19.872920518687707,37.35237695261685,22.36126564884046,40.556907971418575,0.35749950069902137
e46f4ef4,7195,0.5619996951000928,4.926550809338883,49.29158565544492,16.430055706999003,41.10501946120654,0.6120917303683113
e4726608,4733,0.8624405870947767,6.271487164710907,43.93638644320758,18.83930758463078,44.34474601903702,0.6454679907035706
e5864244,4469,0.7385334700667299,26.806032670999695,61.10805909841601,35.307054567890106,45.72835254221472,0.6370552696352652
e5c92e59,4295,0.8326165921884501,7.71135994039849,38.0858834477772,10.215141211215519,50.148635129068914,0.6144353899883586
e5ff9fd2,2354,0.8061278475662522,8.891230852152741,43.3623331272615,18.084342727043264,30.24208999567841,0.4048428207306712
e6c55748,4472,0.8973217403714671,9.397103554297912,53.09936773595331,38.012569434568924,58.36442877145692,0.8658318425760286
e730c32b,4728,0.7879078418428531,11.654671854511827,29.192097032701053,12.505157361613575,27.791735607618087,0.37013536379018613
e737965a,5955,0.6284001231869344,9.897022674368223,30.123420707372397,10.850877527805048,23.603976167129137,0.3771620486985726
e748dd88,4812,0.8441596005940931,4.989931749983482,38.94763320796374,17.316100816449826,25.961852384192728,0.96571072319202
e7818f7a,5371,0.8061918360045005,6.312633342217896,40.747798447393855,19.08020564752033,31.971547301114544,0.7149506609569912
e7c36e81,3531,0.8013315891966591,7.349841849963589,28.807093525926756,8.810065249623587,41.9593325747215,0.36250354007363356
e7d0c1de,4711,0.8889132809108548,6.860255388151551,51.94963426937404,22.074567829828585,15.841058772954105,0.9632774357885799
e85074c5,5675,0.7152636352401415,11.347685731962262,39.22914381904517,19.622641009656302,19.704888850209592,0.5562995594713657
e97032ad,3530,0.7278071806927418,11.959144677460708,48.764534433031066,25.597272944781476,56.21129305749413,0.4535410764872521
e9949a23,4559,0.7661289889560187,11.580872171010277,45.54310286025695,20.022129580906117,44.753006813908264,0.5906997148497477
ea0b99b7,9239,0.7610929777448119,12.15975654126152,35.31455463067399,13.215186261132738,28.85062356135107,0.4887974889057257
ea3a0e38,10052,0.9300942598843153,9.232672132138228,33.23972930661795,11.573529886384613,51.99593082007853,0.43085953044170316
ea41324e,5025,0.8373724483561954,5.294230079936561,40.01438483261176,13.47521140420682,47.819937415558314,0.6565174129353234
eabc711b,5348,0.7292738347668546,11.698478022871637,36.032177864779925,13.576495613150122,53.58850171747556,0.5667539267015707
eac10e86,6067,0.8179193738417694,5.617579051148656,34.77544029153204,13.560150313041142,37.67622719958399,0.7314982693258613
eafb863e,3568,0.707922793992885,13.457858083605023,42.57086028531318,19.701075345955708,47.539760597801106,0.664517937219731
eb06a4e7,4535,0.8202395177503005,9.669099026629615,48.74642839057983,27.953044533628304,43.92196995941518,0.9660418963616317
eb640a35,6037,0.9344203908065185,9.969896905690025,36.018363948278996,13.719596459086008,75.5901458826712,0.4957760477058141
eb934281,5971,0.9539783155638201,3.1374200876783114,39.953299610175364,17.27977041515356,14.034041980096433,0.826997152905711
eba6605e,4410,0.8532941286051637,15.631712662756936,49.961879785499534,26.82448278554589,42.82181809743772,0.7736961451247165
ebe69318,4976,0.7707095786602151,4.825325809935079,46.06612027050387,22.47910254717405,34.82819882740267,0.764871382636656
ec0d597b,4616,0.9328976010892125,16.44325138720608,49.52194221302597,35.83650570855793,36.76902737452348,0.9326256499133448
ec13af42,5462,0.8343132591725329,10.906432170405786,33.1315065939273,13.573497984922229,72.07278267379063,0.4489198095935555
ecdab904,6147,0.759440045129553,16.918396989500764,63.48565211602878,43.55071477664396,39.366944918762755,0.9297218155197657
ecdaf714,6592,0.7908387965075876,15.351875762973165,49.728195537053175,36.34433795010701,36.557510342463665,0.9567657766990292
ed6436d6,2945,0.8499051027095359,1.6175417954726792,56.359000378229645,36.02949009118659,70.37963931361938,0.966044142614601
ed6e6e54,6048,0.7769100177823511,11.951935194527213,44.00978394557856,19.62001143333452,29.297074902069305,0.9165013227513228
edf885a3,3117,0.8620024135994397,12.288723348140039,58.831527008055,44.837850718719245,66.55483470626588,0.8793711902470324
ee0300f7,4544,0.7713872595263315,25.680311432467565,56.58678297150603,36.9242486629943,26.19755524834931,0.6313820422535211
ee288beb,4638,0.8485105338159465,27.522025330807587,51.483376162054,29.940600293690277,86.44377088187267,0.673781802501078
ee4aecac,5265,0.6876261446423996,10.778813139095936,50.74866591241403,31.066435792032696,59.14439829539697,0.8216524216524217
eeda36f5,4797,0.717540853945824,5.470124457464137,56.47444812825061,38.0143835617214,41.24166454540537,0.9626850114654992
eeed308d,3899,0.7853315213622732,9.69013148078532,29.62708970643148,12.428321277917165,39.06315215285279,0.434983329058733
ef04658e,4104,0.8644325104628667,15.448044048107809,53.391296454895155,43.87404606489221,33.75106797241757,0.8304093567251462
ef8e3ed0,5224,0.8719790185487789,14.635089490374893,32.617718514382105,14.575384590761805,26.335483617687895,0.5028713629402757
efde6ac3,4559,0.8989232840194358,10.202375669006345,40.087611832026234,22.612607389273226,62.17970992435997,0.5926738319806976
efe96181,4012,0.9019893676582363,27.539517372291407,41.641136564542315,35.20402698523419,42.32932908572371,0.8280159521435693
f0188a48,4170,0.7921260705356471,6.015986492439641,46.834513831183685,29.418312223455708,29.795815214029144,0.9865707434052757
f021b650,3739,0.6453502245722366,6.684494210561717,46.74252172718568,16.44793205041159,63.05885678678706,0.6055094945172506
f03f10fe,4145,0.8279183128722064,9.378929872264584,44.17098136274134,24.739620708217956,38.744362536029456,0.7712907117008444
f053a1b9,4108,0.7328410623144517,10.028295659116962,40.37657940755208,16.376855168182313,30.338156448749814,0.7663096397273612
f074d277,2453,0.5059863185487354,12.187719616802815,41.500743217525724,15.66784489054126,39.95549460338639,0.7256420709335507
f07d7037,5563,0.8832704248350886,7.4960867974462735,50.16425430732827,31.057815312168273,12.939857269913722,0.9566780514111091
f08774c3,3900,0.7207891707494787,11.44575716149874,50.716796495279425,26.512794382606238,57.42146938857954,0.9241025641025641
f140c2fa,4082,0.5868075699408009,13.3161842942989,45.400917819775394,14.58545987733735,48.129951527374736,0.7863792258696717
f16e25e3,4651,0.8252048211396302,2.9647800324346743,40.472763033955026,9.375175261316146,82.26377567040775,0.5564394753816384
f2d4c8c9,6249,0.7174486329258777,4.229551942410153,27.00024272248536,6.993787748189994,31.00623728955374,0.43783005280844933
f321a31c,5141,0.8797631465252296,12.557281531880928,52.978803803786036,30.46948694643905,45.11068069126732,0.960708033456526
f40cd091,5166,0.7049398261579354,7.728760684292187,34.62007444710645,9.288479096267439,55.75790024508296,0.33759194734804493
f439a621,2821,0.9281003256908841,6.65613263851673,34.13306229266051,9.032290205670316,27.99921272314535,0.5015951790145339
f49fdea3,5391,0.6952338376856647,12.40626946494166,49.56304035532501,33.457344109282786,52.81745255357946,0.9436097199035429
f4d12d23,3701,0.7613610844571127,16.062842467413066,40.188569989428466,22.30867264471086,35.50839135366837,0.7122399351526615
f56d3ace,5432,0.9330342492492213,6.90314793936432,40.68308765125224,11.450642208871033,34.37872836495228,0.6040132547864506
f5859199,5790,0.6295232947404633,15.921573253079503,34.62674140374422,18.071351793588907,36.61913593484779,0.32780656303972366
f5d8aab6,4444,0.9312520153029115,15.698547978741031,40.03465907301742,22.20416527243395,30.16668519392792,0.8413591359135913
f631da6e,4093,0.7663514247113,8.782664213746434,32.81941269092101,8.628759257164502,25.486975137535964,0.4334229171756658
f6824bb0,5015,0.7093804171217047,20.837423542758717,41.053751946847164,22.91128594142049,30.795332876575266,0.8484546360917248
f6bc699b,3752,0.8891146464886942,10.622157035929634,42.20190189948676,26.039318813678367,28.51089678621793,0.6617803837953091
f6d009f4,6715,0.8738990377578095,47.03924865295554,61.24805925036208,46.668570246268374,76.18183890379542,0.676842889054356
f72b268f,6404,0.8060911069131442,12.93812397222547,58.865617324133154,42.63759785150352,48.856442743814696,0.9531542785758901
f8662c22,5429,0.7654129075194618,15.629207250700455,36.637195647566,15.174945954769534,52.17504955280086,0.49254006262663474
f88ddb26,4990,0.796292038854061,51.40308485650886,47.37707748946602,28.751607918789812,60.966596282098365,0.9627254509018036
f8afa78a,6032,0.6550835598013395,14.720946843240096,42.74675247216302,19.79782709019661,41.24846938041142,0.5076259946949602
f8f59188,4807,0.8711380993212284,6.924261008500594,23.240176023648175,7.477772480980628,47.47639585681737,0.3567713750780112
f9fc81aa,5598,0.5511096788289248,8.639067487231838,48.423643666070014,25.45669504677558,58.08550973931011,0.9344408717399071
fa16d114,5686,0.7237698758023803,20.815118518803075,36.642095296204054,21.789900422652938,38.064088697411485,0.488392543088287
fa31da94,5027,0.7793165480204944,5.188297076747949,24.37330010823103,6.436706427666406,23.542125034580295,0.30495325243684107
fa667be2,7296,0.5956880332847031,8.802015991385062,50.69771472979858,24.488896173861303,45.463035960517104,0.8745888157894737
fae0c593,4403,0.9285531016579729,10.97095627674098,47.00307557021416,26.744001196529577,33.75867888275702,0.9679763797410856
fb03ae90,6431,0.7453608679377198,42.88755217158539,56.169700106973444,44.21884122816362,65.5747828813034,0.8309749650132172
fb0904bd,3181,0.8595043090341378,1.7987576836953807,30.27088302531571,4.308701284480188,60.50473404098744,0.45771769883684377
fb3848a1,5919,0.7321018053085535,9.958923975567506,27.79049032964843,11.278565951572308,30.094977904126214,0.3941544179760095
fb73b13a,5640,0.8764992850390148,9.977934385041513,46.110747610070064,17.476629809142686,54.06296320213193,0.598404255319149
fba7683c,407,0.7740999073878272,2.555309739035002,49.68118530161056,28.57394617909296,58.10208377136668,0.9828009828009828
fbd68d27,6829,0.5529569645009113,22.09543667740266,39.828350351006804,23.599162860762693,36.58734588826793,0.7474007907453507
fc03f21f,4803,0.8850147826901706,12.90913373270699,52.93412876541225,37.493670689682986,47.521383374282614,0.9271288777847179
fc0d20b2,3954,0.7979006339167638,11.932087953866953,40.77569484336843,18.773075091241505,32.046554576389155,0.5222559433485079
fcfcc902,2791,0.826765728243213,8.80765155445474,43.54305557721406,17.716848296001405,43.446874571919054,0.9530634181297026
fd3b4faa,5022,0.8679815334727448,7.446926041471426,28.701668723524335,8.607076924137358,53.088330800322574,0.44962166467542813
fd710aea,4217,0.8668764912438709,7.203999750290396,39.615400810604804,10.213076162915302,37.10856382307386,0.7424709509129713
fd8f77fa,5272,0.8677646191661645,27.415343744152285,48.55993020846829,31.14240525892458,32.768152728406605,0.49411987860394535
fde20ecf,4667,0.8004009070099783,16.31905728866344,49.488471820543,31.85003852626776,44.88471421727501,0.701092779087208
fdfd57da,5236,0.887013508677534,4.29522046585047,33.496887958194826,6.572413367642376,38.31872391636194,0.44556913674560733
febb4411,4247,0.79460821457468,13.027667980552959,35.53511982490139,16.722333141303153,20.93925360726579,0.964916411584648
fef8af96,3826,0.9067213813519869,44.55173272632465,43.97846469912503,38.516847750532406,21.35409602124262,0.6510716152639833
ff0aea78,3261,0.8520454967857877,30.697786830378174,44.58452626844906,32.106056931037045,36.32238158810392,0.5436982520699172
ff8bb73a,5927,0.9366950264066439,9.861864748200674,47.93722239315683,32.37053181388719,58.05284405858064,0.9476969799223891
ffefef30,4570,0.7738101161424318,7.035568765607176,56.5078627036132,24.649728456433646,46.12419344867878,0.7131291028446389
