well_id,tw_corr,c_abs,c_cor,c_oracle,hidden_n,tw_bin
000d7d20,0.7717465359386879,27.0,-17.5,-9.0,3836,0.7-0.85
00bbac68,0.8274244590661899,-5.0,15.0,-10.0,6014,0.7-0.85
00e12e8b,0.933478572648237,-7.0,19.5,2.5,4301,>0.85
015fe0d2,0.8614070850249455,0.5,-23.0,10.0,4296,>0.85
01869cd4,0.7851193040652017,-19.0,-15.5,1.5,5557,0.7-0.85
01982c1d,0.9234832910057352,-24.0,8.0,-9.0,3941,>0.85
028d7b28,0.9161965099691228,-7.5,-7.5,-14.5,6234,>0.85
02e7fe5a,0.7891048828625644,-13.5,-26.5,-5.0,5108,0.7-0.85
0390d174,0.9731465844955948,-13.0,4.5,-13.0,4411,>0.85
03a935ae,0.765736547513096,9.5,30.0,-26.5,2786,0.7-0.85
044af7d1,0.8110190306674664,9.5,14.0,-1.5,4519,0.7-0.85
0498acab,0.7325108716940645,-7.0,21.5,0.0,4798,0.7-0.85
052d64df,0.8514548245099007,30.0,-19.0,0.5,2445,>0.85
05948241,0.8442836294449425,-11.0,17.0,-3.5,3879,0.7-0.85
059c8f24,0.7936987185401966,15.0,-2.5,-4.5,6258,0.7-0.85
05a0ee4d,0.7411174723262282,-6.0,-23.5,-11.5,4348,0.7-0.85
060ab2b8,0.8140589119721428,-18.5,0.0,-0.5,6258,0.7-0.85
06df5958,0.6028725483590951,9.5,-28.0,-5.0,3509,<0.7
071d7b45,0.5612185552395329,6.0,-20.5,5.0,3211,<0.7
0849b4e2,0.8886168641639096,11.5,23.0,-2.0,5537,>0.85
084d66f9,0.7570006624598411,20.0,-30.0,6.0,3885,0.7-0.85
08fecf00,0.8476065098497964,-13.0,-13.5,2.5,5574,0.7-0.85
09053135,0.8650940016102601,-1.0,-28.0,7.5,5907,>0.85
09441b8d,0.8626287750882116,8.5,-18.0,-8.5,5488,>0.85
0955cd6c,0.816272217117308,28.5,-19.5,-10.0,5195,0.7-0.85
09ec2ca9,0.7922112891421627,-12.0,23.5,-5.0,5885,0.7-0.85
0a57a29c,0.6883416565611228,-19.0,2.0,-4.0,5821,<0.7
0bbf5e67,0.965184958399326,17.0,17.0,-6.5,4298,>0.85
0be01c24,0.8821283578259066,4.5,-14.0,2.5,4738,>0.85
0c1b160c,0.8170659812286285,23.0,9.0,3.0,5054,0.7-0.85
0d99f8e4,0.5566389146567724,-6.5,30.0,-3.0,5823,<0.7
0dc5e64d,0.9255767943671888,-9.0,-6.0,-3.5,4879,>0.85
0dc835f3,0.9410304928277783,-2.0,-1.5,-13.5,4428,>0.85
0dd99dc5,0.6512316407846599,4.5,-10.5,-4.5,7342,<0.7
0e5e560d,0.8919085414219647,-7.0,17.0,2.5,3253,>0.85
109d9d70,0.7319454734785164,-3.0,-26.0,8.0,4215,0.7-0.85
10a1281a,0.7699389248361783,-10.5,11.0,2.0,5609,0.7-0.85
10b89021,0.7352697325378624,-15.5,9.0,-18.5,5414,0.7-0.85
10be2420,0.9367369328757613,-29.0,-29.0,0.0,3271,>0.85
113011eb,0.7216679861298925,-21.0,-25.5,-5.5,3272,0.7-0.85
1131525f,0.6540570883138276,29.5,29.5,8.0,4159,<0.7
11d0f5ac,0.7691026213455525,-1.5,-6.0,14.5,4883,0.7-0.85
12203f2a,0.8202178214950546,0.5,30.0,-2.5,3261,0.7-0.85
122bd617,0.9286177338868936,-26.0,-8.0,2.5,4570,>0.85
125be846,0.696670545909229,13.5,5.0,-13.0,6510,<0.7
1285a37b,0.8048130238636353,-3.5,7.5,-7.0,5597,0.7-0.85
1295a25b,0.7288265008319565,-29.0,-29.5,4.5,5551,0.7-0.85
12f0cd90,0.8149049777875851,0.0,-6.0,-7.0,5947,0.7-0.85
137d1e44,0.6186940692390821,-7.5,-18.5,10.5,4554,<0.7
13ce113d,0.7886757338482744,-10.0,26.0,5.0,2966,0.7-0.85
13f598d9,0.8155789950666149,-7.0,-18.5,1.0,7306,0.7-0.85
14a53cb3,0.8268335224940573,12.0,27.5,1.0,6919,0.7-0.85
14ab73fb,0.7231511647558323,-12.0,-29.5,-18.5,3649,0.7-0.85
14ad5efb,0.8418950612509508,-2.0,-26.0,-3.0,5842,0.7-0.85
14fee784,0.8420503694204746,-29.5,-29.5,-16.5,4910,0.7-0.85
153552f5,0.9007494256857543,-25.0,0.5,2.5,4695,>0.85
1550491d,0.8255143134993685,-26.5,-2.0,-4.5,4563,0.7-0.85
155887bb,0.8131336049424073,5.0,11.5,4.5,5585,0.7-0.85
1590af81,0.8377673224037562,14.0,-12.5,-1.0,3799,0.7-0.85
15e154a1,0.9517901635088492,-3.0,-28.0,2.5,6068,>0.85
1619e2ca,0.8416313394640833,18.0,-26.5,2.0,4443,0.7-0.85
16e4a047,0.7406424867846098,-26.0,-17.0,-20.5,4131,0.7-0.85
173ed841,0.42498016211508427,30.0,29.0,13.5,4883,<0.7
1770d7c6,0.661651589650424,9.5,-2.5,5.0,7240,<0.7
177622d7,0.83777401564579,-23.5,7.0,-11.0,3154,0.7-0.85
18d24f7b,0.8278028391913851,-20.0,-7.0,-6.5,4558,0.7-0.85
19137a89,0.8420056741150147,0.5,19.5,4.0,6267,0.7-0.85
1944513c,0.8280054975854734,8.0,-18.0,5.0,4722,0.7-0.85
197f8a5a,0.35635365163231997,-13.5,-14.5,20.5,6310,<0.7
19871e7f,0.8077718679770868,20.0,-10.0,-5.0,5293,0.7-0.85
198a5607,0.9012580232633494,20.0,0.5,-5.5,6251,>0.85
19fb4f7b,0.8175882404746229,18.0,11.5,3.0,5620,0.7-0.85
1a518997,0.7050366710924589,28.0,0.0,8.0,4606,0.7-0.85
1a68190b,0.7362899020138522,-2.0,20.5,13.0,4474,0.7-0.85
1a730ac2,0.7944453280201574,21.0,-16.5,5.0,4605,0.7-0.85
1aaf1da0,0.7962553468455779,29.5,4.0,10.0,4804,0.7-0.85
1b08ed48,0.8593829040758058,8.5,23.5,-13.0,5618,>0.85
1b1c5372,0.8619279995241109,-12.5,-18.5,-20.5,4261,>0.85
1b1eba53,0.8261888502713336,4.0,24.5,30.0,4655,0.7-0.85
1b6ba517,0.6518555284243465,6.0,6.0,-3.0,6597,<0.7
1b82b665,0.6177823204554019,-26.0,3.0,-5.5,3806,<0.7
1bcb2fcf,0.7053346698523759,-11.0,-28.0,-1.0,4524,0.7-0.85
1beca81d,0.9068563346238617,-6.5,16.0,0.5,5036,>0.85
1d3fbf02,0.7737333190305844,-28.0,0.5,1.0,2694,0.7-0.85
1d78281a,0.8214398466674436,-8.0,-24.0,5.5,4949,0.7-0.85
1e30dedf,0.9404156043678833,29.0,29.0,-3.5,4071,>0.85
1e5e3573,0.8077241963360282,2.5,-8.5,3.0,5480,0.7-0.85
1f9afacb,0.8720586131122792,7.0,26.5,-2.0,5328,>0.85
1fdbba44,0.6553868312866391,-5.5,13.0,9.5,4911,<0.7
1fee2b62,0.6626003204518288,-22.5,22.5,2.5,4641,<0.7
20096916,0.5845109251838475,-0.5,-29.5,-1.0,5133,<0.7
200d233d,0.771999739339619,9.5,9.5,11.0,3926,0.7-0.85
201661b5,0.7704912511580748,20.5,-15.0,5.5,5955,0.7-0.85
203721ab,0.8033361381531745,1.5,27.0,0.0,5730,0.7-0.85
20402d71,0.6782151091635039,-16.0,22.0,-16.5,6372,<0.7
2043abc5,0.816289478961314,-25.0,15.5,2.0,6958,0.7-0.85
204cc64b,0.7764133761385381,21.5,-20.0,-3.0,4805,0.7-0.85
206b6193,0.8409626267420772,19.5,-1.5,-24.0,6535,0.7-0.85
2075c696,0.7376933468321738,-28.5,-28.5,2.5,3188,0.7-0.85
22c5f93f,0.6734361575675004,-26.5,24.5,-9.5,5172,<0.7
230eaaa3,0.7472258691861111,14.0,14.0,8.0,4690,0.7-0.85
2364716c,0.8945964131503119,-7.0,-7.0,5.5,4316,>0.85
23b9beb0,0.7649642040200528,20.0,21.5,2.0,7340,0.7-0.85
24d8997e,0.8180783981994051,-28.0,-1.0,-2.5,3442,0.7-0.85
25050f63,0.8527645750307054,-16.5,9.0,7.0,6124,>0.85
25939962,0.7784230136491559,16.0,-28.5,3.5,4319,0.7-0.85
25fd32b3,0.8270173360921987,4.5,5.5,4.5,2885,0.7-0.85
261785ee,0.9274762750944161,-10.5,12.5,-11.0,3646,>0.85
264feceb,0.7882388536484738,-6.0,-6.5,-6.0,5665,0.7-0.85
26623a50,0.8080233805002561,-19.5,-7.0,-11.5,5735,0.7-0.85
26d3a96a,0.9056877578089286,0.0,0.5,5.5,4721,>0.85
272abef3,0.9078928667661648,-15.5,1.0,-11.0,4135,>0.85
27300fd5,0.8721075893460638,29.5,20.0,20.5,5467,>0.85
276b012a,0.78912631761928,0.5,0.5,6.5,4837,0.7-0.85
27c3155b,0.8839590120686601,-22.5,-22.5,-30.0,4958,>0.85
27ebb9b9,0.8633349401857638,4.0,15.0,-1.5,5766,>0.85
283269ac,0.8447141047899112,-9.5,0.5,0.5,2626,0.7-0.85
28473855,0.8298129131371852,-6.5,10.0,-3.0,4290,0.7-0.85
28f4eda9,0.785867035259154,-6.5,3.5,4.5,5266,0.7-0.85
29b24409,0.7437319502711063,-4.0,5.5,7.0,5587,0.7-0.85
29de15c8,0.8197711616143795,25.0,5.5,-7.5,3431,0.7-0.85
2ab29395,0.6452650168194766,-1.0,22.5,0.5,1852,<0.7
2ac7cb6b,0.9089150313119343,22.0,-2.0,-9.0,4990,>0.85
2acc78d4,0.795010096349499,0.5,-20.5,5.5,4266,0.7-0.85
2b034622,0.7820702500061495,-25.0,10.0,-9.0,5203,0.7-0.85
2b06ad65,0.8314494835465283,-2.0,27.0,-1.0,4256,0.7-0.85
2b547943,0.8203553034452429,19.0,-22.5,13.5,3480,0.7-0.85
2be5c96a,0.88609756586607,-5.5,14.5,-11.5,4210,>0.85
2bff06cf,0.7815213660416555,9.0,1.0,24.5,7624,0.7-0.85
2c0c4a4e,0.9027313902354723,-1.5,27.0,-3.5,4790,>0.85
2cee0cba,0.9420963044615018,28.0,7.5,2.0,5500,>0.85
2d0c268a,0.942905773863519,1.5,-1.5,-3.5,4550,>0.85
2d179ded,0.8319061318658352,5.5,5.0,-3.0,7008,0.7-0.85
2d196986,0.8029595517048833,1.0,1.0,-7.0,6474,0.7-0.85
2d2d0c6b,0.6964598072528638,8.0,29.0,1.5,5045,<0.7
2d35f86d,0.6308851064968758,-6.0,3.5,8.0,4896,<0.7
2d9f6cb9,0.7898337923643097,-14.0,6.5,7.0,7338,0.7-0.85
2ddad940,0.7388273256602846,22.5,19.5,-9.5,5331,0.7-0.85
2e29e833,0.8394885163903676,6.0,5.5,8.0,5428,0.7-0.85
2e43c2ea,0.7590838516232823,-15.0,20.5,4.5,5698,0.7-0.85
2e63d9de,0.883100164116894,-13.5,17.0,-9.0,4699,>0.85
2ee0235b,0.8323123508666098,-10.0,-6.0,-1.5,5556,0.7-0.85
2f19d536,0.6179747097123418,-17.5,-17.5,-2.0,3088,<0.7
2f8e53c3,0.7882857698863798,18.5,7.5,9.5,2594,0.7-0.85
2fa01aa6,0.7949448956709836,-3.5,3.0,-14.5,2174,0.7-0.85
2fd68f7b,0.8879432147664,4.5,-25.5,30.0,4730,>0.85
2fe023be,0.8046336512766197,17.5,-29.5,9.5,4221,0.7-0.85
30d75030,0.8061563756542882,-5.0,-7.5,-2.5,3404,0.7-0.85
310c71a5,0.8685895110385532,-6.5,-6.5,3.5,5245,>0.85
32fe84c9,0.7641567882517935,15.5,18.0,-13.0,6408,0.7-0.85
33c40295,0.8750492879401885,20.5,-11.5,9.0,4169,>0.85
3407f5bf,0.8746608304060112,9.5,1.5,-8.5,3638,>0.85
3417285d,0.8547658405157743,-4.0,13.0,19.5,5449,>0.85
347242c8,0.7653978157770343,5.0,-16.5,1.0,3595,0.7-0.85
353e5502,0.8352962269881332,-5.5,-8.0,3.5,6062,0.7-0.85
357c12f9,0.9194724978622432,14.5,14.5,7.5,4079,>0.85
3584a6eb,0.8087118637964064,15.5,-1.5,-10.5,4494,0.7-0.85
35b30c7f,0.8409056056334524,-11.0,-21.5,-12.5,9579,0.7-0.85
35b3ef6a,0.8918815369291526,-0.5,-22.5,-13.5,3904,>0.85
367456ce,0.8955258751824902,-9.0,-8.5,-1.5,5569,>0.85
368131f9,0.8324349273634741,-15.5,-15.5,10.0,4991,0.7-0.85
368fe682,0.6244012911642512,-22.0,-22.0,12.5,4936,<0.7
3690a146,0.902396404271788,1.5,10.0,5.0,4073,>0.85
37344c2a,0.8486047944847432,-3.0,7.0,7.0,5197,0.7-0.85
373ef48b,0.7807203324141072,-18.5,-18.0,1.0,3509,0.7-0.85
374be387,0.8534222825793055,-4.0,6.0,-10.0,9965,>0.85
37d36812,0.8093289546467591,-19.0,14.5,12.0,4367,0.7-0.85
38991fd4,0.9031342760592729,13.0,0.0,-6.0,4798,>0.85
389ae58f,0.7230296788220144,15.0,11.5,30.0,6463,0.7-0.85
3932faa6,0.7377118424663219,-20.0,-20.0,-5.5,5452,0.7-0.85
398dce4b,0.9331129708634013,-25.5,4.0,-0.5,3166,>0.85
39b51819,0.7429046662382652,-1.0,-1.0,-1.0,4231,0.7-0.85
3a0af893,0.5057251500995522,-23.0,-0.5,5.5,2927,<0.7
3a223519,0.7654667314449627,-1.0,-0.5,-14.5,4583,0.7-0.85
3a7dd95d,0.834231989011793,16.5,18.5,-22.0,3072,0.7-0.85
3a824aa7,0.7977984045799417,-19.0,-30.0,-6.5,4201,0.7-0.85
3a86fe8d,0.8779123958517563,23.5,23.5,-7.5,5118,>0.85
3aaa2b30,0.8600239738850676,-24.5,16.0,6.0,4711,>0.85
3ac16ad0,0.8148210250032758,-11.5,-21.5,7.0,5649,0.7-0.85
3b21ea64,0.8790355753185881,-0.5,8.5,7.0,7376,>0.85
3bbe1f5d,0.766789745644161,26.0,25.5,11.5,6918,0.7-0.85
3bfee975,0.7490467891403849,-12.5,-29.5,-3.0,3603,0.7-0.85
3c3dbcbc,0.8419958888922097,-20.5,-16.0,-5.0,5069,0.7-0.85
3d96d897,0.8142941056221052,-3.5,-3.5,0.0,5659,0.7-0.85
3df4b19e,0.8352840663047851,-22.5,-22.5,-7.0,4988,0.7-0.85
3e011332,0.8628622975574106,3.5,-15.5,6.5,2723,>0.85
3e678ea7,0.7589327543834122,18.5,-21.0,13.0,6858,0.7-0.85
3ef6372a,0.7540080990044808,1.0,22.0,1.0,4727,0.7-0.85
3ef98781,0.6120144961764675,-5.0,-5.5,-7.0,3892,<0.7
3f603129,0.8377832581604777,13.5,5.0,2.0,5051,0.7-0.85
404c4384,0.8220498597494523,-30.0,2.5,1.5,911,0.7-0.85
4121c517,0.8887647433505838,10.5,-16.0,5.0,3723,>0.85
41fb0192,0.6660074741556429,12.0,12.0,3.5,2973,<0.7
42669188,0.9560982071761769,-24.0,-16.0,-12.0,4282,>0.85
42c538a1,0.8479240310198358,2.0,2.0,30.0,3279,0.7-0.85
43b06c70,0.8192501666950404,9.5,9.5,1.5,4846,0.7-0.85
43c7f85a,0.6807372540564712,3.5,3.5,-5.5,5978,<0.7
43e16325,0.9046126765936923,9.0,-30.0,30.0,3720,>0.85
44441e54,0.598410997187979,3.5,-21.5,1.5,4357,<0.7
445af6c2,0.8845592728597728,9.5,22.0,-25.0,6041,>0.85
4463446c,0.6926381000762891,14.5,-18.5,7.5,3256,<0.7
44a94013,0.7892360184168609,18.0,-11.5,-11.5,4903,0.7-0.85
45fb3e21,0.7720888827679157,-10.0,-22.0,-13.5,3649,0.7-0.85
460f859e,0.7455779640101516,-21.0,1.0,3.5,3336,0.7-0.85
4630ab92,0.8503369807734645,23.0,-9.0,-4.5,3373,>0.85
463c38f2,0.8875591625536886,-21.0,28.0,-12.0,4460,>0.85
4654e7de,0.8387355956629821,-8.0,-17.5,-3.0,5373,0.7-0.85
466fc788,0.875301123260411,0.5,-4.0,6.5,6197,>0.85
46a301e9,0.9296484871417932,28.5,28.5,-13.5,8226,>0.85
46a7190b,0.642559481963718,13.0,13.0,15.5,4215,<0.7
46d24a09,0.7504136577843403,15.5,15.5,18.0,4449,0.7-0.85
46d41ff6,0.7794798435283544,-3.5,-20.0,-4.0,7901,0.7-0.85
46dfcfca,0.6092508840111106,-9.5,-16.5,-6.5,3606,<0.7
47222616,0.8269531768129063,-4.0,30.0,0.0,4406,0.7-0.85
47ee27ab,0.8918033595690166,1.5,27.0,-4.0,6397,>0.85
481de5fc,0.7227663171555488,29.5,29.0,-10.0,5952,0.7-0.85
48c1f673,0.8674627137144444,4.5,4.5,11.5,2917,>0.85
4936af16,0.8741190547120802,-6.0,-24.5,-4.0,3991,>0.85
493b5b31,0.9284023214351004,1.5,23.0,12.0,4671,>0.85
49dbc14c,0.5813848632204383,-0.5,21.0,-2.5,3872,<0.7
4a035ec2,0.7389771026089247,-11.5,19.0,-8.5,2588,0.7-0.85
4a335117,0.703445853856364,-7.0,-8.5,-6.5,5015,0.7-0.85
4a8ecc0b,0.800857239941347,-22.0,-25.5,0.5,5809,0.7-0.85
4b462989,0.9271713568859538,-12.0,6.0,-10.5,3106,>0.85
4b831d20,0.6639154174382734,8.0,-18.0,-5.5,7312,<0.7
4c2208f5,0.8360129844854876,11.0,20.5,10.5,5384,0.7-0.85
4c3168cf,0.8411293076452554,-18.0,3.0,3.0,4334,0.7-0.85
4c3df468,0.7290776773518459,-14.5,-14.0,9.0,5392,0.7-0.85
4caa7289,0.7737312066432613,-18.5,-18.5,-0.5,5396,0.7-0.85
4cd1ac61,0.8188386935771825,18.0,12.0,7.0,4489,0.7-0.85
4cecf7b3,0.7163649732486989,24.0,-18.0,-9.5,6019,0.7-0.85
4ddde4c1,0.9555055825968721,-5.5,19.5,-5.5,4472,>0.85
4e050c92,0.7821326560556979,-21.5,-21.5,-2.5,3705,0.7-0.85
4ed93db6,0.799756735963063,-4.5,-15.5,-4.0,4657,0.7-0.85
4f3eb9e9,0.8392285506870225,2.5,4.0,22.5,4697,0.7-0.85
4f4ac5ce,0.8777221307554455,26.5,-10.5,4.5,5162,>0.85
4f4afcc6,0.8529005168928531,-22.0,-28.0,-0.5,5645,>0.85
4f69febf,0.8948429874745945,26.5,-6.0,10.0,5460,>0.85
4fbe9c06,0.7307265967262934,12.5,-2.5,-7.0,6287,0.7-0.85
504c8b08,0.7788940349294493,-10.5,29.0,-19.5,6367,0.7-0.85
511e1db0,0.8786246898591089,-23.0,4.0,-9.0,3821,>0.85
512943b2,0.887399205790587,0.5,4.0,-3.0,5029,>0.85
5138a660,0.68622079305931,-15.5,-15.5,-4.5,3559,<0.7
516088b7,0.7930715930462339,-5.0,-10.5,-4.5,6645,0.7-0.85
521a7819,0.832927889895152,16.0,-9.0,-7.0,5200,0.7-0.85
5254b6db,0.7023912461797022,11.0,23.0,10.5,3274,0.7-0.85
529e88ca,0.925812107350535,-1.0,3.0,3.5,3417,>0.85
52f1e77a,0.7333244514868753,16.0,0.5,6.5,4442,0.7-0.85
5305524b,0.4718230183952416,-3.5,-3.5,-3.5,4898,<0.7
53134831,0.7533144958464553,8.5,-4.0,-6.0,5126,0.7-0.85
5397ceb1,0.80500222257698,1.5,-29.5,-6.5,5255,0.7-0.85
53f23031,0.8704657198763989,1.5,15.5,2.0,8550,>0.85
543198e8,0.77055755269403,-28.5,-28.5,-0.5,6503,0.7-0.85
54753541,0.8270350991392315,9.0,23.5,1.5,4026,0.7-0.85
54a7e3c2,0.8650874324570769,5.5,-11.5,9.5,6155,>0.85
5542c301,0.8669565877416793,-23.5,6.0,3.5,3591,>0.85
5567d551,0.8461454518142509,-7.5,10.5,2.5,6889,0.7-0.85
55efee7f,0.7228643604832395,-11.5,-11.5,-7.0,4801,0.7-0.85
5663b2b7,0.8556913210785028,10.5,-0.5,-8.0,4972,>0.85
5693dde2,0.4276083292995433,-4.0,4.0,-4.0,3488,<0.7
56b00794,0.6079622012441167,11.0,-14.0,20.5,6065,<0.7
57796579,0.8982909108136761,11.0,-6.5,9.0,5890,>0.85
577eec7c,0.8946469657880622,7.0,0.5,8.0,4539,>0.85
57f05c51,0.8975919474712971,17.5,28.5,18.5,4771,>0.85
58850d2c,0.6038721001198497,23.0,9.5,-13.5,4995,<0.7
58fa8486,0.8157576757215494,14.5,27.5,-3.5,4475,0.7-0.85
591cc951,0.8821552776428246,29.5,1.5,0.5,4609,>0.85
593876b6,0.8488989374205612,-12.0,-12.0,-2.0,4842,0.7-0.85
59f8b2e8,0.7746839923297718,30.0,12.0,6.5,3747,0.7-0.85
5a1a8fd8,0.7468895591336995,-8.0,23.5,-9.0,5260,0.7-0.85
5a5269a9,0.7841802642128238,1.0,1.0,-0.5,6513,0.7-0.85
5a5d1982,0.8727589219317186,-6.5,-6.5,-3.0,3894,>0.85
5a63b5d1,0.7323347402390575,6.5,6.0,-0.5,6217,0.7-0.85
5aa03df7,0.8713633461204868,-19.5,28.0,-1.5,4871,>0.85
5aa403d0,0.9307435511988623,0.5,-11.0,16.0,3118,>0.85
5aef5c6c,0.7947062771196938,11.5,11.5,2.0,3121,0.7-0.85
5b7b6324,0.8150284445089732,17.5,27.0,10.5,6564,0.7-0.85
5bd25f59,0.9569643080121645,11.5,-14.0,-5.0,4210,>0.85
5beded95,0.6976740214044852,-10.5,-11.0,-11.5,3057,<0.7
5cb483ac,0.8722350478009188,-7.5,-30.0,5.5,3852,>0.85
5cdd8dbc,0.6795720675770102,12.5,12.5,4.5,4010,<0.7
5d11dfb5,0.8320501165351828,-15.0,-10.5,7.5,5895,0.7-0.85
5d7198fd,0.8181095773083614,21.0,16.5,4.5,3368,0.7-0.85
5def1ce5,0.7205810394627638,-16.0,-10.5,5.0,6443,0.7-0.85
5eae34a8,0.8985745417014044,4.5,0.0,5.5,4904,>0.85
5f4d2a52,0.8236838947676636,-7.5,-6.5,28.5,5225,0.7-0.85
5f6756c5,0.792933260535367,-27.5,-4.5,5.0,5931,0.7-0.85
5f75f796,0.7604362230789482,-16.0,-16.0,7.0,5562,0.7-0.85
5fb1c15f,0.8639458195292673,-14.0,-30.0,13.5,2860,>0.85
5fffa282,0.8847631815225523,22.5,-8.5,0.5,4201,>0.85
60e37807,0.8087418336990204,14.5,3.0,12.0,2699,0.7-0.85
61f27424,0.9052270051942857,-5.5,23.0,-2.5,6220,>0.85
62569ae3,0.8891568567568392,-3.5,26.0,-4.0,3588,>0.85
62a6f539,0.7662473370796814,5.5,28.5,-7.5,3693,0.7-0.85
633774dc,0.8779459966020572,-7.0,7.5,10.5,6233,>0.85
63559d57,0.8601029383030612,-12.5,28.0,-3.0,4069,>0.85
647f2a41,0.767949038867535,22.0,-2.5,-6.0,3881,0.7-0.85
65156b96,0.8617618632690404,-12.0,-27.0,-9.0,3221,>0.85
653612bc,0.7752937507169998,-29.5,-7.0,-6.0,4605,0.7-0.85
656a067b,0.9046439023764766,-20.5,6.5,-1.5,3051,>0.85
65a5466a,0.8522899342391695,-28.5,-6.5,-4.0,4683,>0.85
660d9546,0.7705969103574078,3.5,-16.5,0.5,4732,0.7-0.85
6767c111,0.8529365095431001,-11.5,11.0,-6.5,6783,>0.85
67847288,0.7365755827456913,-14.0,12.5,-8.0,7429,0.7-0.85
67a8da4a,0.8146790420153026,-7.5,4.5,7.0,4911,0.7-0.85
684a6fc1,0.9361452022009703,0.5,-29.5,7.5,9818,>0.85
698930d1,0.926168070957464,23.5,30.0,1.5,4741,>0.85
699ea575,0.8437488888803714,-14.0,5.5,-2.5,4120,0.7-0.85
69c1bdad,0.8151812729542556,-6.5,-13.0,-0.5,2714,0.7-0.85
69e41fa6,0.6274504720347469,0.0,0.0,-1.0,5772,<0.7
6a0ff78e,0.794284331236599,-0.5,-1.5,-6.5,6465,0.7-0.85
6a8fa194,0.7856235894388324,13.0,4.0,9.5,3017,0.7-0.85
6ae68655,0.7082877736810115,7.5,-22.0,12.5,4204,0.7-0.85
6d1d74e1,0.7631896528922201,-3.0,28.0,-14.0,5830,0.7-0.85
6d590e26,0.8506390311838662,28.0,-2.5,3.0,6096,>0.85
6d6d93af,0.6477673388008486,20.5,-13.0,-23.0,3595,<0.7
6dbe4b60,0.8545232205490544,4.5,-1.0,3.0,4648,>0.85
6e6d122c,0.674302661550997,-14.5,-15.0,3.5,5632,<0.7
6e9ccd38,0.8756182616479756,-5.0,-30.0,-5.0,8282,>0.85
6ea22614,0.9554369132916368,29.0,7.0,-1.5,5971,>0.85
6ede926a,0.7398543551289596,-17.5,-18.0,1.0,4938,0.7-0.85
708caea9,0.8936171033700891,-9.5,1.5,30.0,6548,>0.85
70925e23,0.4941474148015054,18.5,18.0,-13.5,5947,<0.7
70e1788b,0.8421667305036075,-16.0,-16.0,-8.0,9285,0.7-0.85
71642c7d,0.7349085489229213,15.0,27.5,-7.0,4648,0.7-0.85
71ccf778,0.8546008125265278,-1.0,21.0,-5.5,2698,>0.85
7224331b,0.7966271951089515,22.0,-10.0,4.0,6063,0.7-0.85
722cf0d8,0.8862542735736582,18.5,18.5,2.0,5143,>0.85
7256229b,0.8292985154430116,-27.0,-27.5,-3.5,5415,0.7-0.85
726f3dc2,0.8609833233938842,21.5,18.0,-4.0,6723,>0.85
7271dd80,0.9579500110628143,-19.5,-25.5,-2.5,4340,>0.85
727a3a10,0.500311245063719,1.5,19.5,-2.5,4397,<0.7
729665c0,0.7680926993741682,17.5,17.5,2.0,4263,0.7-0.85
729e9750,0.7194311646675048,-6.5,22.5,6.0,5919,0.7-0.85
729f4217,0.7154149884174426,23.5,10.5,-11.0,6195,0.7-0.85
72dd8501,0.8463208176517626,10.5,25.5,2.0,5193,0.7-0.85
73348914,0.683284370980285,-12.5,4.5,0.5,4221,<0.7
739a914f,0.849196714308232,-23.0,-23.0,-15.0,5505,0.7-0.85
73b1447d,0.7523491680881264,-24.5,20.5,3.0,5670,0.7-0.85
74b6186b,0.8233554817500216,-30.0,-3.0,-2.0,3405,0.7-0.85
75c20ec7,0.8121513021115516,16.0,25.0,2.0,5361,0.7-0.85
75cd5f11,0.7854470890512589,2.5,4.5,-1.0,4946,0.7-0.85
75d20a82,0.844949899196019,15.0,15.0,-2.5,5067,0.7-0.85
76201745,0.9673287416865924,3.0,26.5,-1.0,4448,>0.85
764072a5,0.8452147816764705,-15.0,-1.0,-6.5,2949,0.7-0.85
77b0d905,0.8750287509793946,9.0,19.0,1.0,4174,>0.85
77e4821c,0.798407239180762,14.0,-0.5,11.5,5393,0.7-0.85
7850c72e,0.7981254580623506,-20.0,-11.0,-24.0,5497,0.7-0.85
78a4a386,0.7315376148834476,-15.5,23.5,-5.5,5119,0.7-0.85
79507629,0.7431959651483613,-29.0,18.0,3.5,5302,0.7-0.85
796dbd4c,0.8689648045718815,2.5,2.5,-5.0,6248,>0.85
7987f2f2,0.7788280661252021,-2.0,-10.5,-10.0,3705,0.7-0.85
7993a768,0.7444844417800863,-3.0,-2.0,-1.0,5487,0.7-0.85
7a5660b0,0.7967511117967311,-29.0,5.5,-15.5,4998,0.7-0.85
7acda2df,0.6474434313592371,17.0,-15.0,7.5,3091,<0.7
7b2c7b3c,0.7760285005087807,-29.5,-3.5,3.5,2584,0.7-0.85
7b38844c,0.8251674561395193,-27.0,6.0,1.0,3749,0.7-0.85
7bb17b96,0.8411695498544846,8.5,-2.0,7.5,3922,0.7-0.85
7c607683,0.820725990645749,-23.5,-23.5,-14.0,5328,0.7-0.85
7cbbd047,0.8669508823832622,-22.5,17.5,-18.5,5121,>0.85
7cd4bb31,0.7999047846424444,-26.0,16.0,-0.5,6439,0.7-0.85
7d50373e,0.6467854610950489,-21.5,21.0,-8.5,5122,<0.7
7d57c75d,0.9655245398972591,5.0,5.0,7.5,4405,>0.85
7e208414,0.8258813373544103,15.5,-16.5,-5.0,4226,0.7-0.85
7e721392,0.7726882382974999,18.5,-1.0,-30.0,6174,0.7-0.85
7ff89f8f,0.7667516826221565,13.5,14.0,10.5,7337,0.7-0.85
8050c789,0.895765047038398,-19.0,-10.5,-5.5,3077,>0.85
807f0298,0.9120602672826422,30.0,30.0,5.5,3747,>0.85
811f52b3,0.885199777476249,-20.5,-24.5,4.5,4836,>0.85
81bf5923,0.6805107018674627,-13.5,-14.0,-23.5,4543,<0.7
81fc01c6,0.917185634053878,-2.5,-4.0,8.0,5909,>0.85
8255c867,0.8532518166979797,12.5,-0.5,16.5,3589,>0.85
82aab6d2,0.8256116953602921,-19.5,26.5,-13.0,6140,0.7-0.85
82fcf37c,0.622541632971764,-22.5,-1.5,-2.0,6014,<0.7
833af382,0.6384887512902856,30.0,-19.5,-18.0,3628,<0.7
8382f4b6,0.7464095359646755,-22.0,16.5,-24.0,4967,0.7-0.85
84633df4,0.9111133445065133,0.0,-11.0,11.0,4972,>0.85
8478df29,0.9122783414327919,-2.5,26.5,-2.0,4857,>0.85
84815d5a,0.7864388766593028,7.5,-23.5,8.0,3647,0.7-0.85
84c3b497,0.7910453766262481,3.0,30.0,19.0,5312,0.7-0.85
85380836,0.8166774455133292,-2.0,13.0,2.0,6618,0.7-0.85
8612b37f,0.7546845879288797,-27.0,-27.5,2.5,5165,0.7-0.85
861e71df,0.8979240838373775,-20.0,22.5,-11.5,4700,>0.85
86454a6f,0.6349635589529772,5.0,-18.5,30.0,7964,<0.7
8648abae,0.7948532806533091,-29.0,23.5,1.0,4244,0.7-0.85
865033f8,0.6970724303480975,4.5,20.5,6.5,3557,<0.7
87695469,0.7436515482802588,5.0,-28.5,-7.5,7003,0.7-0.85
877ed19c,0.808975320202405,-27.5,3.5,-5.0,3708,0.7-0.85
87aa3730,0.5201070211367869,-20.5,25.5,-7.0,5607,<0.7
884ecb5f,0.8389226275317917,18.0,-16.0,3.5,6724,0.7-0.85
8902c3f6,0.8808337018632508,-1.0,-26.0,0.5,4959,>0.85
896d15b9,0.8123216008600737,-12.0,7.5,30.0,4279,0.7-0.85
8995c945,0.8726874893347241,-1.0,-17.0,14.0,6724,>0.85
89969c7a,0.9116125520559243,-0.5,-21.0,3.5,4947,>0.85
89f1085d,0.4621091621941687,-8.0,8.0,-14.5,5994,<0.7
89f36adf,0.7886524478315576,-7.0,23.0,1.0,5292,0.7-0.85
89fdb2f2,0.8415511600843112,5.5,22.0,4.0,2031,0.7-0.85
8a3da6d1,0.8576089488393671,-19.0,-19.0,6.5,4593,>0.85
8a89da23,0.8366892709042988,18.0,18.0,18.5,3935,0.7-0.85
8a9c8932,0.6341202378376543,24.0,24.0,5.0,4663,<0.7
8ac2f237,0.810355999075842,-11.0,-23.5,-13.5,5319,0.7-0.85
8b12bab6,0.7594382954367597,-19.0,12.5,4.0,5234,0.7-0.85
8b5be31b,0.8847663693545309,13.5,-25.0,-1.0,5672,>0.85
8b95d6d1,0.8421914810428355,2.5,14.0,0.5,1731,0.7-0.85
8b9d8326,0.8341951744265315,-1.0,-19.0,-5.5,6163,0.7-0.85
8bb9c1e6,0.8520185971551509,-16.0,-16.0,-1.5,4546,>0.85
8bda1a11,0.710537964280568,-27.5,-27.5,-2.0,5981,0.7-0.85
8bfa881d,0.7160032641123499,1.5,-15.5,14.0,4089,0.7-0.85
8c167025,0.7805852028899493,-23.0,-16.0,4.0,5368,0.7-0.85
8c8348e8,0.6806305008935108,-13.0,13.0,-8.5,3888,<0.7
8cc21f01,0.8240088858338614,30.0,-29.5,-1.0,4044,0.7-0.85
8cc800b3,0.8631321831589777,-0.5,17.5,-28.0,6576,>0.85
8d5d46d7,0.8195720154926829,11.5,18.5,14.5,5755,0.7-0.85
8d92cb49,0.7782800197518556,6.5,-27.5,5.5,3589,0.7-0.85
8f201368,0.7856540153458039,11.0,23.5,24.5,6349,0.7-0.85
90386ee4,0.7337274928910595,-12.5,2.0,3.5,3840,0.7-0.85
91abc4c7,0.7454706199157175,3.5,4.0,-5.5,5848,0.7-0.85
91b301ce,0.7948811805267254,-4.0,-28.5,-17.0,6570,0.7-0.85
91db7070,0.8224678499923092,-3.0,26.0,30.0,4073,0.7-0.85
925a7cd1,0.928427313756573,-26.0,2.0,3.5,4517,>0.85
9283ae69,0.7812355517800263,-7.0,-24.5,6.5,3371,0.7-0.85
9298ad5b,0.8076628712203253,30.0,-3.0,2.0,3964,0.7-0.85
9314ff13,0.7934865987267683,-25.0,23.0,-9.0,2748,0.7-0.85
93209a3d,0.8342403267325205,0.5,18.5,15.0,4697,0.7-0.85
939d9c34,0.832367517958389,-19.5,-19.5,0.5,5101,0.7-0.85
93f5d2e6,0.8629776278542146,-11.5,-11.5,-12.5,3691,>0.85
940a48d9,0.915283584234139,-2.0,-25.5,-2.0,3963,>0.85
940e709a,0.6385901777485871,-6.5,2.0,2.0,3348,<0.7
9426ec1e,0.7818870387490935,-25.0,15.0,-7.5,2532,0.7-0.85
94467f50,0.718538989918725,-9.0,10.0,-12.0,3035,0.7-0.85
944f36b9,0.8024180785325498,0.5,-20.5,-3.5,4630,0.7-0.85
94d813a4,0.7980442127606224,-1.5,-26.0,-23.5,4847,0.7-0.85
95b559e7,0.8834448649687194,8.5,-2.5,13.5,2887,>0.85
95c8427f,0.8721266795789777,4.0,-8.0,-18.5,6335,>0.85
96936c22,0.9430605019252758,-9.5,-8.5,-11.5,3346,>0.85
96ae5806,0.8503875410335285,25.0,25.0,-5.5,9839,>0.85
96b7eea1,0.8205213720823774,6.5,-30.0,9.5,4332,0.7-0.85
9719aa04,0.9341132534451126,-1.5,26.0,7.5,4871,>0.85
974802e7,0.6837081227258066,-20.0,-20.0,5.0,5843,<0.7
97cd5bf9,0.7501302119686593,13.5,-16.5,2.5,3449,0.7-0.85
98177ced,0.9456048173807999,5.0,-15.5,-0.5,4772,>0.85
9896fc0b,0.8841280617123152,-7.0,-27.0,-9.5,3595,>0.85
98bc6f66,0.7739432322458354,30.0,18.0,9.0,6063,0.7-0.85
992c99e8,0.8351210296448982,19.0,30.0,-6.5,4904,0.7-0.85
992ce078,0.7859304152457818,30.0,-18.5,-2.0,2879,0.7-0.85
99529c45,0.8818731046701981,16.5,-28.0,-12.5,5840,>0.85
995ff498,0.846900024789116,0.0,29.0,-7.5,4526,0.7-0.85
999daf80,0.8198265200018515,-10.0,-30.0,-3.0,3564,0.7-0.85
9a6b0392,0.9494042300386529,-19.5,-23.5,-16.5,4255,>0.85
9a8ae0d6,0.847677014779982,10.5,-23.0,-6.0,6294,0.7-0.85
9a95e33f,0.8593759322703852,-2.5,17.5,-13.0,6447,>0.85
9ab94eeb,0.7620663787629229,-4.5,4.5,0.5,4442,0.7-0.85
9ad5410a,0.7050902155372292,-25.0,-13.0,4.5,4205,0.7-0.85
9ae248be,0.7728887990637747,1.0,1.0,11.0,5271,0.7-0.85
9af1ffd0,0.8132002927452995,-16.0,-16.0,-10.0,3525,0.7-0.85
9b5b61c1,0.9257549495328712,-30.0,-14.0,-6.0,5532,>0.85
9b9e3b49,0.8117695728239258,8.5,-10.0,9.0,5118,0.7-0.85
9bd2bba3,0.8409196967343027,-21.5,-29.5,2.5,7439,0.7-0.85
9c211c53,0.86518458848445,-3.0,26.0,4.0,7265,>0.85
9c350a6a,0.8510165022401295,22.0,15.0,16.5,6052,>0.85
9c8375f7,0.715299930686031,9.5,-15.5,-7.5,3674,0.7-0.85
9d072e4c,0.8039743799626222,-2.0,-2.5,2.5,5107,0.7-0.85
9d3ec64c,0.9269308685552469,-17.0,-12.5,-5.0,3480,>0.85
9d4272e3,0.6928995427029532,-8.5,-1.0,7.5,4030,<0.7
9d5e14d4,0.8197803961165283,-25.0,22.0,-11.0,5400,0.7-0.85
9da441ba,0.8049411669258695,-19.5,-16.0,4.5,5783,0.7-0.85
9dede370,0.8296182788620997,-26.0,-26.0,11.0,6297,0.7-0.85
9def2eb2,0.7937628166661282,-9.0,-21.0,-4.5,6003,0.7-0.85
9df1b1f9,0.7926461195718486,30.0,24.5,4.5,4701,0.7-0.85
9dfff011,0.8019964563675683,-6.5,-4.5,-6.5,4319,0.7-0.85
9e3e364d,0.7245286271818785,6.5,6.5,-3.5,4290,0.7-0.85
9efc812e,0.9049748997290068,-20.5,1.0,7.0,4450,>0.85
9f0c7bae,0.6996635004479084,-10.5,-5.0,-4.5,2542,<0.7
9ffce529,0.7463821812504139,-19.5,-19.5,0.0,5212,0.7-0.85
a0383629,0.7170593179693858,21.0,12.5,-1.5,5832,0.7-0.85
a056d01e,0.8109614478081414,1.0,20.0,2.0,6557,0.7-0.85
a08d9e63,0.7657560137082333,-25.0,18.5,10.0,3685,0.7-0.85
a0b83014,0.8595340926046428,18.5,20.5,16.5,5035,>0.85
a0e92ed6,0.7516593982972158,0.5,30.0,1.5,4897,0.7-0.85
a15bc102,0.8709136971184133,0.5,9.5,1.0,3236,>0.85
a247e7cf,0.74698797375802,-28.5,-26.0,-6.0,5674,0.7-0.85
a2e8e7f6,0.8347626575373754,7.5,-15.5,8.0,4760,0.7-0.85
a3518960,0.8204703395530442,-29.0,18.5,-15.5,4967,0.7-0.85
a3f71395,0.7093486737014474,15.5,-17.0,10.5,5543,0.7-0.85
a4719920,0.8091857753396993,-29.0,-1.0,-5.5,5884,0.7-0.85
a48640d9,0.6674753617941537,7.5,26.5,9.0,4532,<0.7
a4cdbb0f,0.8078348414973768,-11.0,17.5,2.0,5204,0.7-0.85
a4f989c2,0.8103320529040862,-27.5,-27.5,-6.5,5385,0.7-0.85
a5aa7973,0.9257118195133536,-3.0,27.5,-11.0,4616,>0.85
a5e6f7dc,0.7635013891331817,-14.5,29.0,-18.0,5649,0.7-0.85
a612d5a0,0.9007116675001147,-25.5,-25.5,6.5,5329,>0.85
a622ce4d,0.7840680641365881,11.5,-20.5,8.5,6298,0.7-0.85
a645da9a,0.8098316872957303,-11.0,21.5,-4.0,5153,0.7-0.85
a692b17e,0.7228888743551051,-8.0,-8.0,-0.5,3566,0.7-0.85
a6b8ac67,0.8289704226276412,-29.5,24.5,8.0,5453,0.7-0.85
a6ed2eff,0.8867047164698311,15.0,-24.5,5.5,5275,>0.85
a6f967fb,0.7644096149720476,-14.5,-5.5,-4.5,4670,0.7-0.85
a76db406,0.7878670847146705,-12.5,-12.0,-14.0,4672,0.7-0.85
a7744f5b,0.8405504476326013,5.0,-4.0,-3.0,4377,0.7-0.85
a783cc24,0.864526636809588,-8.0,-1.5,-10.0,1889,>0.85
a79fd2e7,0.8989436759525186,-8.0,-8.0,-9.0,4404,>0.85
a7fc3e6b,0.8937555601643048,18.0,-13.5,7.5,4764,>0.85
a85bb86f,0.7961725737486205,-2.0,-9.5,8.0,3099,0.7-0.85
a85e4bc3,0.8305898812071161,-29.0,20.5,-6.0,4581,0.7-0.85
a87433c9,0.8346573159441101,-0.5,20.5,-1.0,5721,0.7-0.85
a8ed028a,0.8725058368258157,27.5,7.5,29.5,5538,>0.85
a959858c,0.7534706149839402,-7.5,13.0,24.5,4404,0.7-0.85
a9c9b150,0.8215554632391051,-6.5,-6.5,-1.0,3986,0.7-0.85
aa95015b,0.862286305653251,-1.0,-28.0,1.5,4300,>0.85
aaaf3c03,0.8198524986370496,1.0,29.5,10.0,2997,0.7-0.85
aaeffccb,0.8380601435748577,3.0,9.0,2.5,2712,0.7-0.85
ab112491,0.7588487067588114,-26.0,-20.5,20.5,5185,0.7-0.85
ab18d3fc,0.8075859745427165,-8.0,-29.0,-9.0,5694,0.7-0.85
ab3ced07,0.7781259837592951,24.5,6.0,-7.0,4250,0.7-0.85
ab6fe95d,0.8010824448429799,-16.0,-25.0,-2.5,5491,0.7-0.85
ab94878e,0.8778768875926463,-29.0,-29.0,1.5,6004,>0.85
abf460d2,0.9239735550293469,-6.0,14.0,2.0,3217,>0.85
ac6f01d5,0.778085783925429,17.0,-0.5,-15.0,5004,0.7-0.85
ad2133a8,0.5819593966387645,25.0,-22.5,-11.5,5729,<0.7
add9c322,0.9049281198053333,26.5,26.5,-7.0,3932,>0.85
ae069086,0.9260353201974479,6.0,-12.5,-3.0,4770,>0.85
ae0784a8,0.8996865626609696,-25.5,-4.0,0.0,7823,>0.85
ae35f33a,0.7844422389656966,11.0,5.5,7.5,4450,0.7-0.85
ae8959c3,0.8970979990890479,-18.0,-12.5,22.5,4518,>0.85
aed44918,0.7470778603625579,-19.0,30.0,-1.0,2719,0.7-0.85
aee6393a,0.718232660285917,8.5,-16.5,-0.5,5865,0.7-0.85
af7a59ce,0.6969703993745048,-9.0,-17.5,-5.0,3024,<0.7
aff4e561,0.7986724030388219,-18.0,-3.5,1.0,6026,0.7-0.85
b04b58a3,0.8666529058627158,-3.5,-23.5,4.0,3402,>0.85
b0d42b0d,0.7179579544578903,-6.0,5.0,22.5,4971,0.7-0.85
b0f53bf4,0.7912943719955694,13.5,15.0,-5.0,2755,0.7-0.85
b19b0395,0.8311624957376973,-18.5,-4.5,0.5,5813,0.7-0.85
b1efb8a4,0.8196779610007406,5.0,22.5,4.0,5998,0.7-0.85
b32902c0,0.8815407826915554,-18.0,14.0,2.5,3808,>0.85
b32e4903,0.7487394348816001,-18.0,5.0,6.0,5770,0.7-0.85
b3388334,0.8588857969069666,6.5,22.0,2.5,6080,>0.85
b37fd114,0.7798216165646435,2.0,2.0,15.5,8161,0.7-0.85
b38e3116,0.8457215006887204,-4.5,9.5,-7.5,6211,0.7-0.85
b4d8dd4f,0.839655751941434,3.5,4.0,5.5,4259,0.7-0.85
b4f37e6e,0.817091570559901,13.5,6.5,5.5,2992,0.7-0.85
b56bc0aa,0.7655675748196726,18.5,18.0,6.5,5602,0.7-0.85
b585b4fa,0.8233365999340919,5.5,12.5,4.5,4294,0.7-0.85
b5aa9634,0.775301711688954,-5.0,-5.5,-8.0,7326,0.7-0.85
b7974e66,0.8114010579699484,26.0,26.0,0.0,5558,0.7-0.85
b7cdcecb,0.7677633834582502,-25.0,10.5,-1.0,6168,0.7-0.85
b7fea9ef,0.8872790934773631,-10.0,-9.5,-9.0,3866,>0.85
b85f7b06,0.7616280015588385,13.0,13.0,-1.5,3803,0.7-0.85
b881d27e,0.5703652366574776,3.5,-3.5,11.0,4009,<0.7
b8c49c1a,0.8444742288825899,13.5,-13.5,1.0,4319,0.7-0.85
b95e7121,0.7897843551074057,-13.0,5.0,-20.0,6306,0.7-0.85
b977be4a,0.7509825001754302,-23.0,16.0,-8.0,5917,0.7-0.85
ba48188d,0.6895823263359331,-3.5,4.0,-30.0,4166,<0.7
bb2cdd83,0.7820389529920612,-19.0,-11.0,1.5,3825,0.7-0.85
bb337fa0,0.8823072453008294,-22.0,-4.5,9.0,6873,>0.85
bb682ebd,0.8818367123800487,-26.5,-22.5,21.0,4139,>0.85
bc4381e2,0.7860184941993945,-6.5,0.5,4.5,4955,0.7-0.85
bcebcc5f,0.9419642005531087,-3.0,11.5,3.0,6258,>0.85
bd2c2f34,0.8995642937242219,14.5,28.5,-13.5,9823,>0.85
bd4ae5da,0.7359172050775962,-5.0,26.0,-8.0,5006,0.7-0.85
bd6f0e19,0.8518429228563851,9.0,21.0,10.5,5140,>0.85
bd8f847e,0.6691872735043113,-9.0,0.5,-6.0,4961,<0.7
be063506,0.7257469240776245,17.0,-13.0,0.0,4500,0.7-0.85
be35c8f2,0.7988768483895138,7.5,8.0,-3.0,4226,0.7-0.85
be83e781,0.5714160822526329,1.5,9.5,-11.0,3221,<0.7
beda8696,0.7212745742320316,15.0,14.5,-9.0,5912,0.7-0.85
bf39bc20,0.7730941056718789,-3.5,-28.0,0.5,3303,0.7-0.85
bf70b410,0.678755003659125,-23.0,-16.5,-2.0,6347,<0.7
bffe3082,0.7553630228723914,-7.5,30.0,13.0,5723,0.7-0.85
c03b9305,0.4449797949859519,-21.5,0.5,3.0,4255,<0.7
c03d4aed,0.7622133182981637,-7.0,-7.0,5.5,4641,0.7-0.85
c03fba65,0.8766655016965059,-13.0,-28.0,-22.5,3699,>0.85
c07fd0cd,0.8832191433873479,27.0,27.0,0.0,4191,>0.85
c1708b88,0.8296244069626502,-30.0,-29.0,-20.5,6315,0.7-0.85
c1d046f4,0.8467235919267183,-22.5,-14.0,2.0,5513,0.7-0.85
c2717d4f,0.8886888754447337,8.5,8.5,9.5,4721,>0.85
c2c4db09,0.8638677064018307,-24.5,-25.0,-2.5,6039,>0.85
c2c6fc71,0.9572322593008026,17.5,20.5,-6.0,7119,>0.85
c36625df,0.7935837111292361,-8.5,3.5,-5.0,4742,0.7-0.85
c3957531,0.7659763988534227,-27.0,1.5,-5.0,5316,0.7-0.85
c42fe306,0.7487278965243985,-28.0,14.5,7.0,5095,0.7-0.85
c43812e2,0.7592388772389632,6.5,6.5,7.5,5527,0.7-0.85
c472c0b5,0.9482272436115784,23.5,23.5,5.0,3054,>0.85
c47e0767,0.8598359165845937,17.5,18.0,13.5,4356,>0.85
c50b42f6,0.8053894707744088,-23.5,-23.5,7.5,6014,0.7-0.85
c593337f,0.7217979589343505,15.0,-25.5,-15.0,5208,0.7-0.85
c59b6c4a,0.8341467382354976,-24.5,9.0,-22.5,5499,0.7-0.85
c66be2b8,0.835171194099945,-15.5,-30.0,-14.5,4154,0.7-0.85
c6797dd7,0.9221751140964368,-6.5,2.5,0.5,4664,>0.85
c6b782a4,0.912541265067714,14.5,14.5,-9.5,4877,>0.85
c6c96179,0.8553136978643503,7.0,17.5,4.0,4004,>0.85
c70c0e01,0.5555203681389064,9.0,22.0,-0.5,4312,<0.7
c84c65be,0.8564972828490415,-5.0,-5.0,4.5,8496,>0.85
c8d9680c,0.7437882824085665,11.5,12.0,30.0,6281,0.7-0.85
c908edd0,0.8086955086805347,-10.5,-10.5,-2.5,5293,0.7-0.85
c9578d27,0.754307478147838,0.0,0.0,9.5,4487,0.7-0.85
c96c018a,0.8769204796486056,18.5,18.0,11.0,6236,>0.85
c99f9fae,0.8326425233720954,28.0,-22.5,-6.5,6361,0.7-0.85
c9e6734f,0.7259118103641117,11.0,-2.0,6.5,4735,0.7-0.85
c9e980e8,0.808619300142636,-27.0,24.5,-16.5,4359,0.7-0.85
c9fedcf3,0.8526779680326373,7.0,7.5,8.0,3517,>0.85
cad13e8f,0.8681555394880144,7.0,-11.5,-6.0,4848,>0.85
cb34231f,0.8434114564379849,8.5,9.0,9.5,5609,0.7-0.85
cb879f40,0.9040798081667527,10.0,10.0,7.5,6315,>0.85
cbb406b5,0.7185779527201901,7.5,-14.5,6.0,6328,0.7-0.85
cbe51de1,0.7960254038601093,17.0,17.0,1.0,3963,0.7-0.85
cbe62450,0.7504714564118763,10.0,-5.5,8.5,6258,0.7-0.85
cc08aa63,0.7746195096871519,5.5,7.5,8.5,3274,0.7-0.85
cc8a1d57,0.7063982960733052,-25.5,-24.5,-13.0,6638,0.7-0.85
ccedb12b,0.8040752250460086,-13.5,-21.5,-3.0,4401,0.7-0.85
cd7f1687,0.8004315730325869,-7.5,-3.5,-3.0,4232,0.7-0.85
cda7eb37,0.7656293697052021,6.5,-4.0,-1.5,5973,0.7-0.85
cdc31d65,0.8926242151882724,-14.5,-14.5,4.5,4840,>0.85
cdc60a53,0.9058690566585395,16.5,23.5,4.5,5878,>0.85
ce55ba43,0.8278746846851427,-21.0,15.0,8.5,4104,0.7-0.85
ce8399b7,0.8752465602896167,-6.0,16.5,-6.5,1615,>0.85
cf50c9d1,0.8561358663027595,14.5,-28.5,-17.5,4858,>0.85
d00e7eb9,0.8052475036669251,-28.0,18.5,-4.5,5704,0.7-0.85
d011f41b,0.7890893512381609,13.0,-18.5,-5.5,2267,0.7-0.85
d07aed8f,0.9446287212220157,20.0,-13.0,12.5,2957,>0.85
d085e611,0.9223817563068076,-2.5,-12.0,2.5,6191,>0.85
d0a0e7b5,0.7731084294106189,-2.0,-22.0,4.0,3816,0.7-0.85
d0a43760,0.6672478783189212,-4.0,-30.0,6.5,4041,<0.7
d0cb63ae,0.9025766659114867,-3.5,21.0,-25.0,5223,>0.85
d114d9c2,0.7890185099643485,27.5,-5.5,-10.0,6206,0.7-0.85
d1457cc5,0.525853073955046,-26.0,-10.5,0.0,6920,<0.7
d1ecf309,0.8315076647299753,6.0,-22.5,8.5,6168,0.7-0.85
d1ee630d,0.852257786703924,-0.5,6.5,3.0,6290,>0.85
d217e0c5,0.8257525183504921,-14.5,-20.5,-0.5,3838,0.7-0.85
d24ff243,0.8579496161587987,-13.0,-9.5,8.0,5641,>0.85
d273674e,0.8789060855930731,-2.5,-14.0,-8.5,3899,>0.85
d2f3b1ab,0.827148480354085,1.5,-2.5,10.5,5581,0.7-0.85
d3df146b,0.8212929768515487,20.5,11.5,3.5,5787,0.7-0.85
d40f61d5,0.7465533961802057,-29.0,13.5,0.0,4039,0.7-0.85
d41beaf2,0.8951020832804437,-1.0,29.0,-3.5,4753,>0.85
d463e527,0.6623888397453327,3.0,20.5,-1.5,4767,<0.7
d4f60a28,0.8753697647512209,-25.0,18.0,-11.5,4501,>0.85
d50c649a,0.8071391224460356,13.5,30.0,1.0,4873,0.7-0.85
d543916f,0.9105726688306587,-17.5,16.5,4.5,4799,>0.85
d5df0ff5,0.8330757743465553,-28.5,-29.0,-2.0,4032,0.7-0.85
d60430e6,0.221862505550433,-18.0,-18.0,-2.0,2511,<0.7
d63196fe,0.7964268819370409,12.0,12.0,-14.0,4510,0.7-0.85
d6c320d9,0.8240275152026294,-10.0,27.5,12.0,5452,0.7-0.85
d6dd7330,0.8450777571621103,3.0,-20.0,4.0,6193,0.7-0.85
d7ba4f9d,0.6730382820990728,-11.0,-27.0,-15.5,6023,<0.7
d7eb0be8,0.8663092056198665,-22.5,29.5,0.5,5401,>0.85
d84b621b,0.7911934711005897,-7.0,-7.0,-15.5,3994,0.7-0.85
d90aa14c,0.8732693155833561,13.0,12.5,3.0,10018,>0.85
d924e971,0.8406628488473266,24.5,-19.0,26.0,3184,0.7-0.85
d9ae59b2,0.6911574180374042,20.5,-24.0,-9.0,3648,<0.7
d9d6d94d,0.7092542027668963,-4.5,3.0,0.0,4919,0.7-0.85
d9eca87b,0.6409368642786994,10.0,23.5,-10.5,6373,<0.7
da2d4d7c,0.7333539014669456,-1.5,-2.0,-3.0,2114,0.7-0.85
da3bfe4e,0.5895702404888052,-12.0,26.5,-21.5,5549,<0.7
da3cf798,0.9007350328387341,-0.5,-0.5,6.0,5844,>0.85
da940160,0.8527359300800772,1.0,-11.5,2.0,5132,>0.85
dafc88c3,0.8116009184362205,-19.5,-19.0,6.5,5572,0.7-0.85
dbee6c86,0.8021547170391508,-3.5,3.5,-2.5,7369,0.7-0.85
dc5fbe29,0.9026747085683658,16.5,19.5,1.5,5203,>0.85
dc7da28f,0.9473484798413043,18.0,18.0,16.0,4774,>0.85
dc7f9757,0.8236402394652129,-13.5,30.0,-11.0,4360,0.7-0.85
dd168de0,0.7759477726713504,2.0,-5.0,3.5,3304,0.7-0.85
dd64382d,0.8887970472368991,16.5,16.5,0.5,3124,>0.85
dd6bc5b2,0.9054358970089921,-29.5,-29.0,6.5,3602,>0.85
dd7d638e,0.8923754237486917,16.0,0.0,-0.5,4301,>0.85
ddc790ff,0.8422609684870784,12.0,18.0,-7.5,4726,0.7-0.85
df71d1ff,0.717398706387725,-20.0,-20.5,-12.0,6228,0.7-0.85
df73b8f3,0.7455845145041844,29.5,29.5,-8.0,5311,0.7-0.85
df8290be,0.7519949604690368,10.0,-5.0,5.0,3972,0.7-0.85
e0079ed1,0.8316392944443401,18.0,-12.5,-2.0,3471,0.7-0.85
e03b45fd,0.7436936206786233,-18.0,20.5,-2.5,5342,0.7-0.85
e0f36d98,0.9285611739329572,10.0,-8.0,6.5,4976,>0.85
e149204f,0.807182650143309,19.0,19.0,3.0,6097,0.7-0.85
e14d641e,0.796052696476302,-5.0,28.0,-9.5,3184,0.7-0.85
e161bd0c,0.7948226612466753,9.5,-28.0,1.5,2949,0.7-0.85
e201fd6d,0.6025072981832345,-23.0,-23.5,-12.0,5070,<0.7
e25f1537,0.8841091515683633,5.0,4.5,2.0,3177,>0.85
e2fc7745,0.850278940071599,10.5,25.0,10.0,3692,>0.85
e32da4ec,0.7781054250829686,25.0,24.5,4.0,4689,0.7-0.85
e3b34f5b,0.8383240272316254,-25.0,-28.0,-2.0,5455,0.7-0.85
e45a2a62,0.8386094054110705,11.0,-22.5,10.0,5007,0.7-0.85
e46f4ef4,0.5619996951000928,3.5,10.5,4.5,7195,<0.7
e4726608,0.8624405870947767,5.0,-7.5,-2.5,4733,>0.85
e5864244,0.7385334700667299,-5.5,24.5,1.0,4469,0.7-0.85
e5c92e59,0.8326165921884501,-18.0,-12.5,6.5,4295,0.7-0.85
e5ff9fd2,0.8061278475662522,21.5,24.0,4.5,2354,0.7-0.85
e6c55748,0.8973217403714671,19.5,20.0,1.5,4472,>0.85
e730c32b,0.7879078418428531,-27.0,-17.0,9.5,4728,0.7-0.85
e737965a,0.6284001231869344,-4.0,26.0,-7.5,5955,<0.7
e748dd88,0.8441596005940931,-1.0,-0.5,3.5,4812,0.7-0.85
e7818f7a,0.8061918360045005,2.5,-28.0,-9.0,5371,0.7-0.85
e7c36e81,0.8013315891966591,6.5,7.0,-9.0,3531,0.7-0.85
e7d0c1de,0.8889132809108548,-4.0,6.0,-3.5,4711,>0.85
e85074c5,0.7152636352401415,-29.5,23.5,8.5,5675,0.7-0.85
e97032ad,0.7278071806927418,25.5,12.0,9.5,3530,0.7-0.85
e9949a23,0.7661289889560187,-5.5,-5.5,-7.0,4559,0.7-0.85
ea0b99b7,0.7610929777448119,-12.0,1.0,-3.5,9239,0.7-0.85
ea3a0e38,0.9300942598843153,2.0,17.0,5.0,10052,>0.85
ea41324e,0.8373724483561954,12.0,-22.5,-1.0,5025,0.7-0.85
eabc711b,0.7292738347668546,29.0,28.5,-12.5,5348,0.7-0.85
eac10e86,0.8179193738417694,4.5,4.0,8.5,6067,0.7-0.85
eafb863e,0.707922793992885,-5.0,13.5,-1.0,3568,0.7-0.85
eb06a4e7,0.8202395177503005,-30.0,19.0,-3.0,4535,0.7-0.85
eb640a35,0.9344203908065185,27.5,-25.5,-5.5,6037,>0.85
eb934281,0.9539783155638201,-1.0,-25.5,-5.5,5971,>0.85
eba6605e,0.8532941286051637,-25.0,-20.0,13.0,4410,>0.85
ebe69318,0.7707095786602151,-22.5,-22.5,5.0,4976,0.7-0.85
ec0d597b,0.9328976010892125,-3.5,-4.0,5.5,4616,>0.85
ec13af42,0.8343132591725329,19.0,22.5,9.5,5462,0.7-0.85
ecdab904,0.759440045129553,2.0,18.5,12.5,6147,0.7-0.85
ecdaf714,0.7908387965075876,0.5,12.0,10.0,6592,0.7-0.85
ed6436d6,0.8499051027095359,6.0,6.0,-5.5,2945,0.7-0.85
ed6e6e54,0.7769100177823511,-3.0,16.5,-1.5,6048,0.7-0.85
edf885a3,0.8620024135994397,-16.0,4.0,11.0,3117,>0.85
ee0300f7,0.7713872595263315,2.5,23.0,25.0,4544,0.7-0.85
ee288beb,0.8485105338159465,11.5,-2.0,15.5,4638,0.7-0.85
ee4aecac,0.6876261446423996,-26.0,6.5,2.0,5265,<0.7
eeda36f5,0.717540853945824,-8.5,-5.5,-8.0,4797,0.7-0.85
eeed308d,0.7853315213622732,5.5,29.5,0.5,3899,0.7-0.85
ef04658e,0.8644325104628667,11.5,-1.5,6.0,4104,>0.85
ef8e3ed0,0.8719790185487789,10.5,-3.0,-8.5,5224,>0.85
efde6ac3,0.8989232840194358,-8.5,-28.0,-9.5,4559,>0.85
efe96181,0.9019893676582363,22.0,22.0,-30.0,4012,>0.85
f0188a48,0.7921260705356471,-11.5,-11.5,-9.0,4170,0.7-0.85
f021b650,0.6453502245722366,-9.5,-29.5,-2.0,3739,<0.7
f03f10fe,0.8279183128722064,14.5,11.0,-1.0,4145,0.7-0.85
f053a1b9,0.7328410623144517,-4.5,-8.5,-6.5,4108,0.7-0.85
f074d277,0.5059863185487354,-17.0,-17.0,10.0,2453,<0.7
f07d7037,0.8832704248350886,-6.5,0.0,-3.0,5563,>0.85
f08774c3,0.7207891707494787,23.0,22.5,8.0,3900,0.7-0.85
f140c2fa,0.5868075699408009,-17.0,-28.0,-12.5,4082,<0.7
f16e25e3,0.8252048211396302,-12.0,-25.0,-3.5,4651,0.7-0.85
f2d4c8c9,0.7174486329258777,-20.5,-20.5,0.0,6249,0.7-0.85
f321a31c,0.8797631465252296,-20.5,-20.5,-6.0,5141,>0.85
f40cd091,0.7049398261579354,18.0,-21.5,7.5,5166,0.7-0.85
f439a621,0.9281003256908841,15.0,11.0,10.0,2821,>0.85
f49fdea3,0.6952338376856647,-3.0,-19.0,27.0,5391,<0.7
f4d12d23,0.7613610844571127,24.5,12.0,-19.0,3701,0.7-0.85
f56d3ace,0.9330342492492213,8.5,9.0,7.0,5432,>0.85
f5859199,0.6295232947404633,14.5,8.0,10.0,5790,<0.7
f5d8aab6,0.9312520153029115,-19.0,24.5,-17.5,4444,>0.85
f631da6e,0.7663514247113,23.5,27.0,-0.5,4093,0.7-0.85
f6824bb0,0.7093804171217047,-14.5,3.0,-8.0,5015,0.7-0.85
f6bc699b,0.8891146464886942,-0.5,-0.5,1.5,3752,>0.85
f6d009f4,0.8738990377578095,-7.5,5.5,19.0,6715,>0.85
f72b268f,0.8060911069131442,-19.0,0.5,-15.5,6404,0.7-0.85
f8662c22,0.7654129075194618,29.5,30.0,-6.5,5429,0.7-0.85
f88ddb26,0.796292038854061,16.0,17.0,-30.0,4990,0.7-0.85
f8afa78a,0.6550835598013395,9.5,9.5,9.5,6032,<0.7
f8f59188,0.8711380993212284,3.0,-4.5,3.0,4807,>0.85
f9fc81aa,0.5511096788289248,-9.0,4.5,-1.0,5598,<0.7
fa16d114,0.7237698758023803,-29.0,14.0,-14.5,5686,0.7-0.85
fa31da94,0.7793165480204944,-12.5,27.5,-5.5,5027,0.7-0.85
fa667be2,0.5956880332847031,4.5,7.0,-2.5,7296,<0.7
fae0c593,0.9285531016579729,2.0,-21.5,7.5,4403,>0.85
fb03ae90,0.7453608679377198,-10.5,-5.5,-27.0,6431,0.7-0.85
fb0904bd,0.8595043090341378,23.5,7.0,-0.5,3181,>0.85
fb3848a1,0.7321018053085535,-21.0,10.5,5.5,5919,0.7-0.85
fb73b13a,0.8764992850390148,13.5,4.5,1.5,5640,>0.85
fba7683c,0.7740999073878272,24.0,24.0,-2.5,407,0.7-0.85
fbd68d27,0.5529569645009113,-21.0,30.0,-13.5,6829,<0.7
fc03f21f,0.8850147826901706,-17.5,-19.5,8.5,4803,>0.85
fc0d20b2,0.7979006339167638,29.0,28.5,7.0,3954,0.7-0.85
fcfcc902,0.826765728243213,26.5,-26.0,-4.0,2791,0.7-0.85
fd3b4faa,0.8679815334727448,11.0,-2.0,2.5,5022,>0.85
fd710aea,0.8668764912438709,-12.5,-26.0,1.0,4217,>0.85
fd8f77fa,0.8677646191661645,14.0,0.0,15.5,5272,>0.85
fde20ecf,0.8004009070099783,29.5,-17.0,13.5,4667,0.7-0.85
fdfd57da,0.887013508677534,-7.5,-7.5,-8.5,5236,>0.85
febb4411,0.79460821457468,-16.0,-6.5,-6.0,4247,0.7-0.85
fef8af96,0.9067213813519869,-21.5,-8.5,-30.0,3826,>0.85
ff0aea78,0.8520454967857877,-23.0,2.0,24.0,3261,>0.85
ff8bb73a,0.9366950264066439,15.5,-2.5,14.5,5927,>0.85
ffefef30,0.7738101161424318,-10.5,-10.5,-6.5,4570,0.7-0.85
