bias60,bias70,bias80,well_id,c_oracle,known_n,bias_mean
4.9806239194492345,-61.297119247481,-6.75434096958263,000d7d20,-9.0,1442,-21.023612099204797
275.4135819824088,329.8204979629604,99.08625596489985,00bbac68,-10.0,1545,234.77344530342302
760.5428167247709,543.8687477811405,-14.066342923914297,00e12e8b,2.5,2083,430.1150738606657
261.20008756812234,-353.70727151416884,54.40207624192932,015fe0d2,10.0,1654,-12.701702568039059
6.656314376158588,-60.520637882534935,-28.950685329619006,01869cd4,1.5,1293,-27.60500294533178
781.9834677742908,-23.504946857308717,-29.89780921153571,01982c1d,-9.0,1646,242.86023723514882
451.65556832342105,-131.6410540619348,-3.5764290967168932,028d7b28,-14.5,1527,105.4793617215898
1348.690916266042,-136.8541451129981,-9.98294057201964,02e7fe5a,-5.0,1780,400.61794352700804
309.49352480435545,63.52632331472172,-48.207861458790795,0390d174,-13.0,1690,108.27066222009546
1296.2802830783673,-61.484764674939974,-112.06812989607025,03a935ae,-26.5,1644,374.2424628357857
51.19889517932607,-26.797187044265083,-11.508919567392313,044af7d1,-1.5,1548,4.297596189222892
831.8919019667057,55.64576026401862,-17.75479237633171,0498acab,0.0,1634,289.92762328479756
982.3266446983345,87.32481670789856,-28.985097531822444,052d64df,0.5,2145,346.88878795813685
659.8488427341691,2078.518527737575,5.529486203945453,05948241,-3.5,1549,914.6322855585631
412.47202585145874,-24.53435115840269,38.56732948377577,059c8f24,-4.5,1740,142.1683347256106
1044.3990894580302,-194.49857382603065,8.322456571269957,05a0ee4d,-11.5,1750,286.0743240677565
455.2237145785616,-231.62221686735865,272.7989566467707,060ab2b8,-0.5,1560,165.46681811932456
274.0969482860412,31.861875363142776,-81.47292375603547,06df5958,-5.0,1530,74.82863329771617
378.3566909033995,-83.71411030744075,-1.2617791438032273,071d7b45,5.0,1509,97.79360048405185
1370.5199473930977,47.169256594334826,3.8095657982831796,0849b4e2,-2.0,1899,473.83292326190525
1332.8317897853303,-48.19762142091253,10.466799059948452,084d66f9,6.0,1747,431.7003224747887
-8683.209330618078,-149.9216340869541,3.4762082324986983,08fecf00,2.5,1831,-2943.218252157511
1356.7236854691103,-96.15442279117529,-10.510531223453528,09053135,7.5,1808,416.68624381816056
-2258.725835880674,-106.87415048392444,-30.005495493784395,09441b8d,-8.5,1907,-798.535160619461
361.0333354889005,124.94986071199207,-93.77900701946308,0955cd6c,-10.0,1930,130.73472972714316
131.52053784035462,-10.797304558865326,7.117892709502555,09ec2ca9,-5.0,1939,42.61370866366395
45.063343173156674,-17.22219084620061,0.3633387594014824,0a57a29c,-4.0,1373,9.40149702878585
767.7235834368987,26.77872823005301,90.73025594903741,0bbf5e67,-6.5,1733,295.07752253866306
2783.6843688731474,-47.48498139175074,93.34939712473678,0be01c24,2.5,1647,943.1829282020444
-155.2651430772147,-41.33566939982947,-25.822773457488825,0c1b160c,3.0,1660,-74.141195311511
70.62523104658212,93.3262517965312,2.578833985339021,0d99f8e4,-3.0,1699,55.51010560948411
-317.8497642828494,100.56174307446578,12.994126479278648,0dc5e64d,-3.5,1312,-68.09796490970166
5.646543259587674,146.92728618140475,21.61567251518087,0dc835f3,-13.5,851,58.06316731872443
683.4738465441837,-101.56000048013951,89.41335813148916,0dd99dc5,-4.5,1840,223.7757347318445
1354.2673651226828,113.65042091061103,-72.54762997372208,0e5e560d,2.5,1643,465.1233853531906
380.5428011179723,-35.536228429156054,17.43647304580206,109d9d70,8.0,1636,120.81434857820612
425.57157951981674,-1798.0819701662572,-11.609481039751032,10a1281a,2.0,1744,-461.37329056206386
2581.578747265129,-20.495374592657974,-13.263730692146636,10b89021,-18.5,1752,849.2732139934416
1337.753748838566,-15.290240212882903,-20.209987412065473,10be2420,0.0,1932,434.0845070712059
-65.4023574543715,-238.19819598067795,-2.073882597932798,113011eb,-5.5,1289,-101.89147867766076
57.52163269086741,-19.286753599088733,8.589262590085088,1131525f,8.0,1389,15.608047227287921
270.60442979822244,54.35482181856494,-48.17756205140936,11d0f5ac,14.5,1495,92.26056318845933
1090.5720255756905,-30.847154945611475,42.42257377449094,12203f2a,-2.5,1730,367.38248146819
640.7770609079823,85.98053059490417,-59.16752717513511,122bd617,2.5,1838,222.5300214425838
-129.2961989862476,15.198708392793675,11.296801989216162,125be846,-13.0,1523,-34.266896201412585
5134.334538638772,57.38673736464521,83.03391047514819,1285a37b,-7.0,1806,1758.2517288261886
382.71742989759946,-65.05992210268393,-20.136395930533325,1295a25b,4.5,1486,99.17370395479406
152.6380238758226,94.5843626027814,-75.00207912317873,12f0cd90,-7.0,1484,57.40676911847509
959.996854045004,33.961956745671365,-31.599627690177417,137d1e44,10.5,1759,320.78639436683267
2844.5214284018716,-53.10230652923526,132.20986204344862,13ce113d,5.0,1909,974.542994638695
220.85383496762594,-2070.938859638148,11.45559977758983,13f598d9,1.0,1628,-612.8764749643108
702.8416167436632,-109.58684963865852,-30.685351881175933,14a53cb3,1.0,1861,187.52313840794292
708.2260029703627,-87.83374300305114,48.244188326402785,14ab73fb,-18.5,1630,222.87881609790477
37.22438697675533,-59.96525677717284,1.0127725249456139,14ad5efb,-3.0,1510,-7.242699091823964
680.1181306497915,-14.75385579335494,-33.187064036596304,14fee784,-16.5,1496,210.72573693994676
313.9661149383726,-98.18098417001741,-2.453711909801155,153552f5,2.5,1803,71.11047295285134
-8.54787619815457,81.13986506532667,-20.973400168260724,1550491d,-4.5,1366,17.20619623297046
-140.5193668346258,641.8024374658899,234.27619398667122,155887bb,4.5,1477,245.18642153931174
-1931.321479983219,191.30333431833688,-75.52931047139501,1590af81,-1.0,1432,-605.182485378759
668.2935883908664,71.80739594675079,21.89695799171625,15e154a1,2.5,1631,253.99931410977783
1359.0133223465455,-147.03408119644115,2.684414644809889,1619e2ca,2.0,1559,404.88788526497143
159.4652604111322,294.65630011710164,193.72798696833047,16e4a047,-20.5,1553,215.94984916552144
307.2303961359387,-25.609612968496812,-34.82608612480308,173ed841,13.5,1647,82.26489901421293
458.825383416073,56.45145784430015,4.088353515878807,1770d7c6,5.0,1881,173.121731592084
180.76280427358998,15.914880900497867,25.370724532994444,177622d7,-11.0,1545,74.01613656902744
300.17852694118795,86.28353383646976,-0.020439882698393374,18d24f7b,-6.5,1702,128.8138736316531
160.12300776953512,26.661693435264116,46.09525500516318,19137a89,4.0,1691,77.62665206998747
1446.3922790682213,-18.732216299329284,6.214312718019552,1944513c,5.0,1877,477.9581251623038
782.4210987482878,-306.36108891230776,48.467197834621274,197f8a5a,20.5,1938,174.8424025568671
1049.4815549125806,60.67168633400694,24.47267968140816,19871e7f,-5.0,1859,378.2086403093319
1246.6052695555647,-24.392598642886856,7.513075520495309,198a5607,-5.5,1843,409.908582144391
1252.0431806999663,207.64369104344584,4.465551281681235,19fb4f7b,3.0,2303,488.05080767503114
224.53006954154822,89.86055628411867,-92.97492098990875,1a518997,8.0,1938,73.80523494525272
884.5279036401331,186.19031360098057,15.156885047567673,1a68190b,13.0,2028,361.95836742956044
29.465791206904683,-87.13805253800051,-8.884072347035334,1a730ac2,5.0,1444,-22.18544455937705
900.6640032787245,223.71192982329617,45.846546054344664,1aaf1da0,10.0,1517,390.07415971878845
249.88828842636852,64.1607425246984,-13.30872469078305,1b08ed48,-13.0,1557,100.24676875342796
519.0846089146896,38.65877374147771,47.926003768197894,1b1c5372,-20.5,1531,201.88979547478843
1065.0788868805441,221.7227534688412,-8.959890514484789,1b1eba53,30.0,2055,425.9472499449668
544.0977756996697,269.4241659242532,223.75932120907868,1b6ba517,-3.0,2014,345.7604209443339
1310.3493471688553,1.0835683690501487,-34.85919955820322,1b82b665,-5.5,1558,425.5245719932341
351.11099703925674,98.22968881159743,1.69991070613485,1bcb2fcf,-1.0,1678,150.34686551899634
528.2963660956539,-44.0423318008749,-29.201099075681874,1beca81d,0.5,1614,151.68431173969904
-1470.8319078910752,48.58118590199071,-7.726104925961863,1d3fbf02,1.0,1558,-476.65894230501544
1536.3088078214112,-79.92376424244486,65.25963471948495,1d78281a,5.5,1861,507.2148927661504
-57.0955281912572,-2.6077672081216043,30.104328294764187,1e30dedf,-3.5,1403,-9.866322368204871
818.5813796817947,-31.61494178950362,-26.66838496431495,1e5e3573,3.0,1646,253.4326843093254
839.7215589729537,-21.023893017596798,-36.99221592719485,1f9afacb,-2.0,1726,260.5684833427207
39.36514059557211,-12.966548749268375,15.574385967511791,1fdbba44,9.5,1422,13.990992604605173
981.1220182738538,-0.0023762376238178466,-17.200402743094124,1fee2b62,2.5,1682,321.3064130977119
995.7353540819462,-3.0913880984146576,0.9500571404154731,20096916,-1.0,1747,331.1980077079823
-64.53056123997236,72.79116216684288,28.80942042189283,200d233d,11.0,1970,12.356673782921119
1067.3830727328009,479.4406420096878,-53.78643306753348,201661b5,5.5,2181,497.67909389165175
569.4387331812235,-9.128952596222687,45.69466580623511,203721ab,0.0,1505,202.00148213041197
517.7421828708484,8.861613243696372,25.249376691716733,20402d71,-16.5,1558,183.9510576020872
488.68145845281686,19.61174094575833,35.73769757958249,2043abc5,2.0,1555,181.34363232605256
1067.4601642829068,19.435726742550926,-6.042852866350101,204cc64b,-3.0,1649,360.2843460530359
17.93301422221692,160.19522336107647,50.98258372387213,206b6193,-24.0,2033,76.37027376905517
829.1420830167392,845.7310486956576,321.7910559292516,2075c696,2.5,2392,665.5547292138828
1544.2157273411979,28.827685728024854,171.20950207494124,22c5f93f,-9.5,1747,581.417638381388
835.0160030729786,113.38459321145484,57.404144357868105,230eaaa3,8.0,1761,335.2682468807672
672.9675786663067,-52.58258328286249,57.25620121466233,2364716c,5.5,1777,225.88039886603553
16.496479334672458,90.57436926807488,-20.890539247004575,23b9beb0,2.0,1450,28.726769785247587
337.9659874849951,32.99167563217552,45.7103110818832,24d8997e,-2.5,1746,138.88932473301796
325.47126481598127,17.098385183500227,65.82810831306905,25050f63,7.0,1031,136.1325861041835
741.7776215427766,86.4395279896879,-7.249301244750458,25939962,3.5,1752,273.65594942923804
161.02509774420778,-1.3196994057899922,46.93530227424441,25fd32b3,4.5,1661,68.88023353755406
1114.9576204605194,-2.7372142969990625,-10.655249261950269,261785ee,-11.0,1866,367.1883856338566
971.5374245791393,-0.8303333568166174,-8.06061699393464,264feceb,-6.0,1743,320.8821580761293
3316.937280290527,-196.2342117817816,16.838144507139795,26623a50,-11.5,1744,1045.847071005295
12642.332872594254,-66.29063981347885,-1.6074447683966298,26d3a96a,5.5,1744,4191.478262670793
168.21284667277598,42.170705286347726,-37.75059507964474,272abef3,-11.0,1547,57.54431895982632
562.8109025202139,39.50018547478035,-46.96374314326501,27300fd5,20.5,1919,185.11578161724307
43.49829468672994,2142.2290245898653,-50.014258457653526,276b012a,6.5,1454,711.904353606314
1281.7876137710887,79.15192568378434,-9.56688237130822,27c3155b,-30.0,1983,450.45755236118833
778.9276868954965,-95.18857878950679,55.013652446772504,27ebb9b9,-1.5,1885,246.2509201842541
1759.6227188765452,66.52379659620594,-18.96469658845374,283269ac,0.5,1941,602.3939396280991
169.2431457817929,670.0664957490817,-8.374723567994735,28473855,-3.0,2330,276.97830598762664
148.79857287941917,75.17040597934397,268.7590561764247,28f4eda9,4.5,1558,164.24267834506261
720.2426824523121,-181.0933183605711,16.45800744206869,29b24409,7.0,1830,185.2024571779366
426.02431710045926,36.59638008734346,9.843879493584101,29de15c8,-7.5,1733,157.48819222712893
238.30270840031537,44.30063289069029,-16.324653883900087,2ab29395,0.5,1473,88.75956246903519
-13.23239936328232,56.34299064596042,3.806244610284443,2ac7cb6b,-9.0,1461,15.638945297654182
-192.8515445386515,12.071921207081292,14.427607509941488,2acc78d4,5.5,1843,-55.45067194054291
765.181713919236,38.65449251794466,-6.4909488809188565,2b034622,-9.0,1558,265.78175251875393
-79.26821507555519,181.95958142478875,-13.701424682384284,2b06ad65,-1.0,1450,29.66331388894976
857.647851245905,-9.207393884240174,-9.613397996709718,2b547943,13.5,1651,279.60901978831834
1161.5351979078273,83.99051723307711,6.111140562382515,2be5c96a,-11.5,1543,417.212285234429
551.6317137350542,444.90690081743276,133.82204797167606,2bff06cf,24.5,1550,376.78688750805435
671.7969203567019,19.485617011328703,-23.815947642882815,2c0c4a4e,-3.5,1929,222.4888632417159
262.5255568763363,-68.82421960810902,62.564491612462234,2cee0cba,2.0,1835,85.42194296022983
14.072737070578686,15.792798180191522,-41.28601898151719,2d0c268a,-3.5,1739,-3.8068279102489933
723.0396000162513,-0.8523123105535017,67.48499644296265,2d179ded,-3.0,2217,263.2240947162201
-237.61634072266204,-81.52177073089591,-70.31214359728129,2d196986,-7.0,1842,-129.8167516836131
556.7903386970778,71.98401815756623,-72.0082323937654,2d2d0c6b,1.5,1922,185.5887081536262
119.19707640397678,88.37025556875119,-32.289840738955235,2d35f86d,8.0,1732,58.42583041125758
-332.9997916654245,-26.34628995446468,17.7034860766733,2d9f6cb9,7.0,1289,-113.88086518107195
299.2770816275057,21.9120554529392,14.659730637233617,2ddad940,-9.5,1481,111.9496225725595
-1790.4129573763419,-52.46668652632324,-41.929967282161556,2e29e833,8.0,1826,-628.2698703949422
747.6170698314507,5.344495958868492,-80.5078219872335,2e43c2ea,4.5,1651,224.15124793436192
2069.1839666699907,129.99890912376583,36.6324011327192,2e63d9de,-9.0,1806,745.2717589754919
53.64499227431334,39.715093009138975,-12.136228713599683,2ee0235b,-1.5,1700,27.074618856617548
105.77187427413065,20.680406244994078,-22.99458346769195,2f19d536,-2.0,1656,34.485899017144256
108.13441812894908,-35.38029078610225,-2.3166417479890273,2f8e53c3,9.5,1539,23.4791618649526
149.19174931899164,59.62936265868697,-0.029865506027199014,2fa01aa6,-14.5,1686,69.59708215721714
700.7010060656597,-37.84339876993567,0.0379154078556971,2fd68f7b,30.0,1651,220.9651742345266
1218.2650164421932,-141.26114083340744,-55.60761012118691,2fe023be,9.5,1839,340.46542182919967
366.0346130674583,66.10562364302533,-5.743332111993073,30d75030,-2.5,1605,142.13230153283016
1217.7494806837374,-236.02323840388476,-241.71327118880657,310c71a5,3.5,1743,246.670990363682
493.5018910187828,-16.789253974787776,50.249905532095454,32fe84c9,-13.0,1755,175.65418085869683
1357.99759942257,0.508003672550647,22.174398856175205,33c40295,9.0,1820,460.2266673170986
572.2708670497917,-87.88667121082372,29.58489552168957,3407f5bf,-8.5,1671,171.32303045355252
1035.5253905188845,-25.7331788535229,24.23887634502781,3417285d,19.5,2009,344.67702933679647
4286.318116587782,74.63234938787515,30.77247093978637,347242c8,1.0,1842,1463.9076456384812
691.1226644832637,-205.54861938288067,-30.2630062980251,353e5502,3.5,1839,151.77034626745265
1114.1233068388176,-358.2948054774262,19.947100989522934,357c12f9,7.5,1691,258.59186745030473
1162.8003024474708,69.89394960746343,18.6822669674263,3584a6eb,-10.5,1656,417.12550634078684
2910.060219706391,-43.556772174381095,98.1023952000547,35b30c7f,-12.5,1691,988.2019475773549
114.8292454325866,99.4254704531125,-73.19037287001568,35b3ef6a,-13.5,1832,47.021447671894485
980.8471781356429,-23.528216768331134,6.484766620210453,367456ce,-1.5,1743,321.2679093291741
273.0754533335458,-97.08547731597217,1.2550949414999484,368131f9,10.0,1577,59.081690319691184
28.67787694836873,-35.99571656766446,48.343539294818285,368fe682,12.5,1480,13.675233225174187
98.42140398083056,-37.05095323120429,52.99028203304474,3690a146,5.0,1688,38.12024426089034
1543.5835481253132,8.332555748851417,23.287855641549932,37344c2a,7.0,1746,525.0679865052382
310.20439803587016,112.055119741413,-10.060787036186483,373ef48b,1.0,1483,137.3995769136989
848.4293827173965,-359.0596648682779,33.4435497757522,374be387,-10.0,1837,174.27108920829028
1107.9786341624351,-70.4302307336923,476.20030162914463,37d36812,12.0,1650,504.5829016859625
1671.2641149150395,-6.808780942441732,-18.290912966894776,38991fd4,-6.0,1747,548.7214736685677
1976.4711853495512,-96.85334468089272,14.84378705407242,389ae58f,30.0,1738,631.4872092409104
712.3763280081372,-134.23086998574516,321.43148466796976,3932faa6,-5.5,1936,299.8589808967873
1132.8295666085799,38.80118134246751,23.613053497194915,398dce4b,-0.5,1839,398.4146004827474
202.75184599497473,81.29117649390952,-51.98898157294523,39b51819,-1.0,2151,77.35134697197968
242.95232052369593,39.271846343673175,-32.04859636116818,3a0af893,5.5,1653,83.3918568354003
1280.3320217121272,366.3539447404795,4.508499998089719,3a223519,-14.5,1998,550.3981554835656
382.2054160356054,68.22837614308368,27.961710528919795,3a7dd95d,-22.0,1248,159.46516756920298
259.4602289039145,-12.433455141732178,-2.0938415704776396,3a824aa7,-6.5,1477,81.64431073056824
-414.2792783501544,40.61051773767589,-100.1457546601003,3a86fe8d,-7.5,1454,-157.93817175752628
334.52353338815317,-33.55163291931484,-11.409732358679223,3aaa2b30,6.0,1685,96.52072270338637
322.62020035756154,-98.90939211028092,41.208407446856754,3ac16ad0,7.0,1763,88.30640523137913
1870.1222688509115,-164.41298598443015,-124.53327046069364,3b21ea64,7.0,1727,527.0586708019292
-85.52019852715634,448.24557238047095,137.33707858328955,3bbe1f5d,11.5,1266,166.68748414553474
352.1621083492082,-147.06965511204794,-2.841641412809236,3bfee975,-3.0,1485,67.41693727478368
1330.472585744042,-46.86013931292417,-8.98182196072025,3c3dbcbc,-5.0,1842,424.8768748234658
207.03602637450447,13.2277864126387,1.5931543638595618,3d96d897,0.0,1488,73.95232238366758
587.8976018381405,-188.79399279791963,24.62464643588957,3df4b19e,-7.0,1670,141.24275182537016
836.435294817659,578.9465681782781,-35.983538340732004,3e011332,6.5,2119,459.7994415517351
328.45087906719084,39.385521184219634,2.343747896859073,3e678ea7,13.0,1879,123.39338271608985
580.7390145089798,29.13686641788807,968.9796283149819,3ef6372a,1.0,1939,526.2851697472832
-19.463519911228403,43.93634173870817,-29.325160065756528,3ef98781,-7.0,1451,-1.617446079425586
1142.1932459665186,45.626682367674945,-56.47839261869918,3f603129,2.0,1548,377.1138452384981
1050.2418088649001,-126.11754453885582,-1.1159897343149119,404c4384,1.5,1701,307.6694248639098
993.8078379635602,-54.2050142804136,90.15236466230587,4121c517,5.0,1748,343.2517294484842
-76.11317771765738,35.381952848886584,-25.4536671843111,41fb0192,3.5,1408,-22.061630684360633
782.5654597978854,-22.469541423290114,82.99951389549607,42669188,-12.0,1798,281.0318107566971
75.97875385825219,-7.604449438984747,40.18836279586741,42c538a1,30.0,1483,36.187555738378286
1093.3382520612845,24.218165680483214,30.058589585691863,43b06c70,1.5,1744,382.53833577581986
-281.8935984524946,53.145747263262656,15.461716628919659,43c7f85a,-5.5,1506,-71.09537818677076
327.9669202258365,51.84387167262822,-91.66711548035146,43e16325,30.0,2125,96.04789213937107
311.5016436535679,47.810831406712985,49.39050032317418,44441e54,1.5,1211,136.23432512781835
167.2960536454613,169.83409013278091,-212.56051020265807,445af6c2,-25.0,1957,41.52321119186138
101.67965955140818,-31.551202526944802,-23.335301516348352,4463446c,7.5,1473,15.597718502705007
195.70083293839966,46.12322739718383,64.78806376674882,44a94013,-11.5,1589,102.2040413674441
689.2960177165282,279.2157169385522,64.36621843390293,45fb3e21,-13.5,1977,344.2926510296611
876.0650255697077,16.702677140381986,-7.1581774331980235,460f859e,3.5,1646,295.2031750922972
2157.363305248602,81.13319030854879,-8.084002776807274,4630ab92,-4.5,1934,743.4708309267812
221.24557844741344,-167.64841234816888,-17.692432969600173,463c38f2,-12.0,1588,11.968244376548128
165.7748702363461,57.074947308463,13.341477049424201,4654e7de,-3.0,1637,78.7304315314111
521.6458826946154,-1287.5597105892484,152.41297582133328,466fc788,6.5,1570,-204.50028402443328
194.35471411506373,-33.612715150121915,3.6524913013367533,46a301e9,-13.5,1736,54.79816342209286
59.879617900743305,-17.918049418301788,20.7141610091274,46a7190b,15.5,1431,20.891909830522973
468.67628820595263,55.03239040392272,97.54316418390408,46d24a09,18.0,1674,207.08394759792648
-6.988508691717988,-29.950785173468322,4.669872644712834,46d41ff6,-4.0,1325,-10.756473740157825
49.57396436195988,110.21504262764459,-6.889175506612453,46dfcfca,-6.5,1315,50.96661049433067
516.3931231594116,77.07273616266978,-5.831362489345191,47222616,0.0,1429,195.87816561091208
212.54355106015052,-42.10038936446784,20.530307255856492,47ee27ab,-4.0,1877,63.65782298384639
327.06783507852197,-10.034337824198035,28.068967158555598,481de5fc,-10.0,1742,115.03415480429318
620.8364223695261,67.80532620102015,-1.6142855322805865,48c1f673,11.5,1749,229.00915434608854
158.61258169434382,51.24092803581856,-25.703049990654474,4936af16,-4.0,1568,61.38348657983597
611.1326636782227,-15.585564773339064,9.934133004925942,493b5b31,12.0,2213,201.82707730326982
72.60736817612853,-14.56124372460031,16.6946193587796,49dbc14c,-2.5,1326,24.913581270102608
546.325157779725,94.98704004856677,44.14005779813554,4a035ec2,-8.5,1934,228.48408520880912
473.0742071566239,24.792100667458374,-63.61905094002788,4a335117,-6.5,1712,144.74908562801815
1365.0340914474714,-889.7070042075921,12.264990326820485,4a8ecc0b,0.5,1565,162.53069252223324
168.81099843031714,-74.53780223821113,15.765073233408092,4b462989,-10.5,1632,36.679423141838036
728.3493277157799,285.10854806628856,-65.57564334431689,4b831d20,-5.5,2121,315.9607441459172
771.6170757675692,-239.05398216238865,-25.02560990741493,4c2208f5,10.5,1864,169.1791612325885
324.5114642631368,-64.18677470426343,-34.26196639873209,4c3168cf,3.0,1625,75.35424105338043
330.7317537939756,-31.940982649463347,14.667029700696478,4c3df468,9.0,1511,104.48593361506958
-276.8046233021088,14.147202441962753,37.37730669206441,4caa7289,-0.5,1458,-75.09337138936054
3942.5466301707806,226.00444592932087,-177.59443042519712,4cd1ac61,7.0,2220,1330.3188818916349
701.9126784095937,214.254310778135,-105.26605262771878,4cecf7b3,-9.5,1657,270.30031218666994
858.7107391136333,-23.394619234011074,1.8197630558836637,4ddde4c1,-5.5,1945,279.0452943118353
-3698.642086901949,2.9821289951795182,5.024769844517101,4e050c92,-2.5,1531,-1230.211729354084
155.39688500475205,42.17485410919138,1.4970380462053605,4ed93db6,-4.0,1839,66.35625905338293
13.35092605407936,49.8851488793698,1.3243410223993408,4f3eb9e9,22.5,1214,21.520138651949498
676.0761897120927,-19.610892699840036,18.3526489758191,4f4ac5ce,4.5,1737,224.93931532935724
392.5104656539212,33.33443735972776,17.8113666329121,4f4afcc6,-0.5,1539,147.88542321552035
983.5543900680364,635.9695674323332,8.920370772356891,4f69febf,10.0,2139,542.8147760909088
324.1646132641641,-20.823363763572193,-83.63909802400646,4fbe9c06,-7.0,1651,73.23405049219514
896.2369396171665,29.526599193164508,27.462093259636788,504c8b08,-19.5,1645,317.74187735665595
1465.6809642377923,3.0506442375858005,-7.805226388681131,511e1db0,-9.0,1824,486.9754606955657
382.9586136557026,109.4144025993638,49.11593258525661,512943b2,-3.0,1652,180.49631628010766
100.6378429314256,109.26423245698597,4.682142561899099,5138a660,-4.5,1270,71.52807265010355
-3129.77463074103,-22.095886363414408,21.487490857900973,516088b7,-4.5,1655,-1043.461008748848
801.2983966261207,2022.9806085535736,1765.3672176689122,521a7819,-7.0,2024,1529.8820742828686
1318.6452340562964,-100.35549097582503,-117.62329215673934,5254b6db,10.5,1841,366.88881697457737
1155.9168692969838,-74.28600724671388,-16.951639014767512,529e88ca,3.5,1836,354.89307434516746
259.5330057977233,-13.304219501681732,13.331741486307486,52f1e77a,6.5,1611,86.5201759274497
205.6630187280217,-41.80783119369891,73.03613866438776,5305524b,-3.5,1559,78.96377539957018
1041.7554964098063,541.6819218429109,-107.67757476232138,53134831,-6.0,2088,491.9199478301319
243.04678633779434,-8.572910503045469,-29.534195342140062,5397ceb1,-6.5,1556,68.3132268308696
1168.8929629223283,93.30175012719039,-5.783129786154027,53f23031,2.0,1650,418.8038610877882
1189.3472399439183,-117.11217311502826,-39.744659237277155,543198e8,-0.5,1808,344.1634691972043
70.11786134514199,-1114.310778855536,-16.227117582119963,54753541,1.5,1653,-353.47334503083795
517.3253592089575,-269.2835053923779,-23.12454817635262,54a7e3c2,9.5,1738,74.97243521340899
659.8337481019275,-381.29850124334547,43.319726145668014,5542c301,3.5,1842,107.2849910014167
74.70891432855404,28.57629769671238,-8.556607576937015,5567d551,2.5,1501,31.57620148277647
1667.0901369426938,-44.32086232009719,11.116498740626197,55efee7f,-7.0,1776,544.6285911210742
803.6658861395716,-629.9959211782755,4.675183592059574,5663b2b7,-8.0,1935,59.44838285111857
-48.500680148063395,16.401461556637287,-35.45079721420341,5693dde2,-4.0,1358,-22.516671935209843
-74.3734924600264,-19.588027210410885,15.786280485966698,56b00794,20.5,1228,-26.058413061490196
1281.9958596960275,-50.56848886742903,-73.48587972242697,57796579,9.0,1732,385.9804970353905
337.19910020276535,243.99728220422614,41.69724257196136,577eec7c,8.0,1546,207.63120832631762
1484.7207174012121,-79.67132798043254,52.00619517533429,57f05c51,18.5,1707,485.68519486537133
1529.0643333061005,120.32267365503527,-17.149190191144562,58850d2c,-13.5,1923,544.0792722566638
159.02696621601834,-166.41826186863065,-12.040773170812294,58fa8486,-3.5,1651,-6.477356274474869
256.6617536469941,69.64175620196497,94.45018554437948,591cc951,0.5,2060,140.2512317977795
-227.99081664090247,108.15582623918364,-31.73886497172703,593876b6,-2.0,1524,-50.524618457815286
35.009019496679635,-64.17173047591257,-25.36875717336961,59f8b2e8,6.5,1921,-18.177156050867513
967.0060482772578,-73.91286572409902,-25.408480282248885,5a1a8fd8,-9.0,1554,289.2282340903033
1020.5918617761912,-14.593002535064471,-371.29559338744264,5a5269a9,-0.5,1540,211.56775528456137
641.8994515428607,-39.03258526956996,4.084086987598262,5a5d1982,-3.0,1552,202.31698442029634
654.2084962530641,426.31027223191927,-15.348277640982733,5a63b5d1,-0.5,1835,355.05683028133353
1349.3796165560893,-175.0419520073757,-58.62770888723886,5aa03df7,-1.5,1881,371.90331855382493
476.7528969262142,-25.251272949364154,64.0345180995514,5aa403d0,16.0,1584,171.84538069213383
1504.966460815087,-83.44626415023295,84.54345479388563,5aef5c6c,2.0,1732,502.02121715291315
229.17785661839142,-71.23553880001965,-24.170268788000573,5b7b6324,10.5,1633,44.59068301012372
572.312360664236,1908.926042766493,38.72505011332461,5bd25f59,-5.0,1910,839.9878178480179
1031.3992467907997,39.750823696916136,-5.264500757629371,5beded95,-11.5,1722,355.2951899100288
-48.79393863349157,49.2681397869129,-14.588520100159261,5cb483ac,5.5,1354,-4.704772982245978
1045.0870627092843,7.12045887238792,-42.51311359611444,5cdd8dbc,4.5,1741,336.5648026618526
673.0723796760535,30.542488104708717,-37.105425936755694,5d11dfb5,7.5,1748,222.16981394800214
-240.62461377040475,7.966682306144319,74.00128381623017,5d7198fd,4.5,1429,-52.885549216010084
211.96225324588272,70.93049053725747,-2.73151802043226,5def1ce5,5.0,1554,93.38707525423598
-2487.5102115043455,-54.239714283472736,-43.81211109271022,5eae34a8,5.5,1748,-861.8540122935096
1093.6676475686434,49.919750768166686,6.92293546665104,5f4d2a52,28.5,1887,383.5034446011537
1023.1979069259196,224.83215955933034,-0.34461142107223186,5f6756c5,5.0,2133,415.8951516880593
667.6851109571887,-76.9978366642761,-21.611605791493986,5f75f796,7.0,1762,189.6918895004729
344.583048519755,79.99695176186742,37.784117101549775,5fb1c15f,13.5,1997,154.1213724610574
682.7866546270545,135.13911037602318,0.8598024619169595,5fffa282,0.5,2022,272.92852248833157
1037.55458664234,93.66621966547346,-16.372188473352388,60e37807,12.0,1942,371.61620594482025
1221.5627564968486,337.5040089247225,51.246917335058654,61f27424,-2.5,2121,536.7712275855432
748.0886161225576,-172.35662819892795,-16.315312050511707,62569ae3,-4.0,1654,186.4722252910393
169.2425649232653,-47.3749839770722,-10.167322878188548,62a6f539,-7.5,1560,37.23341935600152
2771.9263793193873,22.25290419956465,-9.672637632193721,633774dc,10.5,1739,928.1688819622527
493.2756373066655,-0.6444085159043423,-44.558925119845476,63559d57,-3.0,1741,149.3574345569719
3022.0453772631963,105.88742715746504,20.352334098998746,647f2a41,-6.0,1955,1049.4283795065533
1670.7932535878786,31.99865348454897,-116.22063211963273,65156b96,-9.0,1825,528.8570916509316
-75.6284538877636,13.84777327966176,303.5866738384184,653612bc,-6.0,1341,80.60199774343884
676.4112981385322,1.4141089995487213,5.301442556388058,656a067b,-1.5,1845,227.70894989815633
67.98702906483994,-68.67196482131487,17.745402531814776,65a5466a,-4.0,1434,5.6868222584466155
-90.82188806815041,-90.92568620499104,108.15298174996923,660d9546,0.5,1408,-24.531530841057407
180.12169903744552,-106.40830842608017,-19.361638256830847,6767c111,-6.5,1571,18.11725078484484
525.8193524849316,-167.58358652990063,-8.020354020578301,67847288,-8.0,1745,116.73847064481758
426.17902000651816,23.072345832538716,-8.054471413176865,67a8da4a,7.0,1734,147.06563147529332
527.6095047375887,-7.4742226247334305,-13.456841292722936,684a6fc1,7.5,1631,168.8928136067108
1022.2624751274902,1.1194048932861664,-1.7143839722196554,698930d1,1.5,1757,340.55583201618555
-45.31683662962107,573.3586751651089,-13.05494853047667,699ea575,-2.5,1354,171.66229666833706
383.0241167683837,-6.399482758620098,109.35854243238124,69c1bdad,-0.5,1931,161.9943921473816
8.422855241911353,-47.53505149663458,-29.759952842577327,69e41fa6,-1.0,1395,-22.957383032433523
-65.54456796695428,43.60681719505559,-1.751302629671077,6a0ff78e,-6.5,1425,-7.896351133856587
1176.2048258699688,-66.69987752229369,-4.498471595335776,6a8fa194,9.5,1640,368.33549225077974
952.0117541717464,-236.309875961382,81.37832397061858,6ae68655,12.5,1744,265.6934007269943
4.210285719986272,-4.058363229486147,24.595670476352037,6d1d74e1,-14.0,1486,8.249197655617387
1828.9624403490714,-68.27436045302312,-6.092885147112777,6d590e26,3.0,1746,584.8650649163118
211.81427994741995,-92.40634260105988,30.543267544659415,6d6d93af,-23.0,1710,49.98373496367316
470.6937253429671,33.65031249628863,-50.961531197420854,6dbe4b60,3.0,2025,151.12750221394495
-30.32226346225454,108.51242545967338,3.7958003291146567,6e6d122c,3.5,1451,27.3286541088445
-17.288061507669525,-11.362099867954814,22.509017089283997,6e9ccd38,-5.0,1337,-2.047048095446781
892.0580958572554,93.60564966890188,68.57043592691943,6ea22614,-1.5,1923,351.4113938176922
363.9326149589381,22.321808745847704,-25.734058065236283,6ede926a,1.0,1683,120.17345521318316
8567.55544200298,-47.34710582236428,-26.45435196937675,708caea9,30.0,1934,2831.2513280704134
-1247.8663649424398,153.0666777545113,34.71621998067118,70925e23,-13.5,2125,-353.3611557357524
1178.9697565278123,134.04108381604823,111.35146593316423,70e1788b,-8.0,2053,474.7874354256749
497.2834389044019,459.8078897353179,-30.476175217319067,71642c7d,-7.0,2009,308.8717178074669
1394.7715941859099,22.28004722750788,-24.700449749467186,71ccf778,-5.5,1925,464.1170638879835
585.1770451635665,13.661286332848766,-6.04413140962455,7224331b,4.0,1503,197.5980666955969
374.27605986585155,744.7866233697617,-155.42890454098782,722cf0d8,2.0,2132,321.2112595648752
1596.975450714605,65.11498397222057,-20.054256918701096,7256229b,-3.5,1557,547.3453925893748
746.4246047190356,4.636766243636549,24.29082237354546,726f3dc2,-4.0,1896,258.45073111207256
-1289.9433420787864,-107.66460464221491,-145.32139034935108,7271dd80,-2.5,1425,-514.3097790234508
614.369795949022,66.66697413354791,-119.34714568299862,727a3a10,-2.5,1945,187.22987479985707
450.3563822282485,-84.78629766903767,21.722805282579838,729665c0,2.0,1512,129.09762994726356
468.5376557395296,-152.93585075940868,18.64209611625706,729e9750,6.0,1508,111.41463369879267
76.78268430136387,-35.19118014424588,11.072658832336044,729f4217,-11.0,1397,17.55472099648468
418.9186227127368,-114.89761226614665,2.1960674123098474,72dd8501,2.0,1735,102.0723592863
-118.9331445348077,-37.4899288254918,23.654126773006166,73348914,0.5,1465,-44.256315529097776
1148.456916878319,374.6933659879862,-97.513551180069,739a914f,-15.0,1814,475.21224389541203
8018.18288125292,-203.15679359358322,-32.93674600135938,73b1447d,3.0,1852,2594.0297805526593
418.59934719506435,51.28943544433659,33.77395792902303,74b6186b,-2.0,1743,167.88758018947465
626.3299866859448,158.39750973735764,13.629626838753662,75c20ec7,2.0,1844,266.11904108735206
115.36177453963757,2.614409090908926,-11.524878972187013,75cd5f11,-1.0,1464,35.48376821945316
921.664011597088,-658.6588874748434,-11.60862811779231,75d20a82,-2.5,1935,83.79883200148412
-57.429966182356075,-112.31264088048408,-7.449528741271011,76201745,-1.0,1410,-59.06404526803706
701.5153685399301,-12.096214572947988,55.334866023016005,764072a5,-6.5,1645,248.25133999666605
-1732.5173631543646,-16.34322141327354,70.81845225421151,77b0d905,1.0,1749,-559.3473774378089
233.180823297709,168.1700185012571,144.84600686378266,77e4821c,11.5,1147,182.06561622091624
523.2485807063073,171.80150000912522,26.880674530752916,7850c72e,-24.0,2215,240.6435850820618
-58.90815350999211,10.155551933601654,-3.409687646240251,78a4a386,-5.5,1127,-17.387429740876904
-2064.686824522072,285.96126778541577,65.20110668779682,79507629,3.5,2018,-571.1748166829533
489.6859763035337,93.42414581756779,-76.99264599742622,796dbd4c,-5.0,1821,168.70582537455843
132.6546090390121,330.93774765942567,-10.902149609472144,7987f2f2,-10.0,2009,150.89673569632188
1242.9184252864952,23.63956194889205,-12.363344301595308,7993a768,-1.0,1560,418.06488097793067
593.9555408802335,-14.961531376519124,91.92115809007237,7a5660b0,-15.5,1938,223.6383891979289
-57.88484840301025,-22.955588670474658,25.010372274724457,7acda2df,7.5,1461,-18.610021599586815
150.9962830495248,-42.29087505477523,6.0046449298059965,7b2c7b3c,3.5,1647,38.23668430818519
90.93200363302425,16.24830036400822,-14.759792421885567,7b38844c,1.0,1448,30.806837191715633
-55.893927264194744,10.78704362637238,-23.817371290857622,7bb17b96,7.5,1373,-22.974751642893327
1150.12319887951,6.988027087718854,7.732119394670871,7c607683,-14.0,1673,388.2811151206333
451.55905137586143,73.88849275205094,2.8054691915079597,7cbbd047,-18.5,1669,176.0843377731401
135.26730261961478,-84.56918860095894,-9.58378289527629,7cd4bb31,-0.5,1520,13.704777041126519
13.07706247974573,-24.831491755482844,44.843760766557864,7d50373e,-8.5,1372,11.029777163606918
1855.4992704645426,54.00337426544458,2.5643839492721883,7d57c75d,7.5,1742,637.3556762264199
135.28824059097633,4.603513914041754,-14.636734487435712,7e208414,-5.0,1506,41.75167333919412
107.55498976914106,184.94004694737572,-146.98958936026918,7e721392,-30.0,2127,48.501815785415864
1098.0494089788763,73.60415477707994,68.04671320999269,7ff89f8f,10.5,2202,413.2334256553163
881.9198904514755,73.60858769649397,-127.5823659623772,8050c789,-5.5,1863,275.98203739519744
114.11752545584223,60.1743043372559,105.68776278102361,807f0298,5.5,1752,93.32653085804058
778.8591583092531,-81.65044241332575,31.994120427391632,811f52b3,4.5,1838,243.067612107773
727.9039441420965,-209.2224285916027,34.25465215080292,81bf5923,-23.5,1843,184.31205590043226
1996.46658328208,19.282554992371693,3.1020569623152188,81fc01c6,8.0,1746,672.9503984122556
828.2219116420581,-11.21558571896224,33.22074041035116,8255c867,16.5,1749,283.409022111149
1512.9476825230495,67.027111894102,65.78496673081213,82aab6d2,-13.0,1749,548.5865870493212
47.79983945863665,69.44626505629171,-59.43648917077636,82fcf37c,-2.0,1383,19.269871781384
809.8700571607222,-1554.3034523588326,2.8943714325021004,833af382,-18.0,1749,-247.17967458853607
336.63302888625753,25.595194043202603,25.43835430003781,8382f4b6,-24.0,1713,129.22219240983264
906.331758701618,-86.13209047806147,-10.875713534068414,84633df4,11.0,1747,269.7746515631627
736.2053460926202,12.69214262439449,-40.02741638007046,8478df29,-2.0,1841,236.29002411231474
311.6457806344964,718.8860226886447,51.45504171784621,84815d5a,8.0,1639,360.66228168032904
29.772389725092744,-20.04361396332594,5.855739766711665,84c3b497,19.0,1575,5.194838509492823
418.27839404048103,-422.12944979306525,-18.824321015792368,85380836,2.0,1557,-7.558458922792195
1540.7008197052064,-156.6394320582557,-25.693654216713554,8612b37f,2.5,1642,452.78924447674564
95.87565766818975,-887.3346271031319,192.87076435987933,861e71df,-11.5,1584,-199.52940169168758
-11.334890111853802,84.21826980257048,-32.306820175989465,86454a6f,30.0,1136,13.525519838242404
922.6567995711206,205.35204398341142,48.9184524422047,8648abae,1.0,1842,392.30909866557886
1231.6025154391057,-78.77830931186172,61.566138346300285,865033f8,6.5,1746,404.79678149118143
936.3607867852548,24.397993420548296,-27.071549928154145,87695469,-7.5,1651,311.22907675921635
3908.607372422162,-108.13434735140082,-35.41620283565508,877ed19c,-5.0,1923,1255.0189407450355
176.78081111345676,28.25784338111327,4.095443786068299,87aa3730,-7.0,1686,69.71136609354612
35.834882514094495,-190.48437368580107,48.63219924565696,884ecb5f,3.5,1330,-35.33909730868321
939.4520524971114,-28.81075861342795,-34.135026310637734,8902c3f6,0.5,1574,292.1687558576819
779.7261651973,57.10789688997234,-21.720774644476702,896d15b9,30.0,1419,271.70442914759855
199.53774254776536,-78.24315284487216,157.31359411674256,8995c945,14.0,1474,92.86939460654526
-257.28674222335735,644.2936723942717,212.3029590844125,89969c7a,3.5,1370,199.7699630851089
110.77368223568968,43.066246351648275,-4.731839041008325,89f1085d,-14.5,1503,49.702696515443215
1302.6673390827593,8.997602397634362,-53.33793909744867,89f36adf,1.0,1749,419.44233412764834
199.62379615155984,165.61475334642122,0.7635291331946193,89fdb2f2,4.0,1539,122.00069287705855
688.8776521410956,-96.97763887796792,-39.71394963633439,8a3da6d1,6.5,1741,184.0620212089311
3005.683678592011,77.55788858149678,-33.01201380564142,8a89da23,18.5,1640,1016.7431844559554
208.39585965787163,-498.6269032075553,-26.411897939026613,8a9c8932,5.0,1681,-105.54764716290344
-2.9726866442609987,-109.67816646620108,19.85968231729126,8ac2f237,-13.5,1456,-30.930390264390272
1424.7258950491666,29.047496241774375,27.21462631600755,8b12bab6,4.0,1746,493.6626725356495
2768.8310868290655,26.82005649883037,-37.82453390105284,8b5be31b,-1.0,1767,919.2755364756144
218.9713104822802,1141.4137420878974,14.91940134847792,8b95d6d1,0.5,1052,458.4348179728852
220.48082808048727,466.2105708181756,3.751217690921414,8b9d8326,-5.5,1669,230.14753886319477
182.33733835240218,81.96351180712206,-8.690929635742384,8bb9c1e6,-1.5,1836,85.20330684126063
91.4209194830644,98.74600126990303,-18.225867423998974,8bda1a11,-2.0,1457,57.313684442989484
1322.6659900302295,79.13042646849762,-1.1789458724131774,8bfa881d,14.0,1754,466.87249020877135
875.2943563258855,63.540050458972416,-344.59787211062763,8c167025,4.0,1745,198.0788448914101
283.59213543073787,11.510853187161068,29.839909567670357,8c8348e8,-8.5,1693,108.31429939518976
1820.4058955951455,26.439632610976137,-43.529528856891275,8cc21f01,-1.0,1762,601.1053331164101
194.4467369190005,122.28806593519435,-6.239207915721522,8cc800b3,-28.0,1515,103.49853164615779
12.506268837519869,25.374053731545857,42.26163763721539,8d5d46d7,14.5,1527,26.71398673542704
438.0671394740027,2.5633578869238844,22.918782895680263,8d92cb49,5.5,1250,154.51642675220228
1350.3644625429695,20.487792352116614,-39.30114612583331,8f201368,24.5,1802,443.8503695897509
-90.4859237669344,120.84827573048337,16.469792978942966,90386ee4,3.5,1464,15.610714980830641
268.8989666429413,-474.0958612513261,-62.73652028457169,91abc4c7,-5.5,1939,-89.31113829765216
398.8423990710576,-80.77587344594723,-58.77062830249394,91b301ce,-17.0,1942,86.43196577420548
642.4007381033473,3.141770189223831,38.37518504079679,91db7070,30.0,1573,227.97256444445597
361.4772387812025,-19.857615914697785,23.52031187710919,925a7cd1,3.5,1984,121.71331158120465
1878.285935342118,4.730516665692339,21.436312597947534,9283ae69,6.5,1747,634.8175882019193
-153.27999019875853,-90.7116167764366,93.69191841383527,9298ad5b,2.0,1843,-50.09989618711995
777.9354269371762,68.82934210574832,26.484026316007185,9314ff13,-9.0,1746,291.08293178631055
176.969987081701,-213.68346906316268,-15.119061732556297,93209a3d,15.0,1603,-17.277514571339328
188.74918770125544,-28.00124568564764,126.72671568444363,939d9c34,0.5,1526,95.82488590001715
99.20544629675774,-239.1119896905823,48.24651226991558,93f5d2e6,-12.5,1480,-30.553343707969663
1331.9509844660258,-54.70673552140132,71.48642899111101,940a48d9,-2.0,1664,449.5768926452452
1106.733148384422,-16.32094067263678,-15.729268510416063,940e709a,2.0,1641,358.2276464004564
-226.58081747066126,-49.21691983944722,-5.9561743062606,9426ec1e,-7.5,1391,-93.91797053878969
946.4434412118078,71.10823745955204,-58.61334832259772,94467f50,-12.0,2081,319.646110116254
18.713068108082734,250.20360688999332,-58.22100861340836,944f36b9,-3.5,1405,70.23188879488924
1709.5653748654051,108.17867040531169,-22.228704193510207,94d813a4,-23.5,1744,598.5051136924022
431.97814738794233,15.237430107796932,-22.723682706095893,95b559e7,13.5,1751,141.49729826321445
-428.3612441930107,6.838385552218955,64.19583460404583,95c8427f,-18.5,1716,-119.10900801224864
270.814882162065,-28.968202467315344,148.990538243974,96936c22,-11.5,1651,130.2790726462412
1216.3132332382002,-5.282980906427565,-26.186212827384214,96ae5806,-5.5,1688,394.9480131681294
1054.3858973406177,52.08835351072368,7.641485153002941,96b7eea1,9.5,1746,371.37191200144815
821.3506362675384,408.05329069504853,-69.63795925443102,9719aa04,7.5,1794,386.5886559027186
569.3669274621166,-221.8472133262655,18.521675984163153,974802e7,5.0,1694,122.01379670667141
1044.3737194755101,-107.67998722946321,-92.66111583215172,97cd5bf9,2.5,1650,281.3442054712984
2028.2782077864874,399.61448044161597,-10.426784131849496,98177ced,-0.5,2017,805.8219680320846
1107.6175420103066,-98.08298901066287,45.15504950268849,9896fc0b,-9.5,1514,351.5632008341108
128.4309633255686,-113.81794812449829,18.878740091541204,98bc6f66,9.0,1657,11.163918430870504
436.0278002486776,-24.12057168949279,45.78537756896056,992c99e8,-6.5,1836,152.5642020427151
1004.5565420653063,-19.16198673101275,-26.118986987542,992ce078,-2.0,1782,319.7585227822505
919.0651491544189,-99.97828882510757,-25.143706702090043,99529c45,-12.5,1751,264.6477178757404
171.94151202956797,-26.869146228162172,-16.678640556587826,995ff498,-7.5,1601,42.79790841493932
939.4500541910691,-63.99607903715438,-13.812284912547922,999daf80,-3.0,1875,287.21389674712225
104.96781141585016,-208.73513794929949,15.590629245580285,9a6b0392,-16.5,1547,-29.392232429289677
823.5540570781378,352.1519017814856,-5.440674071457994,9a8ae0d6,-6.0,1541,390.08842826272183
788.8599013587307,-105.16960038400163,604.1475365429401,9a95e33f,-13.0,1709,429.2792791725564
1392.9966321158847,-6.721026062042971,-11.613629844415437,9ab94eeb,0.5,1930,458.2206587364754
483.7755905009029,5.2846710631862415,9.08204116915358,9ad5410a,4.5,1544,166.04743424441423
-42.51802285453516,-2.8050771686394875,41.04334149151677,9ae248be,11.0,1384,-1.426586177219292
421.42553760307595,-21.069900231438677,-5.8389850289526,9af1ffd0,-10.0,1929,131.50555078089488
246.85719369123183,-67.2849906113678,-21.90442623962959,9b5b61c1,-6.0,1683,52.55592561341148
934.5078378648384,27.28894838165159,57.811857053679226,9b9e3b49,9.0,1757,339.8695477667231
978.3607802446977,14.507018262460713,75.9867804868924,9bd2bba3,2.5,1653,356.2848596646836
571.5197856530135,54.91592298877349,-37.81329113619934,9c211c53,4.0,1577,196.20747250186253
427.1391393528332,15.381363351472519,13.103463838983195,9c350a6a,16.5,1742,151.87465551442963
1150.0894819082835,-10.149537484676195,-6.527984453395163,9c8375f7,-7.5,1758,377.8039866567374
227.23341211021756,-3.119061857885872,-0.6184016446575182,9d072e4c,2.5,1691,74.49864953589139
246.45888190074115,106.96037205884609,20.50554253371556,9d3ec64c,-5.0,1457,124.64159883110095
1379.0079653398961,15.405703695640817,0.3955014292366982,9d4272e3,7.5,1741,464.93639015492454
592.3557547406409,399.6144843887067,50.36633273451091,9d5e14d4,-11.0,1165,347.44552395461955
630.014002179291,10.57145715997469,2.1686995597234877,9da441ba,4.5,1500,214.25138629966304
559.1787717011426,-108.41915570528258,-7.530237732886524,9dede370,11.0,1760,147.74312608765783
865.7664088084556,32.464776194587856,29.267912218696775,9def2eb2,-4.5,1747,309.1663657405801
590.286529539008,97.90506591625247,99.35938603479562,9df1b1f9,4.5,1743,262.51699383001875
633.0794565697489,42.509102392918976,26.97199812776102,9dfff011,-6.5,1748,234.1868523634763
236.8122039571157,-5.507050438682622,-1.4598355219157229,9e3e364d,-3.5,1519,76.61510599883913
98.9955512522933,46.86081448498218,44.78174840518466,9efc812e,7.0,1650,63.54603804748671
107.44832059612197,-1.674026462072256,16.290576758659924,9f0c7bae,-4.5,1498,40.68829029756988
84.77308122007663,73.3802104130143,17.838837119256123,9ffce529,0.0,1463,58.66404291744902
481.2044638405265,39.38282645296115,-7.922769182965219,a0383629,-1.5,1855,170.88817370350748
171.74393911388725,26.241453568256528,6.221933108108568,a056d01e,2.0,1735,68.06910859675078
136.84328622290278,-33.32028570327121,-11.756270625815022,a08d9e63,10.0,1514,30.588909964605516
-839.3352359792011,-597.1815813160097,-211.9251229966469,a0b83014,16.5,1838,-549.4806467639526
123.46271368936111,-15.215668795304612,-19.125276740603255,a0e92ed6,1.5,1549,29.70725605115108
1004.7688862552333,-25.370399635044297,9.673080444945006,a15bc102,1.0,1888,329.6905223550446
235.67331469861847,51.42945304365066,7.541729443218212,a247e7cf,-6.0,1563,98.21483239516245
225.36817774328625,2129.1139240540556,16.372967074917412,a2e8e7f6,8.0,1052,790.2850229574198
1028.721788570413,2804.340082237806,-6.707544990247329,a3518960,-15.5,2025,1275.451441939324
680.1207182829589,-15.009590507088586,-27.711364911720953,a3f71395,10.5,1497,212.46658762138316
716.1212150988089,-71.31318427689236,-41.25821980927823,a4719920,-5.5,1611,201.1832703375461
929.0816588391697,1133.3060034030511,-102.51604622947741,a48640d9,9.0,2054,653.2905386709144
481.96361427480207,133.29744788745703,15.779163140222224,a4cdbb0f,2.0,1555,210.34674176749377
909.3681257916002,-51.023100657628824,-23.174935820840602,a4f989c2,-6.5,1639,278.3900297710436
748.6859622145524,-36.618795449370175,2.9443596735548354,a5aa7973,-11.0,1833,238.33717547957903
56.45824967783759,-25.27832359937107,43.5376062030157,a5e6f7dc,-18.0,1682,24.905844093827408
590.2789329660922,54.84402043893268,166.2032138274339,a612d5a0,6.5,1831,270.4420557441529
289.2224925073493,14.981054745748736,-3.1412857196792903,a622ce4d,8.5,1749,100.35408717780625
1224.7535622872376,33.72545155861808,29.67876934882535,a645da9a,-4.0,1613,429.38592773156034
1914.8399456492934,-41.261088910318264,52.880714951291324,a692b17e,-0.5,1843,642.1531905634222
752.4616453526222,-571.2052452393563,-221.78946822329897,a6b8ac67,8.0,1564,-13.511022703344338
908.0190955490588,-28.238416973985352,33.67792282544188,a6ed2eff,5.5,1779,304.4862004668384
1297.377984284148,101.12631489209798,20.27980764561623,a6f967fb,-4.5,2362,472.9280356072874
90.76223647722283,-30.20063596231178,-45.85530196439572,a76db406,-14.0,1779,4.902099516838443
-17.70398428030231,-17.39785408593944,-60.692293812632904,a7744f5b,-3.0,1640,-31.931377392958222
98.22636248303223,15.533572871530449,26.899680755090746,a783cc24,-10.0,1386,46.88653870321781
1113.501119616208,-80.88963832819321,12.88684825076424,a79fd2e7,-9.0,1923,348.4994431795929
654.3572813434149,75.17408775607954,6.140023222910874,a7fc3e6b,7.5,1614,245.22379744080175
5066.600319178338,-1823.4487895125455,24.745790622677497,a85bb86f,8.0,2001,1089.2991067628234
61.39537016903148,-26.073611588691225,13.178374093635483,a85e4bc3,-6.0,1412,16.16671089132525
1313.2958333287334,254.05263310038552,-19.88809134708342,a87433c9,-1.0,1739,515.8201250273452
452.7011148102966,-59.490836453918796,-40.88729725414411,a8ed028a,29.5,1772,117.44099370074456
17.258893738944685,-14.729882219602759,10.058198955191996,a959858c,24.5,1366,4.195736824844641
578.4472289998348,-33.550096773133234,-12.183893014411494,a9c9b150,-1.0,1840,177.57107973743004
60.98431849943769,-1.6704100204769183,-24.95750583468187,aa95015b,1.5,1461,11.452134214759633
678.5878338835504,-49.5842494940028,29.886943344345873,aaaf3c03,10.0,1731,219.6301759112978
843.788724945216,-552.0176554118483,82.80244351305141,aaeffccb,2.5,1874,124.8578376821397
-9268.239569258205,800.0279025352996,-19.145238093076745,ab112491,20.5,1993,-2829.118968271994
243.105064580306,71.59532962496692,19.41983522764133,ab18d3fc,-9.0,1643,111.37340981097141
1487.437426729591,63.90359750749416,-2.254877396871414,ab3ced07,-7.0,1758,516.3620489467379
82.25012686767823,-31.87152883091613,33.26026689143353,ab6fe95d,-2.5,1933,27.879621642731877
783.1775460564514,-79.57702074619752,5.832419851748785,ab94878e,1.5,1648,236.47764838733426
361.9163538284788,18.03711662490416,148.9811657507009,abf460d2,2.0,1546,176.3115454013613
619.6197508344669,618.4530665907081,59.76631997837151,ac6f01d5,-15.0,1725,432.6130458011821
93.74887076484218,542.3183707355311,3.316743418443372,ad2133a8,-11.5,1458,213.12799497293886
667.137700790822,-32.40120449151612,-21.32460132822131,add9c322,-7.0,1587,204.4706316570282
718.7603881616013,-250.28024361124855,-17.1260922653124,ae069086,-3.0,1971,150.45135076168012
-345.17481992868136,61.16283641730216,2.661736353674011,ae0784a8,0.0,1348,-93.78341571923505
1042.1128487968624,43.46293154663678,-21.361961311056888,ae35f33a,7.5,2019,354.7379396774808
641.0059612426186,239.22151800091157,-1.6554989820863744,ae8959c3,22.5,2127,292.8573267538146
49.652959504251456,11.458052228047269,-4.096172110282604,aed44918,-1.0,1301,19.00494654067204
-91.23679580772102,-150.11369873216302,3.6768254695692364,aee6393a,-0.5,1281,-79.2245563567716
14.383313637195858,80.01315050897631,10.204233880392236,af7a59ce,-5.0,1306,34.866899342188134
294.3749282809479,52.91706073881451,-80.57371671910471,aff4e561,1.0,1697,88.90609076688592
190.301360242809,58.45990604682502,12.700712363870897,b04b58a3,4.0,1827,87.15399288450163
45.45512422176167,-3.380029106993784,-38.65319694608747,b0d42b0d,22.5,1386,1.1406327228934738
119.19813357613529,305.1326421617982,-47.77582554522196,b0f53bf4,-5.0,1447,125.51831673090383
75.48021043185545,26.25923906700655,6.3343385452960845,b19b0395,0.5,1383,36.02459601471936
559.5032228417374,111.89258636510617,20.283044601176655,b1efb8a4,4.0,1564,230.55961793600673
1692.2960038814565,67.02712728527906,-0.5394634533870513,b32902c0,2.5,1929,586.2612225711161
344.66422469225074,54.77305156864546,27.290930420161203,b32e4903,6.0,1650,142.24273556035246
828.7512607623435,70.00470845111369,-4.5444708311551425,b3388334,2.5,1727,298.0704994607673
185.82294626777713,15.372928168663714,70.70587024967156,b37fd114,15.5,1625,90.63391489537081
1420.2796371407735,-105.56263509475495,74.44601643956774,b38e3116,-7.5,1743,463.0543394951954
645.1148985356515,39.38885166845593,-824.3809342057585,b4d8dd4f,5.5,1650,-46.625728000550374
363.3773884834226,-90.91236711356925,-154.67889966016054,b4f37e6e,5.5,1507,39.2620405698976
1317.910024632626,-32.97402754034444,-3.6399020370230466,b56bc0aa,6.5,1829,427.0986983517528
1023.7026379395352,-57.225664059552,70.93264296863295,b585b4fa,4.5,1705,345.8032056162054
45.37877196946338,17.144417599551016,-18.040258772044265,b5aa9634,-8.0,1421,14.827643598990042
166.16692826006715,14.275004615345201,26.540185757865366,b7974e66,0.0,1612,68.99403954442592
-322.39410953875404,100.51744839049965,21.108906217761046,b7cdcecb,-1.0,1452,-66.92258497683112
898.9003764361038,131.8820930683474,72.00557748331703,b7fea9ef,-9.0,1709,367.5960156625894
434.1367354807948,-42.427877724579915,136.04137938622767,b85f7b06,-1.5,1650,175.9167457141475
54.566161049843565,-113.91885465159226,27.42091142114754,b881d27e,11.0,1433,-10.643927393533717
742.7174775582423,2.393218587303038,-7.239033733290228,b8c49c1a,1.0,1935,245.95722080408504
175.612657886776,156.0259905326473,4.86505196484964,b95e7121,-20.0,1186,112.16790012809098
221.46555755614855,105.48614451263764,15.124003163238683,b977be4a,-8.0,1578,114.02523507734162
49.26523938467603,-66.83842457508403,-20.49938556518983,ba48188d,-30.0,1368,-12.690856918532612
1278.3926595011417,-105.40742324201614,-24.36302917896475,bb2cdd83,1.5,1840,382.87406902672024
-114.04692404183626,-92.87679279634992,-51.87709939180921,bb337fa0,9.0,1343,-86.2669387433318
1076.8524073566796,-42.604267258514604,-50.57199163533,bb682ebd,21.0,1792,327.8920494876116
741.565796578369,-35.348871009688736,68.97341287208599,bc4381e2,4.5,1930,258.3967794802554
668.2504490340516,-28.57170865789243,-22.880580235561137,bcebcc5f,3.0,1631,205.59938671353265
1884.4135526383602,-15.135687396970152,8.839888887588863,bd2c2f34,-13.5,1798,626.0392513763263
832.5861381636971,-107.22619297453392,-44.202901312770855,bd4ae5da,-8.0,1899,227.05234795879744
1265.2770230069925,-193.4198174161257,49.094233411124016,bd6f0e19,10.5,1839,373.6504796673303
138.8736918836197,247.31187499449345,5.8809583316792216,bd8f847e,-6.0,1200,130.68884173659745
1759.8144853021076,124.04319420517308,-16.742458085081303,be063506,0.0,2039,622.3717404740664
1300.896217435723,-40.382578775831924,112.28949253204411,be35c8f2,-3.0,1672,457.601043730645
-207.93918324998637,43.81090244475216,-10.320410389614986,be83e781,-11.0,1555,-58.149563731616404
105.94407203810596,-145.75539966895832,-29.053316327723127,beda8696,-9.0,1956,-22.95488131952516
123.01225722523225,-164.40536057708692,-19.924763418793987,bf39bc20,0.5,1744,-20.439288923549555
264.52086062150397,10.792144503078596,-51.918054537753875,bf70b410,-2.0,1653,74.4649835289429
-338.905318612503,-99.00646564998071,27.286037810276067,bffe3082,13.0,1463,-136.87524881740254
1060.8013446361822,86.07073528735992,-30.25386834456311,c03b9305,3.0,1812,372.2060705263263
707.7730551402976,-4.574112144895648,-36.266327162133834,c03d4aed,5.5,1734,222.31087194442273
1776.7614602510366,249.1515531309367,-53.872932308848505,c03fba65,-22.5,1970,657.3466936910417
361.21521247709086,-27.964330598882675,-15.390784483136967,c07fd0cd,0.0,1844,105.95336579835708
543.1583358492583,-25.936055156680325,63.68520377313932,c1708b88,-20.5,1645,193.63582815523907
-24.320949157268235,68.75661262870076,-1.5357780054197596,c1d046f4,2.0,1404,14.299961822004258
1174.5678847107072,105.40826399244803,-25.12051743960118,c2717d4f,9.5,1961,418.2852104211847
827.8544360253817,59.14998160118014,-74.5884043724331,c2c4db09,-2.5,1812,270.80533775137627
1077.8897788309491,-239.05264277906366,56.23324752224335,c2c6fc71,-6.0,1721,298.3567945247096
1259.4470175006716,53.93622468310034,44.77806290843638,c36625df,-5.0,1644,452.7204350307361
4808.987871335162,-18.653371990712383,-201.42888836255085,c3957531,-5.0,1938,1529.6352036606331
2039.2869041503325,118.55535609972237,-103.69741290502186,c42fe306,7.0,1928,684.7149491150111
1538.6292165028399,60.587411387487194,11.537182214308578,c43812e2,7.5,1766,536.9179367015453
1264.0027780822033,35.562775750504684,3.9416836967908644,c472c0b5,5.0,1813,434.502412509833
640.3688130337996,-1.2948649055737957,-49.64336827092565,c47e0767,13.5,1743,196.4768599524334
816.4373384692972,62.674321397309086,30.006019391267813,c50b42f6,7.5,1906,303.03922641929137
-616.6883520157293,29.433500042630044,28.603506299943657,c593337f,-15.0,1910,-186.2171152243852
461.9824103989569,36.08009548503216,28.89126021468541,c59b6c4a,-22.5,1961,175.65125536622483
781.9226678152285,-224.9150213607794,-58.25351581992583,c66be2b8,-14.5,2053,166.2513768781744
1344.447308643261,-122.29028859828128,165.3439607644792,c6797dd7,0.5,1617,462.5003269364863
1665.990984641097,-133.74526825914418,-25.89800000049344,c6b782a4,-9.5,1798,502.1159054604864
865.274362655344,-25.765982373910138,22.663037224309484,c6c96179,4.0,1809,287.3904725019145
183.436657843104,107.51754218934371,-36.46431194082351,c70c0e01,-0.5,1745,84.82996269720807
836.3978872123647,-70.4074928674338,52.037653388556436,c84c65be,4.5,1747,272.67601591116244
-198.64263335049466,-18.74853015493013,1.1380718245664267,c8d9680c,30.0,1460,-72.08436389361945
38.576721372025204,64.4565729468109,-74.07771944946872,c908edd0,-2.5,1458,9.651858289789127
368.54539013409715,-3.2860702639425883,-16.427232622774877,c9578d27,9.5,1715,116.27736241579323
6.544744697354532,-9.84200817436514,-9.803521220036005,c96c018a,11.0,1443,-4.366928232348871
664.1958628823106,962.3184544794208,-21.719194369613618,c99f9fae,-6.5,2033,534.9317076640392
277.4636000941542,29.462020386041846,-8.278990697431796,c9e6734f,6.5,1653,99.54887659425474
1841.9877071376893,53.296932201650826,176.12758858550762,c9e980e8,-16.5,1903,690.4707426416159
647.2529742169778,-142.3425251098734,5.912652144455241,c9fedcf3,8.0,1693,170.2743670838532
9372.833501861545,98.27583768973416,-10.423369275275743,cad13e8f,-6.0,2018,3153.5619900920015
3059.695832857249,-122.48339777603948,55.7501543757248,cb34231f,9.5,1901,997.6541964856448
66.92162362966458,61.87035473763317,11.80245862195869,cb879f40,7.5,1589,46.86481232975215
-3023.7646101992805,14.132821542625743,-11.715434173446809,cbb406b5,6.0,1807,-1007.1157409433672
-70.90558176463567,-11.60988660293449,-12.351623124024847,cbe51de1,1.0,1399,-31.62236383053167
450.9274860363209,-6.27275330097857,-68.05107894632916,cbe62450,8.5,1600,125.53455126300439
116.74822848838564,40.443736706391824,-22.989587357335353,cc08aa63,8.5,1744,44.734125945814036
66.76236247558148,-4.834239305233478,-27.434710874672632,cc8a1d57,-13.0,1683,11.497804098558456
375.16633675159983,254.06134871190238,-72.9123332547639,ccedb12b,-3.0,2026,185.4384507362461
1098.910278204252,-104.54062855920974,19.678998308303314,cd7f1687,-3.0,1749,338.0162159844486
562.0735651951645,-30.959794775901756,-14.211411079596882,cda7eb37,-1.5,1647,172.3007864465553
392.2740042424213,0.14208567083546178,92.59046257084394,cdc31d65,4.5,1768,161.66885082803358
809.0567913250563,-45.92200733143134,18.422481637274892,cdc60a53,4.5,1753,260.5190885436333
230.1123519074289,-28.080263440155942,14.200238618269621,ce55ba43,8.5,1554,72.07744236184753
2307.1622659018944,98.54346688201578,-37.24143751476617,ce8399b7,-6.5,1933,789.4880984230481
3344.9306732560817,42.243657780886245,11.674934949975103,cf50c9d1,-17.5,1776,1132.949755328981
1265.1906829142422,85.52454123633989,-40.09127396406729,d00e7eb9,-4.5,1617,436.8746500621716
812.5698507901071,-1030.5953235921259,16.4995739699565,d011f41b,-5.5,1639,-67.17529961068742
1353.921546296796,86.82705648130765,-15.431707901095425,d07aed8f,12.5,1752,475.10563162566933
133.94121989793646,72.8557024512613,-205.01864785753966,d085e611,2.5,1661,0.5927581638860318
59.947860363398384,115.67382696792447,29.45873835676149,d0a0e7b5,4.0,1607,68.36014189602811
-18.744606065619674,-7.3365861429559995,26.343648283825768,d0a43760,6.5,1461,0.08748535841669873
5855.876516652988,-41.69118982845498,-40.84178754464418,d0cb63ae,-25.0,1636,1924.4478464266297
-57.375773230142045,120.8655397284495,-6.989984779071226,d114d9c2,-10.0,1337,18.833260573078743
351.08575692333267,589.8245520054875,251.18828343384075,d1457cc5,0.0,1523,397.3661974542203
1225.825522475595,-15.651363627611154,83.58442453846538,d1ecf309,8.5,1696,431.25286112881645
248.28654750463235,14.850471280109662,-22.438439253646028,d1ee630d,3.0,1589,80.23285984369865
1161.9524763377262,186.04688719263638,-1.8418891178540653,d217e0c5,-0.5,1875,448.7191581375029
164.1225060251208,86.5889850887116,-0.13600624725300897,d24ff243,8.0,1475,83.52516162219312
-5052.751331561076,-30.44912329152906,-58.610872428632796,d273674e,-8.5,1839,-1713.937109093746
-64.53978948186541,-81.23889863353725,-3.928724411243795,d2f3b1ab,10.5,1437,-49.90247084221548
39.27512182336561,-43.74053707372034,-6.187541766549815,d3df146b,3.5,1465,-3.550985672301515
943.0146280352645,89.194207552498,114.80747254087882,d40f61d5,0.0,1841,382.33876937621375
1424.9252438490794,-19.496822565684056,-32.54501429348801,d41beaf2,-3.5,1839,457.62780232996914
696.5682210690314,1670.8890159023915,93.70164857161448,d463e527,-1.5,2224,820.3862951810124
1512.4757115449215,-61.34477943052253,-59.924249287312584,d4f60a28,-11.5,1934,463.73556094236216
191.48324313798113,92.8716208014166,25.678388060697273,d50c649a,1.0,1675,103.344417333365
481.51621971728093,-64.01075059914231,95.79096801383758,d543916f,4.5,1482,171.09881237732543
-106.39455160992951,-32.206688302205826,8.99846611681679,d5df0ff5,-2.0,1458,-43.200924598439514
807.116992166283,19.482251855451974,-13.713118778330442,d60430e6,-2.0,1665,270.9620417478015
-26.105793798020184,161.40544232506085,115.86527129446068,d63196fe,-14.0,1371,83.72163994050045
131.4390269070704,-8.600662580480664,2.3978709720695073,d6c320d9,12.0,1494,41.74541176621975
190.54998944406213,-39.984279290935255,25.036791758449006,d6dd7330,4.0,1467,58.534167303858624
517.1647475561505,-108.88417380515853,27.356683634011965,d7ba4f9d,-15.5,1748,145.21241912833463
846.114498427249,14.050947001036283,150.03878852836093,d7eb0be8,0.5,1807,336.7347446522154
241.58445169487968,39.38856739344651,-16.71856950047267,d84b621b,-15.5,1752,88.08481652928451
-58.71405405435256,228.75573060420555,-156.77357895517721,d90aa14c,3.0,2123,4.4226991982252555
-9775.618264512857,1232.8577607482055,7.768421826699971,d924e971,26.0,2124,-2844.997360645984
66.79450706733509,-13.608418711701903,-41.159692040244636,d9ae59b2,-9.0,1502,4.008798771796184
710.4330842615052,-5.516623972435171,27.761694313345693,d9d6d94d,0.0,1741,244.2260515341386
901.3602184592202,1.9925480665128972,-1.8514380904567436,d9eca87b,-10.5,1559,300.5004428117588
47.95377577554074,-22.10810780402709,22.1015934170148,da2d4d7c,-3.0,1453,15.982420462842818
84.7108577782278,73.70309828878746,-22.829212214943052,da3bfe4e,-21.5,1558,45.1949146173574
517.3737593121964,9.441585738821946,11.161027819782118,da3cf798,6.0,1747,179.32545762360016
696.1601204892115,54.764805010950475,33.91104272034999,da940160,2.0,1660,261.6119894068373
99.54951239634032,2.5549135883274054,23.061439634004724,dafc88c3,6.5,1615,41.72195520622415
7288.12874347738,-19.75787941432017,7.198095490302094,dbee6c86,-2.5,1745,2425.189653184454
412.86750862941034,135.58991444969666,116.89579141101365,dc5fbe29,1.5,1352,221.78440483004022
1114.9775065556569,21.728388147972495,-131.79334210370317,dc7da28f,16.0,1898,334.9708508666421
558.5027974569464,104.34433806267647,-26.16190254862755,dc7f9757,-11.0,1843,212.22841099033178
1561.0815835537635,66.15007851084528,19.525588620639073,dd168de0,3.5,1791,548.9190835617493
535.8563498793951,144.88185669266645,-2.6343825686810436,dd64382d,0.5,1934,226.03460800112683
239.3754357136261,894.954604281474,92.97226085584103,dd6bc5b2,6.5,2162,409.10076695031375
1334.481720619782,16.287135894902736,-6.032794639001365,dd7d638e,-0.5,1745,448.2453539585611
4913.259342096408,-91.83737948085098,25.63887611034581,ddc790ff,-7.5,1742,1615.6869462419675
28.599552315269186,-7.434442901970937,-44.46698282854817,df71d1ff,-12.0,1651,-7.767291138416639
1326.9525407753356,-203.7682956794088,-51.618179346335694,df73b8f3,-8.0,1839,357.18868858319706
549.5319403944217,3.5723503882841117,-3.960586513996217,df8290be,5.0,1703,183.0479014229032
487.3023041945763,-67.68053711755354,-14.537901902617085,e0079ed1,-2.0,1786,135.02795505813523
1371.8700169645401,-31.64776365323143,-27.355041661991574,e03b45fd,-2.5,1741,437.62240388310573
319.4859123586217,-66.8392029767731,21.563953422375597,e0f36d98,6.5,1738,91.40355426807474
-144.73794398120904,-98.70341169782677,4.959924035346785,e149204f,3.0,1452,-79.49381054789635
173.29063067381122,-13.243298738620053,24.939243517307744,e14d641e,-9.5,1794,61.66219181749964
393.5513662480198,-24.37282988641901,68.71625335296585,e161bd0c,1.5,1864,145.96492990485555
684.1800575337232,-1.8014148791988167,-123.6344164528175,e201fd6d,-12.0,1842,186.24807540056898
2438.506872037461,95.03872347700758,-1.3632791371590103,e25f1537,2.0,1841,844.0607721257699
211.70693042527023,290.30847303923673,52.684885912687726,e2fc7745,10.0,1651,184.9000964590649
-105.43900505460296,43.535763182805105,1.2915857079798887,e32da4ec,4.0,1459,-20.20388538793932
244.1143513618144,-10.138693278385023,-23.55202373930347,e3b34f5b,-2.0,1838,70.14121144804197
227.0523380582933,-61.27468752647804,-1.124970412348585,e45a2a62,10.0,1690,54.884226706488896
4441.559373010454,-79.55969605795948,85.54836948390002,e46f4ef4,4.5,1735,1482.5160154787982
262.76246442330967,-41.11495077353045,24.87490785170919,e4726608,-2.5,1535,82.17414050049614
630.9399325483553,-68.40900436487351,18.463966012227026,e5864244,1.0,1568,193.66496473190296
302.30329308373757,-13.955303288822448,-35.06049090226992,e5c92e59,6.5,1632,84.4291662975484
829.8549806575597,-11.314174679012224,22.501712845641126,e5ff9fd2,4.5,1844,280.34750627472954
713.5566749170181,-41.76979511674439,45.17173083676588,e6c55748,1.5,1487,238.98620354567984
1515.207202963374,-11.619623371107364,-20.22287739404207,e730c32b,9.5,1741,494.45490073274146
1141.5720330809916,-89.53363970629876,1.606600489921398,e737965a,-7.5,1739,351.2149979548714
98.14134014786248,-11.666192660161736,-50.23029299793965,e748dd88,3.5,1452,12.081618163253696
31.504446648092436,42.27943929134195,27.507141764432063,e7818f7a,-9.0,1458,33.76367590128881
781.2344199042374,128.30583651179,46.999156037471444,e7c36e81,-9.0,2124,318.846470817833
1241.1809475030764,-110.32175973560793,-22.60300219120815,e7d0c1de,-3.5,1744,369.41872852542014
826.7750019975142,-239.07396546852794,-19.56604780076629,e85074c5,8.5,1561,189.3783295760733
858.5363549678619,134.72931613722906,3.172327708339234,e97032ad,9.5,2124,332.14599960447674
1217.8169358011494,-298.85127973438307,-15.270463898983154,e9949a23,-7.0,1848,301.23173072259436
190.44556850678882,-358.2242481702883,98.32044930487174,ea0b99b7,-3.5,1700,-23.15274345287592
-971.4620541172425,430.9608953827627,-9.408798447031028,ea3a0e38,5.0,1742,-183.30331906050358
513.6648936100399,38.081176954229434,9.654720526636664,ea41324e,-1.0,1814,187.133597030302
1245.1478700112452,-32.709389159667786,6.842705381040899,eabc711b,-12.5,1966,406.4270620775394
-6.877964770571028,299.61195627629854,282.7505043094608,eac10e86,8.5,1434,191.8281652717294
1395.5654706646133,-81.62466189336087,-189.65364361326468,eafb863e,-1.0,1749,374.76238838599596
874.4805913678655,-16.413752959466184,128.176754032129,eb06a4e7,-3.0,1844,328.7478641468428
263.6986831824429,125.20147271630518,5.372388401597766,eb640a35,-5.5,1745,131.4241814334486
1086.127470525819,-91.77960954195295,0.8990514888884673,eb934281,-5.5,1841,331.74897082425156
62.53346273017505,151.14031790223515,178.6326602063046,eba6605e,13.0,1309,130.76881361290495
247.2838725228139,-142.6383903452026,173.2900258149435,ebe69318,5.0,1742,92.6451693308516
1672.6376569983704,-6.276923760530337,24.255228827506695,ec0d597b,5.5,1836,563.5386540217822
159.14924997155805,4.835631599754835,-29.17444736724774,ec13af42,9.5,1900,44.936811401355044
908.2986590590982,85.06598837243536,1.5425123185873528,ecdab904,12.5,2029,331.63571991670693
901.9995520193854,-55.98720573005199,-10.76000418249815,ecdaf714,10.0,1648,278.4174473689451
497.1350999040367,352.09693074783075,-18.704409470748406,ed6436d6,-5.5,2082,276.8425403937064
62.75483422848319,-57.03826739059118,24.815672127855763,ed6e6e54,-1.5,1337,10.17741298858259
1124.6899740253862,20.41018857245069,6.562142294881476,edf885a3,11.0,1746,383.8874349642394
327.3973818566018,136.6721688962794,221.72116065532524,ee0300f7,25.0,1617,228.59690380273548
603.2382959465328,-26.38165999698344,-10.70963868969514,ee288beb,15.5,1552,188.71566575328475
97.95254975101376,58.77980657064814,-0.24480731076431772,ee4aecac,2.0,1331,52.162516336965865
27.667526502757763,9.535600376360673,7.166525332259831,eeda36f5,-8.0,1401,14.789884070459422
288.2338937652911,29.306195810169044,-27.633030617420467,eeed308d,0.5,1604,96.63568631934656
345.85800016563707,18.12284721484698,21.769252701081594,ef04658e,6.0,1560,128.5833666938552
471.5173318125868,110.91577272892688,-11.12007021023894,ef8e3ed0,-8.5,1413,190.4376781104249
82.87420676548429,36.93461474170451,-158.76572368235222,efde6ac3,-9.5,1661,-12.985634058387808
77.67105058681265,336.3350802777156,140.10489192736566,efe96181,-30.0,1452,184.70367426396464
915.4353877421252,56.063681520458395,-12.987669645330982,f0188a48,-9.0,1969,319.5037998724176
1318.7956444587057,25.360274511252932,-41.11007719562152,f021b650,-2.0,1871,434.3486139247791
388.08684604057885,-88.28760180894048,-62.597476499722426,f03f10fe,-1.0,1678,79.06725591063864
1088.3869393465702,7.266202850084578,-312.79688507214456,f053a1b9,-6.5,1844,260.95208570817005
-113.6482162581637,57.02383327653369,4.988323883137687,f074d277,10.0,1415,-17.21201969949744
877.1911349362113,156.2454865319417,-56.238211465000404,f07d7037,-3.0,2125,325.7328033343842
1251.5420790461235,55.238619160175304,-25.2198503223795,f08774c3,8.0,1745,427.1869492946398
1182.9768746702289,-19.774707513416658,13.00917737182931,f140c2fa,-12.5,1942,392.07044817621386
685.6705230869311,-58.29536463115428,-20.957282068786085,f16e25e3,-3.5,1934,202.1392921289969
840.524247003058,35.31550873840567,23.68762008619265,f2d4c8c9,0.0,1659,299.8424586092188
18.93499677291336,59.294043336369725,14.796748652255102,f321a31c,-6.0,1414,31.008596253846065
1004.7996340737883,-2.3010608174833047,-14.0674301278675,f40cd091,7.5,1610,329.47704770947917
302.9574685003117,21.973015090521105,-21.038276486697914,f439a621,10.0,1874,101.29740236804497
710.2062562982182,50.26048933162224,-29.66616415030292,f49fdea3,27.0,1636,243.6001938265125
6479.985731882777,-165.6654595111233,79.87162311560994,f4d12d23,-19.0,1747,2131.3972984957545
455.78150785416074,25.5427181400042,0.479707897648264,f56d3ace,7.0,1951,160.60131129727105
404.5465181269577,-28.325686329672216,90.62638856641647,f5859199,10.0,1648,155.61574012123398
212.529289738976,-1210.142020562624,48.07322722028034,f5d8aab6,-17.5,2132,-316.51316786778926
756.9225074139719,-3751.1276085342192,-14.011419137485795,f631da6e,-0.5,1511,-1002.7388400859112
701.4332500163131,-32.43098009116221,36.70455120880683,f6824bb0,-8.0,1849,235.23560704465254
327.17713270302295,-244.1741904737741,27.55328420953068,f6bc699b,1.5,1749,36.852075479593175
40.812319196374816,35.85185400414236,97.40813902820345,f6d009f4,19.0,1288,58.024104076240214
-1237.2702925703193,55.2972417754956,-24.026732676414042,f72b268f,-15.5,1514,-401.99992782374585
-18476.368347322616,-129.3534514431212,423.78171116918287,f8662c22,-6.5,1528,-6060.646695865517
378.9564097430708,564.4035952042873,-61.929648571822135,f88ddb26,-30.0,1595,293.81011879184535
-15.330570803280267,-45.32761616451358,-4.410982649041587,f8afa78a,9.5,1335,-21.689723205611813
341.9419053419961,-39.9543736208131,18.782424194240974,f8f59188,3.0,1933,106.92331863847467
494.88884946536166,-19.642054951352044,41.96402639917805,f9fc81aa,-1.0,1515,172.40360697106254
33.27336955238801,30.273545581554675,-6.008522774468654,fa16d114,-14.5,1242,19.17946411982468
-909.7924895610793,-274.9924327593648,41.024951506099946,fa31da94,-5.5,1654,-381.2533236047814
442.0494842070531,88.35681643897674,-3.2199785817124256,fa667be2,-2.5,1502,175.72877402143914
755.7840931933936,-34.56222829213398,-47.451456789412035,fae0c593,7.5,1744,224.5901360372825
1796.7809648095485,260.94183384281695,426.0590410195308,fb03ae90,-27.0,1698,827.9272798906321
1574.5663649654687,38.693631298606334,16.66861170292027,fb0904bd,-0.5,1906,543.3095359889984
540.9943139682507,19.389834637388237,-5.947145272336362,fb3848a1,5.5,1940,184.8123344444342
691.7617891029302,16.766848585896273,-69.16821647560418,fb73b13a,1.5,1825,213.1201404044074
1503.989713170425,-6.3789240305546455,15.337789399380672,fba7683c,-2.5,1651,504.316192846417
920.3624375566123,-60.333257392384816,-27.143377380959397,fbd68d27,-13.5,1723,277.62860092775605
195.53745770432533,40.942827383988174,89.10739379810735,fc03f21f,8.5,1399,108.52922629547362
123.91047741061156,1.6821130300569576,-16.40774519477163,fc0d20b2,7.0,1354,36.39494841529896
1551.32034368107,5.930808153060092,-5.009244904095943,fcfcc902,-4.0,1874,517.413968976678
326.5234791642847,-46.578433963746555,217.0418573999018,fd3b4faa,2.5,1934,165.66230086681333
1131.721916458385,-1.4214340256555362,-125.2980666608929,fd710aea,1.0,1743,335.00080525727884
175.5517609188133,301.432201721824,35.91331228763636,fd8f77fa,15.5,1484,170.96575830942456
1447.0711459552426,-68.61206676093225,27.690862906550745,fde20ecf,13.5,1719,468.71664736695374
816.8793737372433,444.8507042220671,25.41357285741497,fdfd57da,-8.5,2128,429.0478836055751
1024.2699053764586,2.097138632333125,29.769107789187853,febb4411,-6.0,2028,352.0453839326599
-152.38850800205662,133.72862600007036,-5.222819969207055,fef8af96,-30.0,1242,-7.960900657064439
2935.138543535689,26.22413592446825,-95.81926346469474,ff0aea78,24.0,1715,955.1811386651542
954.3647396683507,55.08414737529384,8.163539622700846,ff8bb73a,14.5,1743,339.2041422221151
717.257192972987,28.524157516682376,-151.01869839417716,ffefef30,-6.5,1851,198.2542173651641
