well_id,med_abs_truth_res,known_res_std
000d7d20,18.764695333600493,13.994343088461324
00bbac68,8.387632132545491,12.1346531588092
00e12e8b,4.120394323698001,14.727436302775251
015fe0d2,17.563549272500666,10.857469872332912
01869cd4,8.826902984590262,15.456336756741393
01982c1d,3.7738690436448827,11.546089842980756
028d7b28,9.208412694571365,10.893277927006
02e7fe5a,6.582634791580428,11.841982507546188
0390d174,3.103721719553235,5.764312458691414
03a935ae,7.797994328077678,13.10790023365515
044af7d1,9.104301202426086,16.810810770541753
0498acab,11.39437790484898,14.632472619277172
052d64df,6.518653917841547,13.51487674662021
05948241,14.134690016939132,12.68758748565523
059c8f24,5.549199829933713,12.692418031900656
05a0ee4d,10.573277387496425,19.263001088917008
060ab2b8,5.8755779002619875,12.772411905016819
06df5958,15.018408405779198,16.03412020669125
071d7b45,10.76208489810493,14.91064669598504
0849b4e2,3.486844386035486,10.35171533600473
084d66f9,7.969640929894879,14.932232782240789
08fecf00,5.62411878002672,12.358953024845873
09053135,9.077420867616354,11.694421703705752
09441b8d,6.003074719748398,9.606545813217606
0955cd6c,9.038997262625394,14.607025920740051
09ec2ca9,14.594389926008887,18.546162371297076
0a57a29c,10.355593468534977,11.696542192303328
0bbf5e67,3.835979433743887,4.56118350353669
0be01c24,5.487538615119696,11.522380269328636
0c1b160c,14.07075320163871,13.676640462008947
0d99f8e4,13.04232110707568,12.460101502113547
0dc5e64d,8.059812069691908,16.599495822155575
0dc835f3,5.811029779000734,6.824093059238811
0dd99dc5,10.44545471655536,16.51641064767238
0e5e560d,15.870823725459175,14.330661786238235
109d9d70,9.212104969405893,11.97469861012507
10a1281a,6.8587826313886495,12.086364851624092
10b89021,7.252644777776403,11.092190586530094
10be2420,5.6879478984661205,8.86129023346879
113011eb,7.433138599819181,12.497224419132277
1131525f,11.162621814598708,18.014334872043246
11d0f5ac,8.455357182838576,10.388987152534739
12203f2a,9.685634180460212,14.653107551945311
122bd617,9.109603201635927,10.767891439852573
125be846,12.225192374042635,15.862424692555548
1285a37b,8.038895433320704,13.386460886854548
1295a25b,10.892676050501429,13.153349240318086
12f0cd90,9.024888566196317,13.335919522966933
137d1e44,15.029364729165202,16.10111237357888
13ce113d,5.648693982582586,13.858370298145429
13f598d9,7.183447841876685,12.131053671187821
14a53cb3,12.747223188627807,17.82863240603757
14ab73fb,9.740346333496788,18.470809592005644
14ad5efb,6.637053968657767,11.69164464964943
14fee784,8.095058316468943,12.24780889565225
153552f5,7.783302281550334,14.364697143331657
1550491d,10.459222617400897,11.004090361987597
155887bb,9.441265931445681,11.88562688199317
1590af81,7.591355142553375,9.764449687008318
15e154a1,6.737103575618079,9.643032180524939
1619e2ca,7.671678340082202,12.296063649950078
16e4a047,9.517919818860577,17.676204757816624
173ed841,22.928264671970013,17.60074660262964
1770d7c6,11.529750437670685,14.700073166499076
177622d7,5.643490378321097,12.4159682799532
18d24f7b,5.367247430984278,10.683173024605784
19137a89,10.086341401710655,11.114025222151605
1944513c,4.288097770500428,12.292202927568198
197f8a5a,21.404866598577286,29.08981422295888
19871e7f,9.896653113216473,11.234248837884852
198a5607,10.935099805887717,15.928057265297165
19fb4f7b,7.774963662927931,12.442696133936654
1a518997,6.307830972350558,13.145848107182863
1a68190b,11.107750648728285,12.747116402707551
1a730ac2,9.826473354829744,10.631885163356753
1aaf1da0,14.658693999419697,18.705186186844124
1b08ed48,4.974179229626202,10.496376165837454
1b1c5372,10.608666982049044,8.575274245481346
1b1eba53,12.413948144399377,12.496975835377556
1b6ba517,9.276891901900811,16.601451243007116
1b82b665,17.67410573727902,12.121238683837321
1bcb2fcf,15.106437670800808,13.904204525874048
1beca81d,6.825892502683104,9.445353516476628
1d3fbf02,7.870328764785377,11.305081456472543
1d78281a,9.702957761403631,10.557301898225033
1e30dedf,6.085737013433388,5.582306989042765
1e5e3573,8.317502091610095,12.960414084263293
1f9afacb,4.853169036170534,12.677799081104018
1fdbba44,8.30978961453723,12.617145302492968
1fee2b62,18.758887029083,16.52287937329304
20096916,13.48706150096453,20.996655596921972
200d233d,9.593202495137191,11.929379553653344
201661b5,13.88959208091579,14.826802118539064
203721ab,7.240218115604463,8.908103618905473
20402d71,12.830150937123449,17.24183675471345
2043abc5,8.30268054152468,14.34403324176638
204cc64b,9.736274326928346,18.097050531828742
206b6193,10.399154547307234,11.469285608155397
2075c696,4.8693604774307815,15.295052912696757
22c5f93f,15.024967507229839,24.24127520906741
230eaaa3,9.374516718377237,16.910443817411355
2364716c,8.469854950487317,11.277307527757925
23b9beb0,9.74068917576463,10.836233695924625
24d8997e,7.107500790800472,15.360154180835274
25050f63,7.6265315782045136,15.006554295378999
25939962,11.948654394725445,15.518330952497148
25fd32b3,7.62385761085423,16.524011315887382
261785ee,6.961211571049269,8.981069928918522
264feceb,6.135467856260149,10.486383101234974
26623a50,10.177561910399469,14.80301625134129
26d3a96a,7.77299702706911,11.886093048887377
272abef3,10.662072799485514,11.00333992084207
27300fd5,6.468256005005202,15.20047245965384
276b012a,18.14163590452724,15.958699658246212
27c3155b,5.5294440951338615,13.41855668928882
27ebb9b9,6.456976723009866,14.600659053148405
283269ac,7.8095224247720765,14.686880900973367
28473855,5.2390757723165535,16.246868181986116
28f4eda9,8.07149724425311,14.731496602482204
29b24409,10.556392039980473,11.38174860938336
29de15c8,6.049909219609127,9.903482797603731
2ab29395,10.907234860203786,17.664629861374316
2ac7cb6b,5.596999268133807,8.993759249726468
2acc78d4,8.803272010592949,17.500705780641624
2b034622,8.423109411738636,11.892855972716493
2b06ad65,5.075069767509575,9.317100213926148
2b547943,8.698158239804542,13.455150296953962
2be5c96a,5.856178776981444,14.337198458128036
2bff06cf,7.589918020286618,13.827638937513267
2c0c4a4e,8.79640340480524,11.410831649576188
2cee0cba,4.1851358159506304,6.241813813743324
2d0c268a,6.515065478107239,8.163534681655156
2d179ded,6.084334278255881,11.96599554936665
2d196986,14.621325932332155,15.747608980395464
2d2d0c6b,15.164277531379483,21.340175465173854
2d35f86d,14.07280169685626,23.090798943950492
2d9f6cb9,8.543333759126888,10.172222785959285
2ddad940,17.55205405603508,21.281397710028724
2e29e833,3.9633953016108308,11.26493749310371
2e43c2ea,8.7052639753054,19.394684216879842
2e63d9de,7.100569763526451,10.753895360088519
2ee0235b,10.148749981436353,9.246054197225275
2f19d536,10.961543102932268,15.626739715632118
2f8e53c3,3.873285796301076,13.182519082602784
2fa01aa6,5.724007369551245,13.428030049447914
2fd68f7b,6.263643300811765,9.373763098656273
2fe023be,7.560961606682085,13.552045226997675
30d75030,10.18913216387567,13.82372984041505
310c71a5,5.365108238491288,8.97333334870364
32fe84c9,11.44732196367221,11.25032928955867
33c40295,8.62868508214342,10.362619735321578
3407f5bf,10.457784975995601,8.652863049497643
3417285d,3.767534832745639,8.591003300675878
347242c8,6.897135984425873,13.544406927790918
353e5502,9.82307615790917,14.140655861498049
357c12f9,6.285464877609016,8.522096167426827
3584a6eb,9.49801070661406,14.690970118382255
35b30c7f,8.479705326900287,12.091874879894563
35b3ef6a,9.808195110851166,6.779490952442782
367456ce,10.728353127998432,11.049081028779694
368131f9,12.680416218761394,16.216206489105122
368fe682,17.43493171057967,19.327867582742112
3690a146,6.4964474191423704,9.221299998936587
37344c2a,4.521321642287816,9.178728379572384
373ef48b,8.770017672539804,11.60503701186569
374be387,7.5049136441127615,8.26260752182175
37d36812,8.961296663734757,11.631598184360561
38991fd4,7.601878698607919,9.506005082170164
389ae58f,8.704325767765404,15.306851510154281
3932faa6,11.715528458371395,15.35228873765818
398dce4b,7.825008028468332,9.819398247235544
39b51819,13.539851334256454,12.146475087327682
3a0af893,14.906897068381465,16.32779292734362
3a223519,10.004014074819544,12.785002101407976
3a7dd95d,7.53200113573871,10.565037404390399
3a824aa7,8.473777122656244,16.33923449232613
3a86fe8d,9.868746969433388,9.4491876547138
3aaa2b30,9.44305661000594,12.455215910912536
3ac16ad0,6.719153822755899,15.786820648950087
3b21ea64,7.52842290992411,14.006341966227595
3bbe1f5d,9.81939652790706,12.760875952630203
3bfee975,8.075122486998147,16.45641891402654
3c3dbcbc,14.464114750545448,19.109342477251808
3d96d897,7.077132732561935,9.264753593954268
3df4b19e,11.666500184453433,14.045240665702417
3e011332,9.233225234215382,10.315826683349599
3e678ea7,10.74640733882952,12.577922193063836
3ef6372a,8.555622587203061,15.499281520036389
3ef98781,8.65678058918736,10.919895800687023
3f603129,17.05946812883171,13.798802536528788
404c4384,5.696863691916022,11.456955173339871
4121c517,9.188143283225095,18.1682161165619
41fb0192,11.183952266835941,9.968832488669658
42669188,4.667982665539062,9.136283484535147
42c538a1,8.319305618022657,12.797475097457015
43b06c70,11.961059223482408,15.71489641813639
43c7f85a,11.637452334438123,16.05024497338367
43e16325,6.134715559500194,9.82934482318099
44441e54,8.939094593287521,14.04353776396722
445af6c2,5.402428577717721,8.715201855904846
4463446c,12.28662985526924,12.700664354038397
44a94013,7.939985638094804,10.45346005801054
45fb3e21,8.808172555004418,15.002202772126171
460f859e,10.222867796835466,19.161948466954883
4630ab92,10.579336825285537,13.33318977136685
463c38f2,8.304204927294094,8.787251627197325
4654e7de,6.526889408634688,7.8935830384127375
466fc788,7.646372236076466,12.083157021121707
46a301e9,5.046988052629885,16.470971895356815
46a7190b,13.645394176757947,15.077016672979129
46d24a09,5.954491893421135,13.508636493970146
46d41ff6,8.35705509173313,12.07870119543179
46dfcfca,12.750137082429838,16.96715852105493
47222616,9.592671769540743,12.841746539842596
47ee27ab,4.933513752552351,13.272408026458772
481de5fc,12.566606686873627,13.363668687364513
48c1f673,9.66732974207774,9.71806655068287
4936af16,8.088347758491715,13.01576157594505
493b5b31,12.098287111540216,13.76703774363922
49dbc14c,14.551344756136032,21.229807081325664
4a035ec2,6.611528600140659,11.027025939239401
4a335117,13.749478107728322,22.58942008444283
4a8ecc0b,16.130963217545258,18.909688815535773
4b462989,8.159250502664946,6.881549537297892
4b831d20,13.079519118862983,14.587456079215146
4c2208f5,9.649320137722974,13.944421756620839
4c3168cf,7.442636112349547,13.058832102486484
4c3df468,11.482181341804733,14.069730306846635
4caa7289,6.751801348637429,10.876843371281142
4cd1ac61,15.226999205592392,19.792361089513605
4cecf7b3,12.390089588815343,12.71168465164671
4ddde4c1,6.933227275422709,10.621966701074868
4e050c92,8.969444859953335,12.268923326756953
4ed93db6,8.225127181909983,14.825707675552133
4f3eb9e9,7.964027115593453,10.347145248733355
4f4ac5ce,5.486145944096847,9.809137046740103
4f4afcc6,6.695875207287102,7.343709055294585
4f69febf,5.163657765765045,12.866701231477542
4fbe9c06,7.3972419626497015,11.371654853337047
504c8b08,12.18458357123184,19.14508695742711
511e1db0,6.753637133707635,9.786402910880382
512943b2,7.889372955237128,13.429386624092837
5138a660,16.717575449879444,14.277295538562374
516088b7,10.338155168423945,15.289292227295922
521a7819,6.653719515085712,11.928730591486271
5254b6db,14.565977645791989,16.364189707869976
529e88ca,13.184755313017455,12.967253728638573
52f1e77a,5.985230516065798,12.045834893023162
5305524b,26.486179098639802,13.487222226548369
53134831,17.154329082541906,13.799864804124429
5397ceb1,10.531508531448466,12.719841345780125
53f23031,7.501455923446031,9.716566267234162
543198e8,9.283403408187382,12.795894390564612
54753541,11.376589383515373,9.851885176833473
54a7e3c2,11.603539719050147,17.35711081828599
5542c301,9.904122847061728,9.296190464224354
5567d551,8.72538137677924,11.541468789325418
55efee7f,9.647932286635957,23.626501214652635
5663b2b7,9.116196575309715,13.343503082309878
5693dde2,16.370307561678302,15.718399064797383
56b00794,13.188015572948313,12.034476650981807
57796579,5.778816441672568,7.660674770349099
577eec7c,6.159021637150488,9.259856143326664
57f05c51,7.54315012429031,14.134204462329766
58850d2c,11.870583895543732,17.024564399711952
58fa8486,7.763932272265059,14.703852374176419
591cc951,7.506802259691476,9.65783085000231
593876b6,8.383043415079051,10.677536270081738
59f8b2e8,6.724330925767646,11.89283962344479
5a1a8fd8,7.589734414083388,15.717577437314787
5a5269a9,7.833212044237399,13.509875294161704
5a5d1982,5.310156340211243,9.33944645221681
5a63b5d1,6.961313684479734,13.510653898538859
5aa03df7,11.829679002421898,11.511835231701527
5aa403d0,7.532297420995519,7.522331159524465
5aef5c6c,10.734758515018441,12.787931222901516
5b7b6324,7.818884711016665,12.064658333266813
5bd25f59,3.6583384948561317,6.378969206456424
5beded95,7.882477842541277,19.47569212476969
5cb483ac,8.824258832665123,11.136715426413765
5cdd8dbc,16.79186912440636,24.28781291988235
5d11dfb5,8.712610520556929,12.221661903736498
5d7198fd,5.607471674295368,11.640702126455205
5def1ce5,6.875048643871779,9.684124157824947
5eae34a8,4.32200567138997,7.450953993173649
5f4d2a52,9.642301247099056,16.403471541021677
5f6756c5,9.851697479003036,13.7296570622234
5f75f796,8.053792880956806,13.780990251388138
5fb1c15f,8.682687145496786,8.894029281620831
5fffa282,7.3484276718627655,11.131962260489559
60e37807,9.036966472525492,13.439099976808889
61f27424,4.158052860321021,10.088061572362045
62569ae3,4.11746038774784,11.374058442781205
62a6f539,10.964511462976049,20.744681904064098
633774dc,12.945186638919168,15.867714231190313
63559d57,5.706005785646539,10.910699258134477
647f2a41,10.689527683828189,15.876319175674832
65156b96,6.187966809965687,8.627130050699922
653612bc,4.796259943673718,8.631866646183871
656a067b,13.514672361630602,14.417997087280835
65a5466a,7.393929093937878,9.38680300239517
660d9546,8.291726010881135,10.927492896388248
6767c111,14.961665668529008,14.73774833013637
67847288,11.622795445393777,13.340678960263652
67a8da4a,7.659745940125838,11.491612888633531
684a6fc1,8.482614573960191,10.945407775210631
698930d1,15.58161541790237,11.48969618005168
699ea575,7.105530599477447,13.015281540628246
69c1bdad,8.570649796796005,14.968115419711728
69e41fa6,8.999045324405422,14.340400293799359
6a0ff78e,6.992557333248698,8.442437439097716
6a8fa194,8.663168009853202,13.52782128439011
6ae68655,8.492249652318115,9.333326446090158
6d1d74e1,9.263082146643008,14.673424159769237
6d590e26,10.617035792734896,14.127723769692697
6d6d93af,12.666256984799503,10.737652796327657
6dbe4b60,7.1619019679479194,10.9579449313239
6e6d122c,11.867555762588225,14.896626666393658
6e9ccd38,7.4266528941912995,6.86759162583307
6ea22614,6.0203195228714605,8.804355212537894
6ede926a,8.185069372854088,10.518106682828138
708caea9,13.918711967709484,15.89825146316659
70925e23,25.143988003248296,17.179608624672774
70e1788b,9.963608675013162,12.59267968226287
71642c7d,7.107941760804785,12.655854674903757
71ccf778,5.424239467000895,11.62120562672307
7224331b,8.355655477224474,12.832211578086907
722cf0d8,8.727520576628365,13.054630645520612
7256229b,7.991734986510984,14.251636402272808
726f3dc2,10.063508615178357,13.91885100039661
7271dd80,12.655789321941683,8.144821870350112
727a3a10,21.320560396913976,18.689232615750548
729665c0,10.396160523066243,16.881929129076614
729e9750,11.385655668661911,15.515906869722725
729f4217,14.375048131414715,10.873249266964182
72dd8501,6.062118915767854,14.160190091076393
73348914,5.422802584947277,12.362887751792922
739a914f,14.32579074156969,11.59938786775593
73b1447d,13.729092426037255,15.342119522935501
74b6186b,8.554934837419125,14.558893327149805
75c20ec7,9.056480571439408,13.735146687475885
75cd5f11,6.135752034826133,12.408508627600739
75d20a82,9.823369104941719,14.319449556842278
76201745,4.563880918124376,7.121257774730839
764072a5,5.065882706896858,10.914120167381776
77b0d905,7.1413847294329145,10.579861119216131
77e4821c,18.027844084289484,16.047614710301783
7850c72e,8.328076696353175,14.573346163109788
78a4a386,9.134176202789163,9.323542070096327
79507629,6.878201464977721,12.550440657489602
796dbd4c,5.5651162729934995,13.81280690344549
7987f2f2,8.323325528913767,13.46574012532487
7993a768,4.7546044987074225,10.844407020424315
7a5660b0,12.07510739529883,10.662097207757496
7acda2df,10.66273747069227,20.83914862730133
7b2c7b3c,8.179694661731489,12.834696724268552
7b38844c,10.558181277943184,9.084149925286722
7bb17b96,10.10190792648713,12.066114161956289
7c607683,7.5150086157484,11.888057809296384
7cbbd047,6.973343737354128,12.582032697652426
7cd4bb31,6.797732357707144,9.706978934660148
7d50373e,6.616701106677567,12.831016546383504
7d57c75d,6.82340838004211,10.54272471272352
7e208414,8.436380623678161,10.727415768596444
7e721392,7.607760444840835,13.491601721560574
7ff89f8f,7.983264594760449,14.739555037079455
8050c789,6.380993601978517,9.544622291627773
807f0298,16.201219648300366,12.197448954843345
811f52b3,6.0244694825958405,8.36936926253045
81bf5923,13.194160803872862,17.449280693485335
81fc01c6,7.4638077674421766,9.25616950347593
8255c867,7.933815833709893,14.780645496017176
82aab6d2,5.600639727750476,11.698505452812755
82fcf37c,13.354776503113456,14.780980249127403
833af382,15.854604816104853,26.944283541781903
8382f4b6,9.874341896172709,16.788277555589904
84633df4,10.025328565826868,11.89255092327588
8478df29,9.55962430949777,11.693282277061456
84815d5a,6.2890069931559225,17.28975065469129
84c3b497,8.777064814710215,11.06483264079617
85380836,8.673656097556119,9.185867252897578
8612b37f,13.412258339238733,16.42522511656268
861e71df,9.578000724020939,11.637474291092596
86454a6f,16.816569615804468,14.009444587961015
8648abae,8.84571341492645,14.933437441260732
865033f8,9.271158861502926,21.8839152571978
87695469,13.971237977916672,10.860656123480409
877ed19c,12.332992272469923,14.17634749028341
87aa3730,13.594834827135848,11.45882288359048
884ecb5f,9.50327779261179,7.968357027931333
8902c3f6,8.822203954525122,9.020675064276286
896d15b9,6.5871175098164585,14.509132007097469
8995c945,13.742944846065313,14.623101415417516
89969c7a,6.68159666500388,11.77379381077517
89f1085d,16.910329345780667,17.601242683410373
89f36adf,8.738356235875003,13.853414695558573
89fdb2f2,4.534046470496932,11.998441370997796
8a3da6d1,8.605301929401918,11.80001568745373
8a89da23,4.198312615727687,10.554451341338535
8a9c8932,11.993925398637217,13.619878436310382
8ac2f237,9.380999072193113,13.92551307395128
8b12bab6,11.571296271488755,20.639004696140624
8b5be31b,6.445823077477023,10.988104881907667
8b95d6d1,10.190958996375116,10.630006286067674
8b9d8326,10.18831569653463,13.264931566697305
8bb9c1e6,5.991850731364096,10.21138946579911
8bda1a11,11.503465139286966,16.981604770580276
8bfa881d,8.327294149576545,17.552343305522374
8c167025,9.514980137673533,12.57821338720995
8c8348e8,8.906873543701238,16.209814556422007
8cc21f01,13.481488681288461,14.787812646413506
8cc800b3,7.794250536330779,10.811123571103938
8d5d46d7,5.316823322665769,10.543549434317052
8d92cb49,8.088292356486136,12.678475087379947
8f201368,7.400375056318964,9.913518750724304
90386ee4,8.25716661258884,14.17555111675675
91abc4c7,9.710547632461513,13.602106399934431
91b301ce,8.587031337959033,10.433040300379073
91db7070,11.766148648427638,13.497167705663609
925a7cd1,5.907483728491027,12.58695870153228
9283ae69,7.7515903153034955,11.911625954090313
9298ad5b,11.183868465115616,18.83774429493005
9314ff13,8.8779445122546,12.734917057662837
93209a3d,8.995984178009152,14.95897090223672
939d9c34,11.038728473862292,17.723665123327912
93f5d2e6,8.978448060945524,8.931414857794582
940a48d9,7.723939914316375,10.81814371827805
940e709a,9.879233740240576,16.20037875814871
9426ec1e,9.224485762754085,12.636161726028975
94467f50,10.547581947846972,15.608041187343181
944f36b9,12.542177500578447,10.265504835973855
94d813a4,8.693067862646132,13.134163288901995
95b559e7,8.067657514797038,9.491947184711224
95c8427f,7.699313620017477,14.927149191184133
96936c22,5.180778088563763,11.153269141649904
96ae5806,9.143930682445415,10.794606015288341
96b7eea1,14.834663223302918,20.404119326247113
9719aa04,11.579159335810374,10.534673841377593
974802e7,12.806261145690321,13.325177593190661
97cd5bf9,12.656221130537503,14.66016856005567
98177ced,6.377648461471807,11.813693420655435
9896fc0b,6.841758128128774,9.279369629076124
98bc6f66,8.957671196118426,15.055294575486963
992c99e8,6.882542396806329,14.324491161107387
992ce078,8.00111080812502,12.85471749419768
99529c45,6.536189138110089,9.500584917729642
995ff498,8.976295376448405,9.92330223683632
999daf80,7.3980331509037285,19.397626569310244
9a6b0392,3.7406406196749735,9.184864847626214
9a8ae0d6,7.7315167689258075,11.51758004203861
9a95e33f,8.16348210335643,11.368620919788558
9ab94eeb,7.5016610525230405,13.005003005580663
9ad5410a,11.517112567534113,17.650686372311604
9ae248be,9.092475854923734,10.521611676655956
9af1ffd0,9.14158632963749,14.249218586615894
9b5b61c1,9.890602533429629,12.176745519983939
9b9e3b49,11.294276894934448,15.36981144546499
9bd2bba3,6.472058855392227,8.987981405846414
9c211c53,5.667870447460707,9.66507789188047
9c350a6a,9.123628664896628,13.272631795308083
9c8375f7,11.604406234089971,21.12157555694881
9d072e4c,10.864904912199222,14.316335144469257
9d3ec64c,10.12992119809531,10.753570719728222
9d4272e3,6.992804767664467,14.931923254655201
9d5e14d4,8.863364808036806,10.317602027038573
9da441ba,8.468079984161307,13.748220948053204
9dede370,7.752527634338946,11.827264288389468
9def2eb2,12.154719844936146,11.295184628833486
9df1b1f9,6.252219531494887,14.581925185803328
9dfff011,8.043156780669051,13.267535695490823
9e3e364d,8.396153451132932,12.978508125374901
9efc812e,7.981772258112002,7.82396301317848
9f0c7bae,6.610483621930534,10.615155625909368
9ffce529,9.118897889305444,19.02081572056389
a0383629,7.320388429430082,11.449750363339364
a056d01e,7.084409430221925,12.266304207021516
a08d9e63,7.701767237763491,13.650509574209524
a0b83014,5.92172855005326,12.743308289820607
a0e92ed6,5.921579651439828,11.629002084232086
a15bc102,7.559284819550811,14.524264057540954
a247e7cf,15.19429166358487,14.282909147907558
a2e8e7f6,9.864388642781776,10.837961298151647
a3518960,4.063487375166023,12.790151303604762
a3f71395,7.908574035844225,11.476595506015896
a4719920,8.412498755012095,11.655352323526945
a48640d9,9.807841963468775,14.403545173383904
a4cdbb0f,7.84319867639438,11.57661098365258
a4f989c2,14.364727549401039,14.762894302147815
a5aa7973,9.679850765608116,12.885566105090899
a5e6f7dc,7.945582818922375,16.926533109883685
a612d5a0,10.393852870632237,13.424934778796706
a622ce4d,6.484771220338509,14.50513809319811
a645da9a,9.772060596598294,14.25709732448335
a692b17e,9.501093496027465,13.9389927637221
a6b8ac67,6.943393005775533,11.066303720916453
a6ed2eff,4.411495630336901,12.23453326909341
a6f967fb,13.3867802537102,17.56652559368989
a76db406,16.947384446058628,11.358313950652368
a7744f5b,4.810045116153248,10.590353201561317
a783cc24,5.2431606175159615,10.037823130529686
a79fd2e7,5.608794493588007,10.589093674467335
a7fc3e6b,15.980045054939978,12.042255739493912
a85bb86f,8.243627119269028,19.15408667764343
a85e4bc3,9.242895385923333,8.535680132225723
a87433c9,4.856745565847902,10.092086687737735
a8ed028a,8.783680905759745,10.561310673348665
a959858c,9.018571034824173,15.35785299090011
a9c9b150,11.089441621779798,18.029617403084025
aa95015b,6.144881694019759,13.641012460573407
aaaf3c03,9.02114930307549,12.518948682192834
aaeffccb,8.21297753690542,13.92154760917202
ab112491,18.26839628386638,13.912095746812541
ab18d3fc,7.5944634927275985,13.772470074167689
ab3ced07,10.221097948691721,14.303021147502436
ab6fe95d,7.620435245362977,12.573812414353604
ab94878e,6.427374667339961,10.30692460134637
abf460d2,6.833930626755226,11.377938946036975
ac6f01d5,10.022130215230291,15.917136905643412
ad2133a8,23.538338147649778,16.21823633483185
add9c322,7.881281675790746,12.22204467579038
ae069086,7.534972258128821,9.857333069776226
ae0784a8,6.380480825320134,9.473212992411211
ae35f33a,4.932842851413383,14.570069140363142
ae8959c3,7.006704451182539,9.372867902924364
aed44918,8.328963717311076,12.767810096849734
aee6393a,8.473700458167329,11.357694009793674
af7a59ce,9.948998641665106,14.790968398537371
aff4e561,10.97862737587434,15.625134779114267
b04b58a3,9.002896823868213,8.391788597821346
b0d42b0d,10.473950954822286,20.505256556046206
b0f53bf4,11.16506636438912,14.54416166965079
b19b0395,6.921499296665225,9.155002338689732
b1efb8a4,8.674703077516604,13.947352406380038
b32902c0,6.793172534365638,13.146893283037446
b32e4903,8.352294617323537,14.650220269056435
b3388334,8.41075014562378,11.808655481644099
b37fd114,10.692546133272444,14.51771786232742
b38e3116,9.651192868325467,9.996542441299644
b4d8dd4f,9.246019646230621,17.083537079794045
b4f37e6e,9.105186214929205,16.956186236734105
b56bc0aa,12.254826294040242,18.493743118330457
b585b4fa,6.693604362625848,12.032453351255398
b5aa9634,8.932216993711158,11.932987963693838
b7974e66,7.701452409515454,10.49557663985681
b7cdcecb,9.429335134169733,14.41800268989909
b7fea9ef,7.098595280640012,9.412565586948874
b85f7b06,8.38014005257373,12.660041629446527
b881d27e,9.965917169435244,16.27116101851715
b8c49c1a,7.062678928159457,13.53313403880887
b95e7121,10.823409853805359,15.327795639196156
b977be4a,9.003923178855445,16.020324836498407
ba48188d,11.532065415356115,13.03927045864605
bb2cdd83,6.473074294369809,11.777309203512484
bb337fa0,7.4944450069463215,10.622995751914097
bb682ebd,15.377302959654429,15.168153796302844
bc4381e2,6.80725235469539,11.478644992345515
bcebcc5f,7.437572921409014,10.634486669154946
bd2c2f34,5.850140046193523,7.474563509749407
bd4ae5da,11.29335310176721,18.359642053634758
bd6f0e19,6.691313971723574,11.851490453989841
bd8f847e,7.539244536910033,13.769317939424692
be063506,13.14405346612817,20.014291271687508
be35c8f2,12.824878127136099,14.372249378385227
be83e781,12.919869472644734,18.215349159242514
beda8696,10.245506038902832,15.90699192960829
bf39bc20,12.208632406117886,20.009046715263107
bf70b410,11.748860536014519,13.99308580434099
bffe3082,11.600259091687448,16.90070359335083
c03b9305,31.589660640255765,14.472830355960069
c03d4aed,10.977170544444085,8.521036936278962
c03fba65,7.794241250087325,12.23390434518882
c07fd0cd,5.665044712844541,12.768008541751906
c1708b88,10.481971096262626,12.596411861335085
c1d046f4,11.911040060555422,11.421648847727408
c2717d4f,5.905231901376695,9.963860539103928
c2c4db09,6.138891991786281,13.95397548438626
c2c6fc71,3.4952746748139667,9.007776962746691
c36625df,10.892859175712417,19.378911575590564
c3957531,11.313907008053661,13.992495301210457
c42fe306,8.863793605376422,12.707538262363018
c43812e2,10.616786264940927,13.427734085756379
c472c0b5,3.8482832247468366,6.819468428728274
c47e0767,5.886569453434362,11.516398657200668
c50b42f6,7.228626210507187,15.323423754121093
c593337f,8.006514434047581,13.990943437880876
c59b6c4a,10.033394655226346,16.499292991102223
c66be2b8,9.850774403034649,14.672160287934883
c6797dd7,6.941719929926549,9.589042447713522
c6b782a4,8.075802044866705,9.04977475888628
c6c96179,5.002031736853503,11.918117311128777
c70c0e01,12.586032174454488,16.053782826934242
c84c65be,7.795117352209331,9.205691530249489
c8d9680c,8.231076097935897,15.395753867427942
c908edd0,10.227647150386545,11.168246630317661
c9578d27,5.89668659049606,11.43656389092683
c96c018a,10.783174085136551,10.43990259220094
c99f9fae,11.920120058576643,11.169843254961132
c9e6734f,8.362020074560377,11.42999218103292
c9e980e8,10.830993854872268,14.177180515461375
c9fedcf3,5.425367365519342,11.226985385273684
cad13e8f,5.2751443663903785,14.933970994288519
cb34231f,5.69953766013915,15.968564612355175
cb879f40,5.274465482836906,11.014043283915386
cbb406b5,9.48286473608961,15.856232050931004
cbe51de1,8.144128021834078,11.095331953677613
cbe62450,10.316054328432436,15.676998478324297
cc08aa63,11.903022628488827,19.982172285410453
cc8a1d57,10.341789642925633,17.491660748235752
ccedb12b,7.397058021304865,15.119889072805163
cd7f1687,9.696045682204144,13.446485636707687
cda7eb37,6.807426742705097,14.730054432787515
cdc31d65,6.544509272222477,13.948203284327283
cdc60a53,4.653120468184277,7.716706170611675
ce55ba43,7.09277880576937,11.549432049285711
ce8399b7,15.724983121941648,11.674526019170372
cf50c9d1,8.099819881263386,9.840449434225336
d00e7eb9,9.653623065276733,11.671942311705052
d011f41b,14.656008710308967,14.984881044543279
d07aed8f,5.257321726903193,10.090619590144286
d085e611,7.615551741192583,9.336568128459156
d0a0e7b5,10.633816696930282,12.115481074585968
d0a43760,24.88320136863375,13.189868301788131
d0cb63ae,9.994965973124167,14.185080444358903
d114d9c2,10.380487140249762,12.86249201421145
d1457cc5,30.087273857585878,15.468150597849109
d1ecf309,16.142360340576474,18.627697351422103
d1ee630d,8.411485810936213,14.631609035037421
d217e0c5,10.116945675983274,14.091294943312173
d24ff243,7.548553470348402,9.178504579413731
d273674e,4.271920670758902,11.987164724717449
d2f3b1ab,7.711601257197302,9.639205039192822
d3df146b,7.975225392555515,13.187296770262385
d40f61d5,7.41458389553798,13.832747982690465
d41beaf2,5.839409032053446,8.936023295349376
d463e527,15.51573346340561,13.824769485548885
d4f60a28,9.09553923251238,13.214668632130754
d50c649a,7.511668729576293,16.600935241780597
d543916f,7.500991164509486,9.798708571808794
d5df0ff5,5.649163081211974,7.454154410212296
d60430e6,140.42512278471975,24.297558210647882
d63196fe,7.458941378450817,13.095855026674716
d6c320d9,5.942495622786211,8.248128620017816
d6dd7330,3.785413737553206,9.982623072567169
d7ba4f9d,14.243117968340222,14.80553606742929
d7eb0be8,7.532649506341741,12.452808579724824
d84b621b,9.448960858857689,12.150142551385294
d90aa14c,7.9807816071180895,9.557867333332851
d924e971,9.05720462337731,13.032675568700157
d9ae59b2,17.096117165559306,20.264094848172846
d9d6d94d,7.212434406963929,16.32591691176614
d9eca87b,14.365271529376173,15.435888425767986
da2d4d7c,10.197439485900347,12.89373362617665
da3bfe4e,10.397346955088267,19.07412093352995
da3cf798,6.335574693947056,7.872792590544188
da940160,9.65318289482903,13.48124960758183
dafc88c3,6.379262885766636,8.514188934273344
dbee6c86,7.792875111678313,9.426707517408447
dc5fbe29,7.946247892936725,12.10815262935535
dc7da28f,4.935249670977321,7.300400921616263
dc7f9757,15.975943661587479,17.9356320954291
dd168de0,6.603181086972299,11.962978375917958
dd64382d,6.87892452656979,11.062069707346993
dd6bc5b2,13.12730405107554,15.091415582248096
dd7d638e,13.408563385439308,18.371841073003203
ddc790ff,4.583109492277774,12.980924222607987
df71d1ff,12.557607940262763,12.35930965934293
df73b8f3,9.571314457956476,14.32913254008196
df8290be,11.040499195961516,11.954365091880055
e0079ed1,10.800587452548285,12.549794081778078
e03b45fd,9.680339934044383,11.659199156661877
e0f36d98,4.9739254171832314,9.8394267261434
e149204f,10.521448936639459,13.072422677831185
e14d641e,5.913456171343292,11.302904039526627
e161bd0c,7.6669571292205205,14.99107053625228
e201fd6d,18.272143093080288,18.187209164032648
e25f1537,5.729277697707751,9.209864144272135
e2fc7745,5.774260564983493,11.09318711571061
e32da4ec,8.998156013660136,11.936428252764392
e3b34f5b,9.284859255279528,11.931046901000755
e45a2a62,4.77939720597071,10.378430986445585
e46f4ef4,24.351139245580192,19.11856311432857
e4726608,6.4195622461138555,12.119828340626837
e5864244,10.164167584409654,14.99513695289923
e5c92e59,9.191051640027325,10.446138717494247
e5ff9fd2,10.867351211548723,14.194501605362248
e6c55748,5.097621431565194,7.237596379554746
e730c32b,12.912499644666696,15.282470999789606
e737965a,10.18901252046765,14.903183720152501
e748dd88,7.4686024001504165,10.958337399994505
e7818f7a,16.88219503342745,16.611632692207234
e7c36e81,10.381711545601398,19.29789070541822
e7d0c1de,4.42297736806794,10.14435733196689
e85074c5,11.705433428507192,11.189004430146952
e97032ad,10.391809360599296,21.983391317959896
e9949a23,10.67213843636192,17.18821554404641
ea0b99b7,7.965286468519153,14.086472048903232
ea3a0e38,8.125319901478164,9.143771375970873
ea41324e,9.564288303196193,12.943025731848314
eabc711b,12.211023772669193,19.406969952133302
eac10e86,7.569318342212675,12.10943713330992
eafb863e,8.819262114249938,19.836213814169476
eb06a4e7,10.68470485251207,12.008917837420423
eb640a35,5.020513954448575,9.791128800012904
eb934281,7.984251018950591,7.309052274133934
eba6605e,8.408986642754208,13.782620964983476
ebe69318,11.521836753576146,13.919318929352787
ec0d597b,5.100323004321652,7.796959576892159
ec13af42,7.668846328915173,14.188306329373031
ecdab904,5.091768585119496,12.682693407701175
ecdaf714,7.196722712248132,9.739723769715193
ed6436d6,7.6372214811487,11.148238509333737
ed6e6e54,6.199924564491063,10.0032122249414
edf885a3,7.9080476844988965,11.415998728869145
ee0300f7,9.84416092782321,16.112213856550756
ee288beb,13.276852857311297,16.357412363660643
ee4aecac,9.004238624140754,13.917227412968941
eeda36f5,8.866028173260304,10.570164634670755
eeed308d,10.400189618496114,8.641172371603053
ef04658e,4.957777863057178,9.220935059983287
ef8e3ed0,8.559064355334883,10.187931153452888
efde6ac3,8.122371941520477,10.830217959501239
efe96181,15.812266963860267,9.149631575715066
f0188a48,14.816752830514112,11.643675021031472
f021b650,12.243447887312932,20.604082914332338
f03f10fe,8.562077263272883,8.466228400122501
f053a1b9,10.195685572425958,13.549134484932152
f074d277,14.742332844430173,15.604938507392928
f07d7037,4.8304770293310355,10.316665299216043
f08774c3,15.92912506424652,17.93682462763579
f140c2fa,11.304094191081234,17.636604958162156
f16e25e3,12.593193352244334,13.513194573797497
f2d4c8c9,11.045055182445992,15.550710120185943
f321a31c,6.786151896945938,10.122768767254204
f40cd091,15.797047946205673,17.703145629198055
f439a621,4.162786011246325,7.233427449388884
f49fdea3,10.727811695680636,11.142809028619892
f4d12d23,8.690208678225403,17.691986101712406
f56d3ace,3.955775012279105,9.108102763463654
f5859199,14.455331452138523,15.554503978731473
f5d8aab6,10.716141873310534,10.95525776803481
f631da6e,12.286761261890447,19.50102225121748
f6824bb0,6.801271798996652,14.726703332255244
f6bc699b,6.836548638834003,11.563601070475876
f6d009f4,19.32752827440298,19.199924956601453
f72b268f,9.928509319086615,12.772949381642304
f8662c22,8.336744030446972,13.597411752906424
f88ddb26,6.114167388715828,9.867957198905522
f8afa78a,14.44469185860902,15.405368187809929
f8f59188,5.570452113288411,13.664281770691757
f9fc81aa,12.873478739839342,13.067673281916228
fa16d114,11.419854769254997,13.793740886216893
fa31da94,9.02817923175536,13.133737010462072
fa667be2,7.757531758048756,15.244302282126597
fae0c593,6.236448242524567,11.488208802020415
fb03ae90,11.467171378884615,13.642667702147808
fb0904bd,14.210818493995525,14.179770564969761
fb3848a1,6.752513431819963,15.192249181075814
fb73b13a,12.377037627350546,22.54721367300879
fba7683c,17.87714370593629,17.06195425849367
fbd68d27,14.64179576075918,13.164222828607185
fc03f21f,17.29984944277429,15.427345692512366
fc0d20b2,11.635257205475,10.079895273448411
fcfcc902,9.240042820123762,12.727159112554878
fd3b4faa,6.652382178569255,13.772559344989597
fd710aea,5.708624838914105,11.694225709056553
fd8f77fa,9.063371415839413,12.024199969843767
fde20ecf,7.267562985418259,12.75053331959141
fdfd57da,10.82840333689893,13.607032226977635
febb4411,6.12765979520017,18.154167371575426
fef8af96,4.884159717980637,8.114967234460847
ff0aea78,8.243448607870448,11.774400925950884
ff8bb73a,7.106233240702878,6.940403573778164
ffefef30,9.626461569070209,12.782253290472589
