well_id,offset_hidden,X,Y,n_hidden_rows,offset_spatial,n_neighbors_used
000d7d20,2.9403370418600554,2983537.06,1070212.72,3836,-0.07649648355389697,5
00bbac68,0.3297028966626621,3010140.66,1085387.37,6014,0.6676862804842931,5
00e12e8b,1.7840001654517161,2970241.56,1061624.99,4301,1.9226539192641419,5
015fe0d2,2.9511385165051323,2999438.38,1076616.93,4296,1.219020771518601,5
01869cd4,12.305112464290524,2972339.85,1067631.16,5557,1.924736507481803,5
01982c1d,-5.091577905081547,2995920.5,1123084.71,3941,0.26618649278199175,5
028d7b28,12.022893971773087,3006221.22,1071727.73,6234,5.360286439212729,5
02e7fe5a,-3.148305078429336,2985944.34,1059843.88,5108,-3.4680218606307918,5
0390d174,2.154682833828832,3000367.5,1126867.53,4411,3.01438795216795,5
03a935ae,0.07225966793838742,3035131.25,1088446.75,2786,-9.943732442379154,5
044af7d1,0.1304814390226073,3009963.75,1109782.71,4519,2.6222548133034067,5
0498acab,-0.19933464037028356,2990902.97,1094685.13,4798,0.3930958337897401,5
052d64df,-1.143616170408095,2980041.98,1098824.95,2445,0.9872586616999577,5
05948241,-1.5046654661284498,2958372.33,1088016.3,3879,-6.258318848334325,5
059c8f24,-0.16135803913084004,2913888.92,1065892.02,6258,-1.524468892704337,5
05a0ee4d,2.4738362937312894,2994134.15,1101655.97,4348,-2.6729561862728746,5
060ab2b8,0.12121874264989724,2900382.7,1026722.3,6258,-3.5062835145501694,5
06df5958,2.008837256327507,2904419.13,1026187.59,3509,-2.124155394667375,5
071d7b45,-1.6255072261711614,2946098.39,1078535.06,3211,7.306009400413302,5
0849b4e2,1.9200205484407693,3021305.44,1117925.68,5537,8.478363812078609,5
084d66f9,2.3854225030528284,2930389.75,1055817.11,3885,6.9606129370472285,5
08fecf00,4.349722066984137,3021760.73,1118036.76,5574,7.992423508369934,5
09053135,-3.9474769207860603,2990233.73,1088114.79,5907,-1.1157576302126613,5
09441b8d,-1.055771245517909,2907438.89,1039439.69,5488,-2.8830087057890874,5
0955cd6c,-1.2843557222924207,3026965.92,1120299.64,5195,-0.363107561563983,5
09ec2ca9,-7.936047997358112,3004613.55,1124324.33,5885,-1.1416664242242143,5
0a57a29c,-4.0877627790626825,2903154.13,1031606.91,5821,-6.341087961615505,5
0bbf5e67,0.07542091939018236,2898465.95,1035453.46,4298,1.2351189036129089,5
0be01c24,1.6023688019909788,3007025.5,1115593.87,4738,0.958343569034294,5
0c1b160c,10.032329578465157,2971494.48,1093982.91,5054,4.883077050910321,5
0d99f8e4,0.5790980788746526,2894604.16,1035729.3,5823,0.5112577087379304,5
0dc5e64d,9.391416441353893,3011768.85,1123434.41,4879,5.5233211965972275,5
0dc835f3,1.5331395703695918,2994598.61,1122752.11,4428,-3.8923641182142164,5
0dd99dc5,0.7454254303951943,3008205.19,1075226.48,7342,-3.496866078897365,5
0e5e560d,3.699587514763045,3010143.87,1129476.85,3253,-7.20853488377553,5
109d9d70,-14.186840171436728,3021163.38,1105800.06,4215,-0.4328235437726106,5
10a1281a,-8.035390418501606,2903486.63,1027855.51,5609,-6.674674623791996,5
10b89021,0.3720393872625365,2984191.53,1056902.23,5414,-4.661847860763222,5
10be2420,1.9332272106265185,2953996.07,1085095.82,3271,-3.6087612173853785,5
113011eb,21.934653562758317,3002881.35,1072006.03,3272,3.046196716586299,5
1131525f,-0.3989798389193385,2902248.66,1025487.41,4159,-3.111506394130868,5
11d0f5ac,-15.433099046228497,2890869.23,1029447.83,4883,-0.24246605697671803,5
12203f2a,-4.205061020250728,3014585.45,1115198.75,3261,4.9633250037668155,5
122bd617,-12.31907407375486,2958526.68,1087266.06,4570,-4.095437126809042,5
125be846,14.911347291461036,2983059.26,1104508.81,6510,-3.8263116341276886,5
1285a37b,-3.3151122537888837,3015603.01,1081531.48,5597,-4.446038567877587,5
1295a25b,4.853351706317769,2972358.82,1066409.51,5551,3.4150886590763543,5
12f0cd90,3.927768310741698,2998857.08,1114734.55,5947,-6.201019357540484,5
137d1e44,-15.807374347612667,3018127.37,1082894.62,4554,-1.9475861491128303,5
13ce113d,-2.670918596654316,2896618.6,1041422.98,2966,1.1586810566687773,5
13f598d9,-5.903662925049628,3008014.66,1075110.38,7306,-0.598274904785218,5
14a53cb3,0.8435967414060418,2913268.61,1038104.57,6919,-1.28969996215823,5
14ab73fb,0.36681349046650064,2903297.01,1018363.13,3649,0.876214688552527,5
14ad5efb,1.2122047060272194,2997564.11,1114136.38,5842,2.3568026609707586,5
14fee784,-7.810643036676604,2991737.05,1122728.13,4910,-6.464175633474278,5
153552f5,3.042814393464015,3002997.53,1091123.17,4695,-10.181801266285031,5
1550491d,13.907600780081914,3005693.22,1111890.3,4563,-2.0899904326969434,5
155887bb,-2.368876951080486,3009590.54,1084681.32,5585,1.2592058256814789,5
1590af81,-0.12446113361801776,2990638.51,1091165.15,3799,-0.7710428281640694,5
15e154a1,-5.1881983922999115,2958705.0,1080105.55,6068,-2.3736999877910447,5
1619e2ca,0.6678324270522595,2994935.39,1095789.43,4443,1.4751087702863193,5
16e4a047,-1.1944117084614174,3012489.02,1101045.59,4131,-2.9757070865192126,5
173ed841,-18.60034321287447,3023035.52,1083330.23,4883,-1.230522453261699,5
1770d7c6,8.110349949654616,3010256.05,1076194.8,7240,-1.8805217039192468,5
177622d7,-1.4755220311431438,3008060.12,1088339.32,3154,-3.588112859073019,5
18d24f7b,1.0079785953600504,2906203.14,1038207.54,4558,-2.7480109365308345,5
19137a89,-4.221020875440558,3003990.83,1135079.09,6267,-7.369539072570149,5
1944513c,-1.3813927682048261,3005497.62,1111737.71,4722,0.9678082769604043,5
197f8a5a,-5.592823125203194,2881670.03,1020923.71,6310,1.2160144134474908,5
19871e7f,4.975091914605389,3001032.77,1072759.26,5293,3.7257687601894283,5
198a5607,-0.24004816247089578,2971283.33,1096314.08,6251,6.439801873290368,5
19fb4f7b,3.122928904018571,3015849.84,1081797.82,5620,-5.733646799439078,5
1a518997,1.003639383480252,2908692.15,1038341.39,4606,-0.29432298730090345,5
1a68190b,-24.92931947212954,2948412.04,1013632.36,4474,-2.9472610341091414,5
1a730ac2,-0.2310327834800981,2989776.98,1094037.03,4605,-0.1570164691050724,5
1aaf1da0,0.5021182370270934,3006274.52,1106111.69,4804,-4.48089710623145,5
1b08ed48,1.7059319195830176,2987111.62,1066387.38,5618,2.2644034947544993,5
1b1c5372,19.88433629948355,2999393.1,1126596.31,4261,-0.5315427409629938,5
1b1eba53,-48.546761105927956,3034506.66,1097521.85,4655,8.927900078897185,5
1b6ba517,1.2628517711885403,2925281.71,1018278.07,6597,-0.6446848848980229,5
1b82b665,-15.494621127974332,3000048.53,1126437.41,3806,6.544248744528582,5
1bcb2fcf,-4.435954208795397,3014445.18,1095314.98,4524,-0.8946581192068109,5
1beca81d,15.358384825364153,2976828.7,1090204.19,5036,6.003342848417099,5
1d3fbf02,15.575566376570995,2965363.5,1064040.47,2694,4.969989528591526,5
1d78281a,-5.762060395752148,2948655.2,1014059.69,4949,-6.893127292613189,5
1e30dedf,-0.9841869304618374,2996553.15,1128576.73,4071,-3.8746684600705974,5
1e5e3573,2.674740796926496,3026639.68,1120569.7,5480,-1.1549268654077665,5
1f9afacb,2.3914892778820356,3008014.47,1099405.71,5328,-0.9524486909475252,5
1fdbba44,-29.311343502943732,2949438.05,1016336.2,4911,-3.0606313200479214,5
1fee2b62,-6.629823268125614,2997466.84,1071446.49,4641,-0.22506734226251587,5
20096916,-2.204630742262354,3001238.1,1096892.54,5133,-2.088067862903558,5
200d233d,-21.306375458250294,3009348.28,1103795.47,3926,0.13648947405231357,5
201661b5,-13.831126034630847,3026612.32,1108853.64,5955,-2.5128649882143734,5
203721ab,0.8559262758165354,2899923.83,1024386.86,5730,0.2424617719629456,5
20402d71,-1.731512168027135,2884727.63,1021934.01,6372,-0.11378869487748844,5
2043abc5,-13.011762608319293,2984414.74,1105175.58,6958,1.1450192525706586,5
204cc64b,2.5455280633234896,3022843.49,1083308.89,4805,-5.45969670850129,5
206b6193,24.058110246258966,2980687.85,1094053.27,6535,-1.0025978508210336,5
2075c696,0.5625750690614197,2901023.77,1039172.57,3188,-1.3699310658342778,5
22c5f93f,0.31391305429678734,3000934.39,1096737.13,5172,-2.5917766222153857,5
230eaaa3,0.07218907285941488,2981576.33,1099761.0,4690,0.7440976130464557,5
2364716c,-2.5031294209297297,2953385.11,1074705.94,4316,4.6543148079443855,5
23b9beb0,0.0597291325775797,2984480.9,1084896.22,7340,-0.7101159852143157,5
24d8997e,-0.21937361432703192,2917955.41,1047121.46,3442,0.10032565976801315,5
25050f63,0.333465039775861,2888669.32,1025750.11,6124,-0.8537483596134983,5
25939962,0.2761336911916925,3012896.3,1094893.32,4319,-1.202918104389419,5
25fd32b3,0.030898959790623536,2917879.12,1043865.11,2885,2.1483806542779393,5
261785ee,3.0113910683736216,2988571.28,1090181.99,3646,-1.3278075982459985,5
264feceb,0.5524912107254606,2903003.24,1027379.87,5665,-8.39225094963741,5
26623a50,-7.439696989640492,3001556.9,1110852.92,5735,3.6061460755454995,5
26d3a96a,-6.375596399594069,3022365.52,1083203.89,4721,-3.675471815917779,5
272abef3,1.1111273472703542,2993373.61,1094871.01,4135,0.2894621483956681,5
27300fd5,5.224306147188581,3015469.3,1081796.0,5467,-6.15392224807308,5
276b012a,8.894322154815676,3009452.73,1072994.64,4837,-2.203233632780853,5
27c3155b,5.232703623532146,3034378.87,1094345.46,4958,3.3520171345652265,5
27ebb9b9,-1.131343510644763,2923005.4,1017093.2,5766,1.1543692408925914,5
283269ac,5.087963413081648,2979857.17,1098372.63,2626,3.1453666850496864,5
28473855,1.0564260205344875,2963363.06,1078550.86,4290,-3.4961080853997935,5
28f4eda9,-0.1641221947242657,2887256.36,1025653.0,5266,-0.03175708368924122,5
29b24409,0.25024018425655636,2906709.84,1035526.88,5587,-0.08099799270462074,5
29de15c8,2.1327553545195492,3012327.55,1116674.06,3431,-0.8582454013287725,5
2ab29395,-1.0106717701278698,2999562.62,1088305.62,1852,-4.52499884831335,5
2ac7cb6b,-6.738727381140298,2993595.48,1122790.94,4990,-4.657816207710082,5
2acc78d4,1.0523416561237928,3008597.58,1109559.23,4266,1.6512437836636138,5
2b034622,-3.801950157301027,2859403.02,1041767.17,5203,-1.5794140290706777,5
2b06ad65,-2.176146470949833,3011770.81,1116633.41,4256,0.00353496376510396,5
2b547943,1.7411038026694832,3000196.8,1088865.79,3480,-10.565058226491713,5
2be5c96a,5.343306074132615,2997618.85,1093474.4,4210,2.1427160385394908,5
2bff06cf,-7.017953431177774,2924801.77,1056556.91,7624,-9.010262223862552,5
2c0c4a4e,-0.844498737537291,2958024.25,1078357.03,4790,-3.242439918743569,5
2cee0cba,3.178795637596614,2895071.99,1035726.65,5500,-0.008681803006461842,5
2d0c268a,-0.2849144571149396,3002709.67,1117797.99,4550,0.9386995230770016,5
2d179ded,-1.9938810464172956,2870068.21,1026313.69,7008,4.6456973765411105,5
2d196986,-5.946897996831127,2913512.16,1038361.6,6474,0.36316058036267396,5
2d2d0c6b,2.6497095729580535,2919856.97,1045394.82,5045,4.096940123631624,5
2d35f86d,-16.101395699965465,3001003.13,1103701.11,4896,-11.551203842680474,5
2d9f6cb9,-5.270825597326047,3009562.5,1075757.32,7338,-0.1081238855674727,5
2ddad940,4.989388584324432,2972129.47,1065287.93,5331,3.3878812834750214,5
2e29e833,0.3518524534802115,3023273.93,1109474.03,5428,-5.3494606858365845,5
2e43c2ea,-0.8258229084395962,2916241.65,1044381.19,5698,-1.7627889159552108,5
2e63d9de,2.4865753287277985,3022868.65,1096481.16,4699,-1.1539917685109835,5
2ee0235b,1.9789347440191123,2902806.8,1027090.75,5556,-6.455389540642701,5
2f19d536,-0.18757358873950258,3002955.53,1076755.81,3088,3.9651106451352454,5
2f8e53c3,3.2190866766062425,3011881.35,1109327.49,2594,2.6574899038630306,5
2fa01aa6,3.9386366312063323,3022794.97,1087199.97,2174,0.32773584974783604,5
2fd68f7b,-6.28261446401519,2997822.94,1126791.8,4730,6.220897490694588,5
2fe023be,-1.6294035698923959,2989661.86,1090436.14,4221,-0.4700543409091937,5
30d75030,-2.0523111838235306,2991947.28,1115209.92,3404,-2.6104785479843224,5
310c71a5,-1.4180859912452561,2906418.41,1033098.32,5245,-1.26579244027358,5
32fe84c9,0.21975361925156084,2984593.39,1071599.71,6408,0.46726161851846193,5
33c40295,-1.6291109556389383,2987600.3,1087080.07,4169,-1.826076126649736,5
3407f5bf,12.733143047172168,2929298.53,1054608.42,3638,3.5095450423242296,5
3417285d,-9.903941025696794,2984010.03,1056868.61,5449,-2.606651778171356,5
347242c8,6.370297556305426,3014569.29,1118315.53,3595,-1.2999481976258334,5
353e5502,1.5135841909978753,2921760.57,1047924.43,6062,-3.414115211639282,5
357c12f9,0.9297430393448768,2940244.01,1065179.16,4079,9.329306199638754,5
3584a6eb,0.443619362297601,3010660.23,1093769.47,4494,-1.3572205296514999,5
35b30c7f,0.38019269427335606,2950661.27,1078842.45,9579,4.920168127823155,5
35b3ef6a,5.182597150283415,2937586.49,1070501.54,3904,-2.7398364607905705,5
367456ce,-3.1925333120693593,2995391.33,1120560.81,5569,0.922583336111261,5
368131f9,-23.72310691114737,2998861.3,1102721.12,4991,-8.938571908085848,5
368fe682,-12.646622920913671,2901761.72,1027251.52,4936,-1.9436673366343933,5
3690a146,1.0400561436020097,2910515.85,1039446.27,4073,-0.8532068525233056,5
37344c2a,6.08746036752586,2918757.39,1044190.25,5197,3.761730111159533,5
373ef48b,-2.717195715944784,2905064.8,1026532.97,3509,0.2568120996274334,5
374be387,1.309584696295239,2875510.75,1026820.19,9965,4.811679112307695,5
37d36812,-9.819620097396387,3009324.24,1093526.11,4367,-1.80295131242098,5
38991fd4,8.170744761136808,2934926.06,1056157.52,4798,1.5528289781039406,5
389ae58f,4.150262936351177,2971694.34,1070719.66,6463,2.710164692902989,5
3932faa6,-0.459771749573914,2922003.08,1016886.34,5452,0.5620130626580508,5
398dce4b,-1.7341175744614195,2953412.54,1084588.8,3166,-0.5146748917719869,5
39b51819,-1.8340515396418962,2921381.62,1050109.59,4231,3.681938723931257,5
3a0af893,-4.970042614126532,3021459.11,1106604.14,2927,-2.2761830552346494,5
3a223519,3.528019105495334,2945247.34,1013720.16,4583,3.4742764393606493,5
3a7dd95d,1.1596705734419135,2916820.72,1032710.86,3072,-0.9066502041690772,5
3a824aa7,-1.8908584383912483,3012013.72,1094663.73,4201,0.6845678108145099,5
3a86fe8d,3.966896255685056,2989049.6,1100376.41,5118,2.339799784146234,5
3aaa2b30,5.35089148226787,2991941.84,1118791.64,4711,-0.18143128687258142,5
3ac16ad0,1.1804227769680138,2889385.85,1023565.57,5649,1.11835394590066,5
3b21ea64,2.151086655034025,3009940.48,1075869.66,7376,-0.006184725307326877,5
3bbe1f5d,-0.11854354025723374,2904315.75,1030552.74,6918,-4.3446371157518175,5
3bfee975,-3.3666557419893404,3000804.33,1089255.24,3603,-9.543506317559949,5
3c3dbcbc,-4.333733636681695,3001558.39,1097077.26,5069,-1.5778442093987777,5
3d96d897,-0.6970609960048975,2906605.99,1031119.35,5659,5.779319655648447,5
3df4b19e,-9.557557236173185,3006037.52,1117627.82,4988,-5.3803000267717325,5
3e011332,-15.022755077029547,2985919.1,1086685.98,2723,0.691394356691014,5
3e678ea7,-6.119627988098152,3016836.24,1093839.18,6858,-5.195319787002299,5
3ef6372a,1.7911989907418742,2981966.18,1100039.79,4727,0.400295629469964,5
3ef98781,-2.0632244207644406,3012135.29,1116544.29,3892,-0.019049446271974625,5
3f603129,0.2081440475400096,3005171.5,1134967.88,5051,-15.409550508373735,5
404c4384,-0.747037373332712,2955689.14,1086368.78,911,-1.5654594569666287,5
4121c517,-4.1089013324812145,3008064.83,1130045.3,3723,-6.811855195863326,5
41fb0192,0.8387116529648655,3006868.08,1076465.23,2973,-1.559289308356782,5
42669188,-0.4313817674379009,2970657.47,1061623.73,4282,2.365730305842065,5
42c538a1,-0.03350427164984233,2909617.07,1022929.24,3279,-2.3298431865072637,5
43b06c70,6.908011465084969,3005957.02,1106013.39,4846,-5.7620757518430255,5
43c7f85a,0.3517097756798385,2886596.94,1021025.06,5978,1.203072034460987,5
43e16325,-1.256096301414029,2928330.43,1048323.06,3720,3.3799626009125516,5
44441e54,0.5109151681926711,3011852.79,1109522.97,4357,3.1991242055457447,5
445af6c2,9.233162766065673,2908182.77,1036773.54,6041,0.3964656586995463,5
4463446c,4.385615914692176,2945856.06,1073297.61,3256,3.3279441649923647,5
44a94013,-5.512925735507611,2890019.24,1028673.98,4903,-2.8135270581836025,5
45fb3e21,0.5236045153469374,2991042.12,1091487.28,3649,-0.9006559579570605,5
460f859e,0.016509020004396354,2913836.78,1041094.97,3336,-0.0006998013839796258,5
4630ab92,-2.043773231569544,3014000.3,1101624.46,3373,-8.696931936369563,5
463c38f2,5.074391399240579,2936132.87,1057567.78,4460,2.5878511963806297,5
4654e7de,4.910811589525793,2907802.92,1031936.73,5373,2.867061472716165,5
466fc788,-0.4025340923389962,3010967.43,1099599.98,6197,-0.8004543789834422,5
46a301e9,0.5200073669722171,2971916.6,1098330.36,8226,7.944883999962386,5
46a7190b,-2.0135897528505073,3025243.66,1099041.3,4215,-0.7000956654088462,5
46d24a09,-2.2780842281593,2949583.14,1016735.74,4449,-7.4189361115240855,5
46d41ff6,2.3288433157571693,2990727.4,1070498.56,7901,3.7331360125925572,5
46dfcfca,-2.2035567238374596,3024893.84,1098997.36,3606,-0.6621022712114557,5
47222616,-4.166187668232243,3010299.91,1093715.34,4406,-0.43525912354553087,5
47ee27ab,0.8030757275861781,2982587.68,1104237.88,6397,-1.0046573213527172,5
481de5fc,0.24099495508670085,2924148.38,1017072.75,5952,-0.3301633496300721,5
48c1f673,-15.079465097573523,2997947.52,1129099.34,2917,-1.0556128266482605,5
4936af16,-1.7509730968652841,2990882.79,1118964.82,3991,1.2389416289540491,5
493b5b31,0.20426549851200626,3034456.47,1094017.73,4671,4.357704759569255,5
49dbc14c,15.311315619773193,2910897.33,1045981.94,3872,-0.5157487103007494,5
4a035ec2,2.573041917789868,3006670.74,1076017.45,2588,-1.9061553613217828,5
4a335117,2.139317803098785,2913500.18,1048106.08,5015,2.3740102834647177,5
4a8ecc0b,0.41523975666160734,3006141.34,1098643.34,5809,-0.664802431622527,5
4b462989,-9.2218254535454,2928014.19,1056759.12,3106,-2.1051255568815788,5
4b831d20,-4.5110125056308155,3010540.98,1076209.72,7312,0.6437507871378397,5
4c2208f5,-32.43982371107995,3035961.07,1089980.11,5384,-3.4413157665754865,5
4c3168cf,-1.9484648693998736,3011597.55,1116775.67,4334,-0.9474401745415161,5
4c3df468,3.540804454779141,2883943.87,1019009.67,5392,4.261738749597685,5
4caa7289,-21.34057746165473,2903378.78,1031898.42,5396,-2.8905250250970953,5
4cd1ac61,-5.763578017695111,3005175.63,1105954.11,4489,1.1215090449221334,5
4cecf7b3,-0.9020904149167459,3010500.59,1099777.67,6019,-0.6726039469299167,5
4ddde4c1,-2.125502892920186,3007238.0,1130547.5,4472,-6.090927725947149,5
4e050c92,6.67651693995689,3012405.56,1108854.55,3705,2.1129463247220697,5
4ed93db6,-15.219844623505757,3007415.4,1117922.92,4657,-4.36321495526007,5
4f3eb9e9,-0.33884339166465444,3005313.35,1117964.43,4697,-7.215646714789675,5
4f4ac5ce,-2.6748166524662644,2898620.13,1025493.25,5162,-0.6348819869850678,5
4f4afcc6,5.291010799340644,2905889.08,1030375.5,5645,3.575834270622734,5
4f69febf,-1.6589712569231625,2887844.22,1025930.86,5460,0.7157650810933871,5
4fbe9c06,2.816808082529819,2908179.57,1037257.34,6287,2.1757219275605832,5
504c8b08,2.49231735509052,2914196.68,1038569.69,6367,-1.5830588269532841,5
511e1db0,-0.5959605908385688,2937872.23,1062195.75,3821,7.566241995236976,5
512943b2,0.10357815096045123,3004629.89,1115969.61,5029,1.4959207974279196,5
5138a660,1.2456275358385152,3012858.53,1108694.38,3559,2.9169183052264662,5
516088b7,1.3391719387237262,2983329.65,1104748.77,6645,-1.1118765635802268,5
521a7819,-2.5744236109231147,2906704.34,1038714.15,5200,-2.141616006396473,5
5254b6db,-4.119163927795629,2921076.46,1014505.89,3274,0.22292809728810165,5
529e88ca,-20.611448701807042,3004121.77,1137163.15,3417,-0.8879235443516743,5
52f1e77a,24.26850137494393,3023040.94,1119696.68,4442,2.8326472878508513,5
5305524b,5.891634753883568,2889571.96,1028284.17,4898,-5.0944391560618385,5
53134831,6.953184220310609,3025772.72,1120245.04,5126,-2.010615550084589,5
5397ceb1,0.9357887065486681,2990951.65,1088427.44,5255,-2.092410755679607,5
53f23031,0.06934116224207525,2984482.49,1084896.84,8550,-0.7120383911472149,5
543198e8,-21.417784205345864,2923383.17,1056833.69,6503,0.7994982420407404,5
54753541,-11.262602506952232,2944265.31,1064890.18,4026,-10.500071041273898,5
54a7e3c2,8.576250741603685,2971526.0,1096648.69,6155,-1.6317139419510318,5
5542c301,-4.8656502825781365,2928382.48,1056900.61,3591,-5.045904699898898,5
5567d551,-7.896619919328797,2990560.99,1102625.67,6889,4.712503019149004,5
55efee7f,-5.8900534261906765,2936609.1,1057613.99,4801,4.7807401614668805,5
5663b2b7,2.470023660791339,2922803.21,1017064.37,4972,0.43409580660537117,5
5693dde2,3.1214275437944825,3020169.94,1113085.21,3488,0.7248117176264586,5
56b00794,-0.4488154064536634,2918298.93,1044959.99,6065,5.068985265955438,5
57796579,-0.33313834434165224,2938934.24,1059613.24,5890,-1.3241020071361185,5
577eec7c,-3.1237376240113672,2861848.07,1041704.0,4539,-1.7150565357286098,5
57f05c51,22.188939238651766,3034496.92,1094477.87,4771,-0.039229988458697206,5
58850d2c,-0.0860699140830959,3026504.1,1094641.45,4995,-0.21596535799793184,5
58fa8486,2.727219073080213,2921702.15,1014914.06,4475,-1.1463485028870666,5
591cc951,5.961831356504671,2937155.55,1058335.53,4609,-1.673839148118598,5
593876b6,0.061597746541627627,3006822.06,1115694.71,4842,3.5971264514150176,5
59f8b2e8,4.876431767920428,2900892.09,1011050.49,3747,-0.226641417929266,5
5a1a8fd8,0.00952489482774218,3001050.25,1101172.63,5260,-13.685098269280871,5
5a5269a9,4.3192712435262175,2993889.11,1113482.47,6513,0.8290828397027943,5
5a5d1982,0.3090313778981923,2908096.88,1033714.23,3894,-0.21681078588544148,5
5a63b5d1,-3.92104845141012,2885700.62,1008582.01,6217,-3.5962050204567495,5
5aa03df7,-1.7968569173778,2978095.02,1090427.89,4871,9.69700806461017,5
5aa403d0,-17.930714574719378,2927465.8,1056270.87,3118,-3.3043934525739393,5
5aef5c6c,0.8959190670329442,2968559.82,1073507.49,3121,4.3888368602288725,5
5b7b6324,-4.232947920214579,2995624.66,1065077.4,6564,-7.2558040687595575,5
5bd25f59,3.524176063396914,2997932.9,1128490.83,4210,-4.776341058842348,5
5beded95,7.03599054602058,2983657.76,1101738.46,3057,1.8487157562320065,5
5cb483ac,2.563006336345404,3012084.12,1109008.54,3852,2.788705971915198,5
5cdd8dbc,0.15579489741461536,2912737.31,1042535.4,4010,-1.149414598168653,5
5d11dfb5,-0.5501373606951053,2981316.12,1053441.9,5895,1.7049490662102318,5
5d7198fd,-0.548830589158022,3019812.43,1106486.44,3368,-3.160425460228352,5
5def1ce5,1.0960490481166112,2907041.3,1036166.75,6443,1.1435421174893925,5
5eae34a8,1.3975155784210178,2897541.01,1035482.04,4904,0.9706999718067418,5
5f4d2a52,-36.58484450282058,2998630.21,1116926.02,5225,0.3616928534080996,5
5f6756c5,-4.763856082425046,3016955.85,1106549.98,5931,-1.2896053368001135,5
5f75f796,-12.628104771965258,3017774.04,1082760.65,5562,-2.5834400642423128,5
5fb1c15f,-0.5957779391051393,2928890.61,1057551.51,2860,-5.899879168593499,5
5fffa282,9.629638472089415,2989057.14,1099475.24,4201,1.207251340865362,5
60e37807,2.7833630379147274,2986258.1,1086796.4,2699,-2.869829266297841,5
61f27424,1.6803462936638436,2980088.78,1053180.04,6220,1.258852335338442,5
62569ae3,4.519224322605698,3022204.63,1117980.13,3588,7.958523057245621,5
62a6f539,-1.1953146047642946,2917778.92,1046747.17,3693,1.2662279859230736,5
633774dc,-6.678555844133092,2970967.54,1096072.69,6233,1.4737712277425719,5
63559d57,5.86518909912003,3013943.9,1112663.59,4069,6.5835187911507305,5
647f2a41,1.3157368202065551,2998456.15,1093562.79,3881,1.4898051598115738,5
65156b96,-1.972085552463615,2925517.88,1057358.73,3221,-11.090981139993165,5
653612bc,-9.814909028164077,3025097.28,1120135.81,4605,1.2860762144108304,5
656a067b,-3.138061959897671,3008126.06,1130561.09,3051,-7.006023070380034,5
65a5466a,4.74143810137123,2998673.69,1126744.52,4683,4.016086977617304,5
660d9546,0.6784977040739371,3023980.73,1119906.97,4732,3.3151528487250332,5
6767c111,-11.617498310763287,3007327.15,1135376.36,6783,-10.403942608499651,5
67847288,-5.38999286091316,3008505.88,1075318.43,7429,-2.269782420635695,5
67a8da4a,-2.5093047955485375,3021877.8,1082766.8,4911,-1.1570512483554236,5
684a6fc1,-1.6386492632131726,2958706.76,1080106.52,9818,-2.547648274408867,5
698930d1,1.035967356779514,3007519.74,1130074.39,4741,-7.840828933715471,5
699ea575,-4.253583344220214,3012773.6,1101042.74,4120,-2.3638727593674536,5
69c1bdad,-9.051048714203729,2979491.88,1098009.81,2714,5.9731691105067615,5
69e41fa6,3.2561577497570697,3021524.7,1118156.42,5772,8.211136371815346,5
6a0ff78e,-1.4553067503669816,2907247.8,1036391.81,6465,1.6538132771861112,5
6a8fa194,-3.179051933259623,2910840.82,1017219.22,3017,-3.076845879372752,5
6ae68655,-1.2449037782507337,2990458.04,1058383.0,4204,-3.558408695840252,5
6d1d74e1,16.939764116119985,2884310.22,1019303.16,5830,1.5819468173295164,5
6d590e26,6.567288990510285,2995816.4,1115882.31,6096,-2.4920326238301516,5
6d6d93af,3.165080515679504,2901209.17,1011749.31,3595,0.11562883251891876,5
6dbe4b60,3.8990363851787366,3005044.65,1115562.49,4648,0.23121218784108097,5
6e6d122c,2.58814193383232,3008727.26,1090967.68,5632,1.5697963676793303,5
6e9ccd38,-0.4275615960197325,2871910.5,1026270.26,8282,4.332433486461598,5
6ea22614,0.8761370570411362,2992094.98,1120090.09,5971,0.5380947320932614,5
6ede926a,-1.79294937037186,2903595.55,1032160.68,4938,-6.687758007488914,5
708caea9,-42.3050264695457,3007632.44,1135794.74,6548,-4.266436976743168,5
70925e23,28.32071098195882,3025129.84,1076502.74,5947,-1.906367746475698,5
70e1788b,29.426857116461157,2874100.99,1026797.1,9285,-0.8117753717254882,5
71642c7d,-0.21892292748240283,2944602.19,1013765.95,4648,4.223664845956198,5
71ccf778,-2.3640371771015163,2911312.64,1017863.22,2698,-3.239848830604373,5
7224331b,7.083079091332673,2982661.67,1053577.17,6063,-0.6760536551523547,5
722cf0d8,-3.015785658379661,2888499.89,1026912.84,5143,0.9344637292292672,5
7256229b,7.429308198389604,2996427.94,1120941.84,5415,-2.5267284610707597,5
726f3dc2,-4.106342209726864,2982565.32,1103971.93,6723,-0.022773733890108616,5
7271dd80,0.4238420957438309,2957160.25,1078113.31,4340,-3.4961080853997935,5
727a3a10,0.7466175800065883,3036076.42,1097588.51,4397,-0.9307756582897232,5
729665c0,-0.41249047827681584,2998601.8,1094075.78,4263,1.8354506195082478,5
729e9750,0.7657126042005934,2887371.38,1021824.64,5919,1.4336493858262158,5
729f4217,-0.04494361929210784,2908528.13,1037419.56,6195,2.7959883750401593,5
72dd8501,-0.562262232544594,3007693.0,1099753.61,5193,-0.3616983888621997,5
73348914,17.039608178113404,2944472.94,1013528.69,4221,0.7719586248370351,5
739a914f,1.8607655929646698,3008979.06,1116219.03,5505,-1.558499552786713,5
73b1447d,-1.396997413864139,3008362.66,1090834.51,5670,2.366824237218622,5
74b6186b,-3.2726401089464616,2958327.18,1088595.07,3405,-5.9047239197707215,5
75c20ec7,-1.209822507623327,3004352.44,1090970.69,5361,0.7560299010360255,5
75cd5f11,1.3692356834796464,2908745.36,1038796.25,4946,-0.8793382100028468,5
75d20a82,3.652089140565937,2922803.21,1017064.37,5067,0.43409580660537117,5
76201745,3.4649718475392257,2998999.66,1126564.72,4448,1.0648706898570668,5
764072a5,-6.2511825623702215,2910249.39,1041046.83,2949,-1.031602057422249,5
77b0d905,5.8041392519364585,3011291.23,1094409.8,4174,-0.4118739614385043,5
77e4821c,-1.7308017724167277,2920048.5,1046172.93,5393,3.7116755963360015,5
7850c72e,11.60852562922826,3035159.89,1094812.48,5497,4.014999870782703,5
78a4a386,-4.1557010189021915,2982587.68,1104237.88,5119,-1.0046573213527172,5
79507629,-0.550160423958242,3000766.93,1072531.84,5302,4.830819227902155,5
796dbd4c,7.328534822272156,2992371.41,1120432.8,6248,-0.7523848209529425,5
7987f2f2,19.50380315279453,3013649.52,1112602.08,3705,4.994461454108516,5
7993a768,5.865499900028796,2986223.98,1059429.85,5487,-5.491230546742359,5
7a5660b0,7.356993615395142,3019835.88,1088486.31,4998,-1.1191674731351402,5
7acda2df,0.7240108684286749,2916139.66,1042655.62,3091,-0.7767965110858978,5
7b2c7b3c,-1.012288806235458,2986856.46,1087112.11,2584,-1.9494405565304327,5
7b38844c,1.174019583670421,3011719.58,1108914.78,3749,3.0665033224501945,5
7bb17b96,3.1942191925641152,3013174.27,1108846.68,3922,2.7649943553772145,5
7c607683,-2.60442343280243,2907851.78,1039531.96,5328,-2.225885937039616,5
7cbbd047,-1.6462340479401651,3015883.05,1113185.15,5121,7.956969415232893,5
7cd4bb31,-2.3998491375091273,2904136.82,1029701.84,6439,-2.711732115295585,5
7d50373e,-0.7046860375584082,2900948.83,1025325.7,5122,-0.8156190035558917,5
7d57c75d,-6.534134213508331,3003982.76,1131517.17,4405,-1.4556942966628026,5
7e208414,7.154910981923906,3010842.15,1109358.46,4226,1.4794988717283415,5
7e721392,4.574805849020967,2885259.71,1008599.02,6174,-5.2953758805429665,5
7ff89f8f,-1.9256286248520806,2871230.68,1026280.73,7337,4.632046892228068,5
8050c789,-1.144244273934574,3007628.29,1084224.12,3077,1.0142792902522966,5
807f0298,-2.733964316235043,3006856.43,1138106.58,3747,-12.955930446382027,5
811f52b3,3.780969836651862,2906167.05,1032898.68,4836,-2.3056036058530034,5
81bf5923,26.45625654666693,3036555.15,1097989.4,4543,-6.072703451621791,5
81fc01c6,-11.372094034100595,2955950.97,1086571.58,5909,-1.2518912266350841,5
8255c867,-1.2753726646537473,2915967.1,1040107.3,3589,-2.2046936927832492,5
82aab6d2,2.439514160719357,2981040.81,1053350.55,6140,1.1070187619273395,5
82fcf37c,-1.0089639566285724,2883718.05,1021470.53,6014,-1.5237602830142862,5
833af382,-5.101835980451585,2916505.51,1040511.9,3628,-1.165219964766532,5
8382f4b6,0.25695377106928935,3009736.97,1117777.53,4967,-1.4333660639510426,5
84633df4,-14.372273824694126,2992290.66,1122686.29,4972,-2.7972464073747085,5
8478df29,-5.841353683544745,2992494.81,1122841.7,4857,-5.6625094859850975,5
84815d5a,-10.430438204659467,3013914.41,1101376.13,3647,-7.019598941751579,5
84c3b497,-15.011738616121399,2888264.78,1008854.36,5312,-1.3780669875144933,5
85380836,-3.7222386438171084,2907843.06,1038489.62,6618,-0.5424196943877794,5
8612b37f,-15.021136790326702,3000312.13,1103076.51,5165,-10.678965932249982,5
861e71df,12.218813639722551,3007251.21,1115676.17,4700,0.7580291143360199,5
86454a6f,-52.4114439362956,3001346.38,1089219.87,7964,0.26545132130130333,5
8648abae,3.3169875806516402,3015035.07,1108588.09,4244,0.5217125406525802,5
865033f8,-1.1261539744488211,2917169.63,1046398.06,3557,1.252395859859979,5
87695469,3.856127674594431,2876593.87,1043649.56,7003,-3.511973591520512,5
877ed19c,0.33556721061164774,3012142.31,1113993.83,3708,11.778160170922257,5
87aa3730,0.8139930001268048,2905670.67,1030087.74,5607,2.4119599349999286,5
884ecb5f,-0.43027846748960913,2907318.55,1036826.86,6724,1.962121200265289,5
8902c3f6,-6.4272169832408315,2945169.21,1067957.78,4959,-10.69429997185549,5
896d15b9,-2.4090200555690817,2914081.93,1018932.72,4279,-3.23085225491086,5
8995c945,-8.973195370935787,3008101.43,1135792.66,6724,-10.932803196465152,5
89969c7a,-3.684550342897084,2995355.64,1122271.94,4947,-1.029492367560363,5
89f1085d,-15.568230303969438,3002851.04,1064316.57,5994,-4.917109142126274,5
89f36adf,-2.493620448745172,3025448.89,1120443.83,5292,-0.1585684058290912,5
89fdb2f2,2.3629914911497654,3011882.96,1109327.26,2031,2.828708940954326,5
8a3da6d1,-7.656614227612362,3007820.22,1105923.51,4593,-2.519850480715818,5
8a89da23,-1.4572989543629542,2911114.37,1039858.73,3935,-1.3454354341032417,5
8a9c8932,-0.6225356449620892,2901049.43,1026995.63,4663,-3.8864607896303602,5
8ac2f237,-0.009104728780900639,3008771.0,1117606.98,5319,-3.5065078436942243,5
8b12bab6,-6.624291220513386,3000307.57,1096430.73,5234,-1.2041357672533513,5
8b5be31b,-3.2618585646447027,2953717.28,1084865.26,5672,-0.20912669373533027,5
8b95d6d1,8.146877794379321,2946006.04,1069309.01,1731,-2.344816448969116,5
8b9d8326,8.487569223810974,3000245.03,1077249.25,6163,5.8246299962342185,5
8bb9c1e6,-5.144529923815939,2905891.77,1032680.27,4546,-1.9806810767054337,5
8bda1a11,0.9008184941395804,2887710.45,1022268.54,5981,-0.665112193286231,5
8bfa881d,-6.21149082618897,3013105.75,1095207.6,4089,0.0946067990867137,5
8c167025,-4.644535435992877,2941944.83,1063456.56,5368,3.475759770274986,5
8c8348e8,-2.467007858445356,3025084.08,1098780.7,3888,-0.6094120442898764,5
8cc21f01,14.223438640726277,2965676.48,1064207.32,4044,5.2404150757604695,5
8cc800b3,5.197558163195905,2989821.52,1111924.55,6576,-1.1030494702174454,5
8d5d46d7,-4.374382972463848,2906776.86,1033218.33,5755,-0.27830678273508525,5
8d92cb49,-1.671132310313523,2990046.49,1090469.6,3589,-0.46170859282496857,5
8f201368,-5.146231868419594,2907453.19,1038367.53,6349,-1.3206259796405226,5
90386ee4,-4.569641236402599,2905615.61,1027493.23,3840,-0.9901204122784787,5
91abc4c7,-0.6356319003820219,2899561.68,1026586.0,5848,-2.396464097782812,5
91b301ce,34.782343520170976,2921177.1,1054562.88,6570,-9.53836065844504,5
91db7070,-29.85801986469888,3013574.83,1098496.19,4073,-2.8058347818975875,5
925a7cd1,-4.757087388649579,3002547.67,1091150.81,4517,-10.694137231150819,5
9283ae69,-15.411713427782034,2926712.18,1061265.12,3371,-4.9112637601774365,5
9298ad5b,-1.3587580035321536,2977290.55,1093794.42,3964,7.378036345414922,5
9314ff13,-1.4261319461802646,2911700.84,1018099.08,2748,-3.4274298767886235,5
93209a3d,-6.425972125830576,3004960.23,1105348.07,4697,1.2539878665492263,5
939d9c34,-7.341432167338421,2993819.58,1100769.12,5101,-0.7099024940589324,5
93f5d2e6,16.402330180863583,2928960.24,1054281.11,3691,0.16269475715769843,5
940a48d9,3.5838611517032546,2991292.68,1118959.47,3963,0.17197477924034157,5
940e709a,-16.30046439323569,2926405.2,1060982.85,3348,-3.7337091176065598,5
9426ec1e,0.9768294735954973,3012687.22,1107652.98,2532,2.9706779176750695,5
94467f50,-10.084262163599233,2938359.72,1065799.84,3035,12.725260496445244,5
944f36b9,2.4758146404200754,2999029.23,1126653.03,4630,1.2627021312808966,5
94d813a4,11.17422998373819,3021497.91,1082695.98,4847,-3.8937582042127685,5
95b559e7,-1.382421200511717,3023613.58,1119971.09,2887,3.7273366296421635,5
95c8427f,-0.6468944558570732,2914193.54,1039171.34,6335,-0.6968401278321368,5
96936c22,-1.2165041529003633,3007709.91,1088075.24,3346,-3.639916434721576,5
96ae5806,8.533414630047865,2992134.91,1071268.02,9839,-0.2442042912042856,5
96b7eea1,-5.529586868541693,2986219.62,1109180.11,4332,-1.486023327551839,5
9719aa04,-1.7350970419106582,3006865.7,1130588.37,4871,-6.065241748000316,5
974802e7,-1.088150585766107,2871021.55,1047495.46,5843,-1.2096241603649989,5
97cd5bf9,-3.5807486515369904,2956763.71,1087163.21,3449,-5.843102211252616,5
98177ced,2.3089214589847638,3035005.98,1094644.8,4772,5.8749207048314025,5
9896fc0b,3.8169518603005823,2929810.15,1054922.82,3595,7.609171312109764,5
98bc6f66,0.7701570746154981,2882875.85,1020780.83,6063,2.623210305751921,5
992c99e8,-3.650302893954347,3006386.95,1117704.4,4904,-6.7430710337471025,5
992ce078,-7.064893636243223,2911117.03,1017511.41,2879,-2.2996775387760318,5
99529c45,-1.8128629233296791,2897566.07,1024083.97,5840,-0.5219579039551091,5
995ff498,2.2646533512355522,2905989.23,1035300.72,4526,-0.4838806261004199,5
999daf80,2.2560536856953592,2916929.23,1046170.39,3564,-1.1619027357700973,5
9a6b0392,0.5379265646588601,2997630.29,1126438.01,4255,4.8567892849597785,5
9a8ae0d6,0.09602013248900892,3010060.35,1099349.61,6294,0.7653969856744889,5
9a95e33f,-6.4442451339157705,2887326.06,1008506.88,6447,-3.091565683955619,5
9ab94eeb,-13.557915364453159,2922136.08,1050473.05,4442,6.026711488893509,5
9ad5410a,-0.2532449980047841,3003637.0,1105415.55,4205,-1.6562298914247844,5
9ae248be,0.3297304915988974,2949229.26,1016006.14,5271,-8.988846118956449,5
9af1ffd0,0.43099280887842445,2951923.4,1082949.81,3525,1.1773992904041553,5
9b5b61c1,-7.765458795830989,2972275.09,1095134.14,5532,9.730336262101991,5
9b9e3b49,4.108331557354251,3008469.18,1111459.12,5118,-2.235971930486205,5
9bd2bba3,0.17874189599381493,3009114.72,1075492.6,7439,-1.995703981793876,5
9c211c53,-1.8135688111264556,2870377.41,1046726.04,7265,-1.0645405152929293,5
9c350a6a,-1.042307260035894,2996871.38,1100428.87,6052,-8.717707104835956,5
9c8375f7,-1.0427665941780593,2916871.96,1040792.87,3674,-1.9770338420212372,5
9d072e4c,2.065340479336382,3000683.39,1101198.06,5107,-14.096261386182599,5
9d3ec64c,9.878443920887843,2953276.62,1081221.0,3480,-1.0226978352683609,5
9d4272e3,-13.340939881808751,2999766.58,1070707.03,4030,1.6760797532954697,5
9d5e14d4,-1.780697644327758,2890826.42,1028686.86,5400,-3.719680762180213,5
9da441ba,2.0881151568569463,2997927.59,1114198.76,5783,2.1816205708048133,5
9dede370,-1.471101821956142,2980835.69,1053194.95,6297,1.8891419584624394,5
9def2eb2,5.373803605628502,2984060.49,1084619.78,6003,-0.40846318803560955,5
9df1b1f9,-9.484630438692117,3015434.61,1106038.03,4701,0.7939615400449445,5
9dfff011,-6.728221456388223,2986089.36,1091925.79,4319,-0.4546215376480838,5
9e3e364d,11.926465857170312,3013001.8,1114908.53,4290,3.1442525599862767,5
9efc812e,4.818008880867547,2941567.03,1058258.35,4450,-3.655747166244937,5
9f0c7bae,-3.5133963310409144,2950023.06,1013693.08,2542,-13.271223397524693,5
9ffce529,0.9086304299760606,2925507.95,1019641.3,5212,-0.5738406166555269,5
a0383629,0.45761015411084033,2894072.7,1035265.72,5832,0.5355552936906929,5
a056d01e,-0.4209688263495955,2971742.17,1069051.79,6557,4.443104948901441,5
a08d9e63,-0.19132905001770786,2928301.05,1053715.94,3685,3.481426603333957,5
a0b83014,-0.23055171809260186,3007865.17,1121969.42,5035,0.7075923830855935,5
a0e92ed6,-2.3944387354635905,3011067.17,1116869.15,4897,-0.8582454013287727,5
a15bc102,-5.983180789677087,2961173.74,1085237.25,3236,1.1150426526212691,5
a247e7cf,2.3942140690100726,2888285.89,1022403.15,5674,-0.7980487080026943,5
a2e8e7f6,-8.588053846207561,2946006.04,1069309.01,4760,-2.344816448969116,5
a3518960,3.946556385780268,3024061.06,1109909.65,4967,-6.068401472296595,5
a3f71395,-0.5203250783485421,2947003.87,1015747.14,5543,-1.5574102374583092,5
a4719920,0.8756328669289318,2989116.99,1088016.27,5884,-1.143816389167539,5
a48640d9,-0.6466797043304853,3009105.02,1072200.98,4532,2.4314706532851864,5
a4cdbb0f,0.27031230413433593,2888990.85,1027346.57,5204,-0.7925165714302012,5
a4f989c2,32.06128753910463,2972670.37,1095265.51,5385,1.7649869951148662,5
a5aa7973,-2.619226219153973,3007781.98,1129759.94,4616,-7.109790218528774,5
a5e6f7dc,8.023697782912771,2991201.23,1111918.54,5649,2.577634706715648,5
a612d5a0,0.7926266297034598,2972097.54,1094699.92,5329,6.731017640662662,5
a622ce4d,3.662924022438336,2994574.38,1113502.89,6298,0.9603522839203705,5
a645da9a,2.9408473199912133,3016716.03,1113131.7,5153,2.7756517436346337,5
a692b17e,-3.1978230391517912,2909644.06,1040627.96,3566,-1.1730342539166774,5
a6b8ac67,-0.909618359530107,2947715.99,1015936.58,5453,-7.692629285249924,5
a6ed2eff,-3.5854110128829357,3010038.72,1117549.69,5275,0.8012036474163857,5
a6f967fb,-8.865349954279687,3034744.67,1094234.21,4670,6.171627850127593,5
a76db406,-15.981447094910395,2945556.56,1068294.36,4672,-8.783453949521576,5
a7744f5b,0.14274534828852872,2907529.82,1033840.61,4377,-0.7723644667726743,5
a783cc24,1.3212308450954728,2939095.92,1067896.72,1889,0.8489185225214522,5
a79fd2e7,-2.8864352529746213,3007982.34,1106058.79,4404,-3.473886275643366,5
a7fc3e6b,3.736699040139487,2950505.48,1072778.9,4764,2.405054571424029,5
a85bb86f,-2.5975169546426797,2918620.93,1048023.72,3099,0.5759543278311428,5
a85e4bc3,1.302665392131253,2860940.8,1041007.73,4581,-2.6003371389571335,5
a87433c9,7.212659942624568,3003488.57,1102339.99,5721,-2.9989524571467086,5
a8ed028a,1.0978895252531748,3035824.16,1089836.15,5538,-10.14885841384211,5
a959858c,0.7358119773714363,3019269.57,1108346.18,4404,-1.532757155731907,5
a9c9b150,2.023267282971967,2985639.16,1109494.55,3986,-2.996594157854571,5
aa95015b,0.42419541689074025,3001121.08,1116055.91,4300,3.8848200698075837,5
aaaf3c03,-2.120146581769674,2909933.5,1016745.26,2997,-3.288626949670742,5
aaeffccb,-1.9749250007776558,3007506.88,1090153.49,2712,-0.10846795477487028,5
ab112491,-24.96292261820114,2998844.57,1086548.37,5185,0.26545132130130333,5
ab18d3fc,11.478866515737835,3009429.4,1091244.18,5694,-0.20834854870177272,5
ab3ced07,0.7195736994920624,3012580.95,1094839.05,4250,0.16248138323784778,5
ab6fe95d,-3.1742785165807113,2858891.75,1041516.83,5491,-1.7049483572147408,5
ab94878e,-11.042308659837838,2939267.56,1059786.12,6004,1.0083212572602036,5
abf460d2,-14.491172878987689,3007912.88,1088233.05,3217,-0.9849826895041103,5
ac6f01d5,0.728552499365249,3015396.21,1092938.64,5004,-6.56495588449498,5
ad2133a8,-3.1949757812423747,2924597.88,1017312.56,5729,0.11559641971518331,5
add9c322,-1.3448630954282985,2990379.03,1116110.21,3932,-2.211017100585503,5
ae069086,3.8219132905366,2936927.61,1057942.45,4770,1.1375701970257333,5
ae0784a8,0.9884931631360165,2991332.52,1070662.99,7823,1.2647800021780842,5
ae35f33a,3.466970828966451,2944947.71,1013585.45,4450,3.486486094666425,5
ae8959c3,-0.9206980513648598,2997085.63,1128582.69,4518,-3.8873662358899934,5
aed44918,-17.596948452563858,3001708.24,1066986.67,2719,0.7221547841871889,5
aee6393a,11.405428486382363,2918897.37,1045379.28,5865,2.345796340946763,5
af7a59ce,0.05171766148576909,2903650.15,1025502.94,3024,0.5589277976831936,5
aff4e561,2.7948448987351613,2883291.47,1021141.06,6026,-1.5159825159014353,5
b04b58a3,14.887019764821037,2943288.02,1072515.35,3402,-2.715965832043384,5
b0d42b0d,-7.172797676015454,2984612.16,1107265.77,4971,-1.9290584109515223,5
b0f53bf4,8.526238457058135,2999039.3,1091183.12,2755,1.7660249585679915,5
b19b0395,3.9996258169189765,2899375.18,1023957.78,5813,-0.6079135134117968,5
b1efb8a4,-5.748905068521539,3007027.15,1098539.32,5998,0.5680265334141021,5
b32902c0,-14.461042098274387,2990021.87,1116238.36,3808,0.4122186999837146,5
b32e4903,-11.748445735604347,2903334.6,1027511.78,5770,-5.932063560371448,5
b3388334,-20.46262383752671,2887796.38,1008593.22,6080,-0.2878899432334313,5
b37fd114,3.245667345172664,2986073.75,1085284.93,8161,-2.624522110106125,5
b38e3116,5.880371466236457,3007361.62,1098564.41,6211,-1.4547247307771691,5
b4d8dd4f,-8.908658932333232,2915957.57,1046107.92,4259,1.1449381271005605,5
b4f37e6e,0.7576522756368058,2916920.37,1043437.8,2992,0.9197399072013273,5
b56bc0aa,-1.417847751298926,2915687.46,1044051.22,5602,-1.6443839473833446,5
b585b4fa,-5.146329540421725,2906019.5,1037898.41,4294,-1.5171493093744792,5
b5aa9634,-1.4016598731010061,3010036.26,1076004.77,7326,0.021880260631877667,5
b7974e66,0.6810122682420309,2987406.23,1066422.24,5558,2.4693874250226964,5
b7cdcecb,0.8273244836631746,2885667.56,1020382.2,6168,4.1579163313912035,5
b7fea9ef,7.877396073217018,2939107.87,1067881.09,3866,-0.4623145231028568,5
b85f7b06,12.736074204358802,3011898.65,1114106.87,3803,9.298058772172826,5
b881d27e,1.870104273793019,2905254.33,1027382.57,4009,-2.278069514317602,5
b8c49c1a,-25.786274205586572,2943780.4,1064668.65,4319,-4.213098674695976,5
b95e7121,1.8552324353432534,2998461.31,1114909.7,6306,-5.03607164544911,5
b977be4a,-0.2635007000372698,2995712.36,1113465.8,5917,3.02630587243645,5
ba48188d,5.6622690849089565,3011078.93,1086135.56,4166,-3.0682126781755885,5
bb2cdd83,-0.5053436899065484,2905708.04,1037756.31,3825,-2.4453464794775144,5
bb337fa0,-0.41603511371891416,2990341.41,1102462.14,6873,3.216386058027028,5
bb682ebd,-27.212452264124313,3007918.26,1129924.16,4139,-2.1911450095347065,5
bc4381e2,-13.531042238597465,2984774.43,1057332.85,4955,-1.881231535591222,5
bcebcc5f,-4.318456959210803,2958706.76,1080106.52,6258,-2.547648274408867,5
bd2c2f34,-1.0213902876335716,2874982.03,1026864.77,9823,5.2778741090934576,5
bd4ae5da,-1.5817228933721281,3008142.58,1111582.25,5006,-0.7782397350354684,5
bd6f0e19,-0.35744632425948847,3005848.51,1121939.17,5140,-1.3948470510444309,5
bd8f847e,-1.4165843840087948,2945717.42,1014123.02,4961,1.2336360431871412,5
be063506,-5.4319235669634836,3001990.11,1104435.96,4500,-3.93988518772822,5
be35c8f2,2.633351277862409,3015245.19,1095866.08,4226,-3.2732248726838677,5
be83e781,1.923042542933471,2904884.33,1026206.57,3221,-0.6712355521482175,5
beda8696,-1.9724494575799096,2886482.4,1023999.41,5912,3.1938546511549775,5
bf39bc20,-0.8897257588305151,2913522.05,1040744.91,3303,-0.798835775476086,5
bf70b410,7.097466803900924,2885887.42,1022967.83,6347,-3.6393496685385403,5
bffe3082,0.6473596848759174,2994727.66,1099594.75,5723,-0.8261886718640824,5
c03b9305,-10.958649588332568,2938670.13,1070962.95,4255,5.545084381049296,5
c03d4aed,0.3304729569025677,2947312.43,1013820.1,4641,-6.347297324499458,5
c03fba65,0.10595757627346404,2961430.11,1092365.05,3699,-5.3320618180087695,5
c07fd0cd,11.173153245621213,3022224.22,1086255.85,4191,-1.1191674731351402,5
c1708b88,22.290636147516746,2980629.9,1084891.57,6315,3.670848548496,5
c1d046f4,6.403431091121364,3002698.38,1115444.61,5513,2.018493416982504,5
c2717d4f,-7.660142300847111,3005845.12,1111725.32,4721,2.223558183488861,5
c2c4db09,4.176398101949166,2996053.02,1113829.77,6039,1.231077475588605,5
c2c6fc71,6.994925864453195,3004830.79,1089138.76,7119,-0.8849197733792789,5
c36625df,-1.5557821666105651,3007419.52,1111631.22,4742,2.100631021753368,5
c3957531,-7.883643092259939,3020423.91,1088390.9,5316,1.9289598683958762,5
c42fe306,-5.802095472604628,2898827.84,1025784.5,5095,-1.2162298767049633,5
c43812e2,-2.591450861121311,2983815.57,1054054.36,5527,-0.11188914941546657,5
c472c0b5,-0.6147407507963298,2997776.06,1129047.36,3054,-3.948557696003699,5
c47e0767,-6.68775412160493,3009071.86,1093508.17,4356,-2.4293245075792713,5
c50b42f6,-0.08169237501473636,2890404.85,1025089.4,6014,0.15571740832763528,5
c593337f,0.30019809556442006,2995685.49,1072062.97,5208,-2.8745456727664953,5
c59b6c4a,6.154955914660666,2887033.04,1025104.89,5499,-0.2963847263306988,5
c66be2b8,-6.48684705279214,2995987.42,1116272.44,4154,0.11879458483033326,5
c6797dd7,6.500571037858662,3009038.92,1103563.76,4664,-5.4248998251694776,5
c6b782a4,0.8748199999157457,2935229.57,1056307.66,4877,3.012013930348153,5
c6c96179,-0.1906979319136559,2909497.51,1038216.51,4004,0.5528104288995055,5
c70c0e01,7.490473584284606,3002626.28,1071461.78,4312,3.2226924262535848,5
c84c65be,-6.2696074334128555,2876114.62,1043420.37,8496,-0.17333279083564915,5
c8d9680c,-0.8592483934509735,2995481.27,1115708.27,6281,-1.0067251470379,5
c908edd0,-0.8450029461163844,3008268.75,1117654.57,5293,-4.173067391905647,5
c9578d27,-1.8383859581853519,2905629.67,1032516.16,4487,-2.641909869831551,5
c96c018a,1.4797538729254132,3002317.13,1115856.37,6236,3.8888951253020387,5
c99f9fae,3.7932966998664233,3017968.99,1113131.93,6361,2.056409556594482,5
c9e6734f,-0.6391101746840915,2941117.2,1057848.19,4735,-2.5643233551346087,5
c9e980e8,-3.609932847222633,3008074.07,1115349.8,4359,3.923778411725057,5
c9fedcf3,-0.9146830233970411,2990104.26,1069680.88,3517,4.381841280423399,5
cad13e8f,0.9233094309572847,3034859.6,1094609.81,4848,6.1520431104368996,5
cb34231f,3.5191791795993876,3035047.87,1094879.2,5609,5.632869160708478,5
cb879f40,-0.21697193872657358,2995406.93,1115578.59,6315,-1.1351804379827801,5
cbb406b5,-1.3603397741445864,3005796.08,1123471.07,6328,-2.735367616920513,5
cbe51de1,7.042746835895378,3012415.73,1114557.9,3963,4.549363684138521,5
cbe62450,-9.073493836130238,2995678.05,1115746.16,6258,0.6361239414979529,5
cc08aa63,-6.0119056940328885,2912198.25,1042381.7,3274,0.08412552012084777,5
cc8a1d57,0.3369686853525431,2925356.84,1017114.37,6638,-0.5907924736038004,5
ccedb12b,-10.987469118227567,3022477.06,1083457.82,4401,-2.7530972721910794,5
cd7f1687,-4.089673844334987,2989262.1,1090261.59,4232,0.021999713979324487,5
cda7eb37,-0.131489802407105,2923330.16,1016998.67,5973,0.4073576929113677,5
cdc31d65,1.0779570925189148,3008302.35,1090557.37,4840,1.8718333359420114,5
cdc60a53,-1.8801071450186764,2907026.44,1035698.75,5878,0.34507147315042574,5
ce55ba43,2.268218730462823,2990794.08,1102909.1,4104,1.248374853519055,5
ce8399b7,0.813828401202153,2937872.2,1062195.74,1615,7.284284196828831,5
cf50c9d1,6.900493217995034,2934445.25,1055653.8,4858,1.8068792867322956,5
d00e7eb9,-2.5530537458290024,2890772.19,1033601.29,5704,-3.296479735786433,5
d011f41b,6.005485725707599,2972670.37,1095265.51,2267,1.7649869951148662,5
d07aed8f,2.144614651984523,3022772.27,1093510.55,2957,-1.3177483737099727,5
d085e611,-3.0229222041681,2994861.07,1121040.03,6191,0.8886611145310092,5
d0a0e7b5,3.6253797243324315,2990725.76,1116236.17,3816,-3.205065664537649,5
d0a43760,-1.4981932203156454,2942393.57,1059017.72,4041,-2.3925067460082983,5
d0cb63ae,0.5999816066893165,3007480.46,1136925.0,5223,-13.622719630966898,5
d114d9c2,-0.016770404263774262,2884195.17,1021762.88,6206,-1.7221989934872457,5
d1457cc5,-2.8237897252502173,2869606.73,1025771.91,6920,4.811679112307695,5
d1ecf309,-0.3148024297921337,3004922.8,1123703.5,6168,-2.2953325675087433,5
d1ee630d,1.7607312882413124,2994891.49,1113612.39,6290,2.335624145829976,5
d217e0c5,0.6862412234295249,2993047.98,1094414.0,3838,0.3744393731638339,5
d24ff243,-0.4193847796394113,2900476.95,1024829.49,5641,0.18511223000995983,5
d273674e,2.251793440192157,3013271.93,1101187.46,3899,-9.556045270721905,5
d2f3b1ab,7.896540339818741,2906918.61,1031333.66,5581,4.202994477018473,5
d3df146b,0.8650666518522293,3027331.43,1120798.54,5787,-0.7929920363929132,5
d40f61d5,-0.6809088782089706,2910059.2,1038924.27,4039,0.33003890543767644,5
d41beaf2,0.8044936995590218,2934620.91,1055967.19,4753,3.0260791904194972,5
d463e527,-14.978999887429381,3024652.03,1110120.69,4767,-2.283290217654666,5
d4f60a28,6.85304995514682,3021710.67,1086378.2,4501,-0.25514681504026127,5
d50c649a,4.876632646333965,3005670.08,1105654.69,4873,-5.355799988092825,5
d543916f,-10.94471636851417,2992181.78,1119017.03,4799,3.077690283283826,5
d5df0ff5,-1.8157038372653893,3017294.82,1115834.05,4032,0.13895690419660583,5
d60430e6,-5.191138514077574,2993526.66,1115423.85,2511,-1.5765508217210198,5
d63196fe,-1.515042713663044,2925701.79,1020217.35,4510,-0.089105987927706,5
d6c320d9,1.5259684428005722,2908006.16,1032266.06,5452,1.9978734302448515,5
d6dd7330,-7.633830010198696,3007224.47,1098522.63,6193,1.248115564509861,5
d7ba4f9d,-3.601625365508398,3006124.76,1071571.25,6023,8.204420592562812,5
d7eb0be8,-9.715643570301314,3035750.74,1089693.09,5401,-7.986151794731214,5
d84b621b,-11.509730417186535,2903747.92,1028651.68,3994,-3.9304518673741016,5
d90aa14c,-5.264803503285774,2889500.03,1034915.68,10018,-2.7541297842950785,5
d924e971,-21.999579499050498,3006750.81,1106792.45,3184,0.3487425735718087,5
d9ae59b2,10.324289347024875,3011231.41,1122530.02,3648,5.841808067718753,5
d9d6d94d,-2.1419487710171614,3021313.92,1082541.38,4919,-1.2305224532616985,5
d9eca87b,1.980154237797983,2886378.5,1023293.38,6373,-0.5287944742939985,5
da2d4d7c,3.7966338378206435,2999828.63,1088629.41,2114,-10.976164233521946,5
da3bfe4e,2.7792003042519022,2889810.34,1023873.42,5549,0.7985984404438822,5
da3cf798,-6.810383520432351,2934819.1,1065413.33,5844,-2.080012195694744,5
da940160,-7.754106971275532,3007038.73,1117512.24,5132,-5.856362485706115,5
dafc88c3,1.0115705125598355,2899314.01,1023541.25,5572,-0.010302452539968688,5
dbee6c86,-1.0985909071918074,3009323.18,1075642.26,7369,-0.9425708235943204,5
dc5fbe29,-0.3903935765928081,2922912.11,1022455.63,5203,0.39902392752962657,5
dc7da28f,-3.814326087182863,2891910.54,1026443.52,4774,-1.4312289420181936,5
dc7f9757,1.0353514160084822,3003792.55,1124237.26,4360,-2.5653633366688666,5
dd168de0,-0.8223406335046032,2926060.31,1060813.77,3304,-6.829333869552778,5
dd64382d,-0.9286985403874629,2953059.31,1084363.64,3124,1.4493375602573328,5
dd6bc5b2,8.321592287033024,2975337.45,1095161.3,3602,5.947036619030511,5
dd7d638e,7.389232004385963,2912967.03,1042953.94,4301,-1.6294350573486636,5
ddc790ff,-0.3328728965114007,3010441.54,1117800.95,4726,-0.23717600398171582,5
df71d1ff,-0.0233968251453935,2885182.46,1019971.85,6228,6.443705511859237,5
df73b8f3,3.0948169596712103,3002696.6,1070535.41,5311,4.101823751176264,5
df8290be,0.18109702272385123,2909439.33,1040392.16,3972,-1.8488182662918056,5
e0079ed1,8.454176754822624,2956936.8,1084294.89,3471,0.09015266175394317,5
e03b45fd,-6.683124108396948,2948878.93,1015957.76,5342,-6.537928135476557,5
e0f36d98,8.113796751226642,2988674.85,1100062.93,4976,1.5104196850379163,5
e149204f,10.558924729054047,2886103.3,1020693.9,6097,-1.023214020070849,5
e14d641e,-1.7240414599223626,2909940.29,1040906.74,3184,-1.9370302779118211,5
e161bd0c,0.47442163669015236,3003986.95,1088931.43,2949,-9.66812271493026,5
e201fd6d,-1.2304191594061173,3024822.29,1094753.79,5070,-0.025088903130717988,5
e25f1537,-1.5428219281704623,2941428.14,1074677.0,3177,2.37421520305858,5
e2fc7745,-0.1880644306837143,3014254.77,1115379.79,3692,4.915723566345355,5
e32da4ec,6.485480826768531,3011231.15,1116816.7,4689,-2.634229313775197,5
e3b34f5b,18.4200405564504,2950600.8,1078414.97,5455,1.2881599242350332,5
e45a2a62,-6.053520298284574,2905114.57,1032032.57,5007,-1.0226877911957044,5
e46f4ef4,0.12481496847149003,3017123.61,1094194.76,7195,-6.444208378316228,5
e4726608,-4.588872072298247,3011391.2,1116559.03,4733,-0.4193587339618413,5
e5864244,-8.41502871632177,3021422.92,1086671.1,4469,2.798468919253456,5
e5c92e59,-0.46736521417350474,3020858.73,1105773.11,4295,-3.1767185352252554,5
e5ff9fd2,-5.2881540801677325,2979156.88,1057997.19,2354,-1.508262064943454,5
e6c55748,1.2473668164453777,2907207.21,1033649.2,4472,-0.9932887604040441,5
e730c32b,-9.225177687594734,3009872.87,1111854.84,4728,0.4307299185035916,5
e737965a,-1.5922346546742006,2899353.1,1026290.3,5955,-2.2051435469243765,5
e748dd88,4.222807575962796,3010428.82,1104023.92,4812,-5.308653121888006,5
e7818f7a,22.591409687246692,3011301.46,1123651.69,5371,2.883322547418667,5
e7c36e81,1.0831188140587724,2917460.18,1046645.14,3531,0.8105413021584601,5
e7d0c1de,3.8753462774054563,3006627.11,1115565.58,4711,2.8343767452422517,5
e85074c5,5.17142894312029,2918810.4,1044981.58,5675,3.9449363960406467,5
e97032ad,4.337495018637089,2917460.18,1046645.14,3530,0.8105413021584601,5
e9949a23,-2.0492141750151522,2921638.57,1015424.22,4559,-0.19106185326799374,5
ea0b99b7,-3.9238730070819927,2991900.63,1071163.26,9239,2.247253236221686,5
ea3a0e38,-5.490737074737789,2958131.13,1079508.31,10052,-2.3131922513034695,5
ea41324e,0.791019276392006,3003845.6,1115643.13,5025,1.3584325723416086,5
eabc711b,0.6162629666573209,2999742.24,1096617.34,5348,-2.6522466046874924,5
eac10e86,0.2998250078252623,2890081.99,1024854.65,6067,0.882323693882368,5
eafb863e,-2.8767738562798146,2916191.33,1040332.02,3568,-1.8844134544580355,5
eb06a4e7,1.7290879655499123,3006067.77,1111879.21,4535,0.34571213020945674,5
eb640a35,-2.628097427262803,2992903.33,1120366.69,6037,-0.08241504222022167,5
eb934281,-0.912890111150341,2986989.96,1066060.19,5971,2.788167900901171,5
eba6605e,0.634097419236962,2903320.36,1017998.99,4410,1.2845887507710287,5
ebe69318,-4.23687541768714,2901265.76,1025501.89,4976,-0.40487351168587005,5
ec0d597b,-0.08065396306612442,2893180.84,1027640.76,4616,-4.129882751872632,5
ec13af42,-1.3359193552183035,3008095.08,1090322.35,5462,2.354608625489455,5
ecdab904,-1.2070923927085715,2980578.79,1053235.35,6147,1.8363400726129249,5
ecdaf714,-3.864098751606506,2922606.65,1055999.96,6592,-2.711238848707131,5
ed6436d6,0.16684647813360037,3001273.23,1087275.47,2945,-10.250206761584536,5
ed6e6e54,3.302382390290745,3007486.55,1098776.53,6048,-1.1346273134292673,5
edf885a3,2.6648055736707135,3008377.32,1084488.23,3117,0.25246932073123907,5
ee0300f7,-25.027363471915248,3017221.35,1091350.58,4544,-1.158581999425242,5
ee288beb,1.658927902902582,2995174.91,1126386.51,4638,-2.5482301572529145,5
ee4aecac,4.284502019893103,2971963.68,1065244.5,5265,3.5288585963612866,5
eeda36f5,0.891802707741736,2946595.16,1013965.84,4797,0.8818378017140291,5
eeed308d,0.374248435502162,2908329.49,1033972.69,3899,-0.22985419740623542,5
ef04658e,0.339118513361183,2940437.0,1065337.2,4104,9.447431104835491,5
ef8e3ed0,13.982328300257937,2987746.17,1066679.39,5224,-0.19087578138048428,5
efde6ac3,2.357941458862293,2994861.07,1121040.03,4559,0.8886611145310092,5
efe96181,53.158814011207674,2939771.81,1064058.52,4012,-2.8111793275449237,5
f0188a48,9.605701496859181,2981798.96,1083322.52,4170,6.207835478627514,5
f021b650,4.717696797076352,2986330.01,1052560.56,3739,-2.815272088952709,5
f03f10fe,0.8888995863833364,2910245.04,1039256.71,4145,-0.22155051963194392,5
f053a1b9,2.834483237641306,3010822.95,1094301.97,4108,-0.24964097291921306,5
f074d277,3.0863087212235696,3021607.87,1106995.07,2453,-3.8874533223046703,5
f07d7037,-2.2857676574260957,2986782.48,1066418.1,5563,3.062743410156322,5
f08774c3,1.6062785481571813,2919949.27,1014628.76,3900,-0.9221603979024604,5
f140c2fa,-0.7098712102078195,2921499.68,1014569.43,4082,-0.4589304462294603,5
f16e25e3,-12.697058100264377,2989773.85,1121450.86,4651,-3.1458436157845444,5
f2d4c8c9,-9.43552081613118,2884989.21,1022371.17,6249,1.264074902555885,5
f321a31c,0.22076154832853231,3005643.94,1071217.42,5141,8.188242542595765,5
f40cd091,-15.645192424301198,2999540.69,1102788.69,5166,-10.554154805455081,5
f439a621,0.13337196482259409,2927601.97,1056666.91,2821,-6.917210760482334,5
f49fdea3,2.0578909743373957,2991292.83,1058564.4,5391,-4.218967646357878,5
f4d12d23,-1.3551975771497136,2917139.83,1040985.43,3701,-1.9145476454269066,5
f56d3ace,0.3902531409584726,3003280.13,1115731.68,5432,0.9547292969776505,5
f5859199,-9.03608703654065,2988071.56,1053102.14,5790,-0.7899355648094429,5
f5d8aab6,0.5950052794173787,3006989.66,1130730.37,4444,-6.635029360414663,5
f631da6e,5.53361820040768,2984692.67,1108712.44,4093,-4.470341586236149,5
f6824bb0,-0.36772597298318943,2906568.55,1038368.57,5015,-2.4728700228621863,5
f6bc699b,0.3107996531148579,2952721.97,1074268.59,3752,4.0915289931354675,5
f6d009f4,1.142440878648596,3008985.64,1136058.84,6715,-12.955930446382027,5
f72b268f,1.7072418156879037,3004328.64,1135191.4,6404,-15.709370062003316,5
f8662c22,-4.082590946776693,2972447.74,1065709.65,5429,5.202277189695246,5
f88ddb26,-0.14266532615103336,2985656.06,1063755.07,4990,2.6341229439013096,5
f8afa78a,-7.037420138752458,2886944.84,1021497.17,6032,2.994275934416826,5
f8f59188,-2.8581801577900134,3006437.73,1123589.09,4807,-2.435799540191428,5
f9fc81aa,9.984242549430254,2906394.46,1030860.11,5598,1.450192568999344,5
fa16d114,0.20022272343079875,2888994.78,1023193.43,5686,1.5108961304389663,5
fa31da94,7.681710804392267,3014081.81,1113348.53,5027,6.2888326081787955,5
fa667be2,-0.3701971985723899,3009802.53,1075939.16,7296,0.4980720454139561,5
fae0c593,-0.9240427577840535,2994355.17,1122830.21,4403,-3.400927652583487,5
fb03ae90,19.362776636259166,2886923.43,1008485.38,6431,-8.252970037990606,5
fb0904bd,14.217416157113494,2960053.41,1084335.4,3181,-2.9866984452549525,5
fb3848a1,-2.0343924518188654,2899862.54,1026746.51,5919,-1.7062557859946081,5
fb73b13a,-2.4839136873546788,3008276.39,1136814.58,5640,-12.230659533181372,5
fba7683c,0.8759690640803974,3006048.11,1098703.06,407,-0.7569482931062852,5
fbd68d27,1.117029575038708,2908405.49,1038116.47,6829,0.2845001772761003,5
fc03f21f,4.463691607031284,3003525.66,1104734.11,4803,-2.599617212431998,5
fc0d20b2,-1.8548974703335446,2933842.04,1067116.51,3954,-0.5026843230871355,5
fcfcc902,2.105710967926866,2983828.12,1092034.71,2791,0.24577018737596673,5
fd3b4faa,-2.210361175402819,3006921.15,1123595.78,5022,-1.0242640808157646,5
fd710aea,-1.4389173722066335,3009495.52,1093709.41,4217,-3.4790918574589313,5
fd8f77fa,-4.004135906510982,3004252.06,1116097.4,5272,2.317463608922206,5
fde20ecf,5.9982135461022,3023386.78,1119688.17,4667,3.653778634589554,5
fdfd57da,11.43557670114761,3001901.34,1114875.75,5236,1.8977305596575995,5
febb4411,-0.08885214344714401,3022095.82,1086683.88,4247,1.1332336046785314,5
fef8af96,6.716289879477945,2931081.34,1056365.31,3826,2.6948178377684604,5
ff0aea78,0.8904898119723734,2983818.11,1070267.61,3261,0.6522534383021138,5
ff8bb73a,-4.765985432045456,2939445.44,1060051.34,5927,-2.3593378736999995,5
ffefef30,-1.4996894987854117,2945081.57,1013707.76,4570,4.479818160216799,5
