well_id,n,anchor_rmse,beam_rmse
000d7d20,3836,7.454442102844319,8.377914295751859
00bbac68,6014,15.263052288602681,14.77802092368537
00e12e8b,4301,7.92458894231589,8.493247446036515
015fe0d2,4296,23.154889673287215,23.336510255574563
01869cd4,5557,10.618593023436276,12.813247856903851
01982c1d,3941,6.33452473981023,6.5867092240489455
028d7b28,6234,7.393605105422137,8.35432889940152
02e7fe5a,5108,8.414429717261077,5.549758738092363
0390d174,4411,8.517417217402954,8.705029898280465
03a935ae,2786,35.05448621305352,27.422585851825378
044af7d1,4519,9.868136513863366,6.810212463272951
0498acab,4798,5.996139045372776,5.627231598553421
052d64df,2445,7.3962717049147795,7.052671265029803
05948241,3879,4.995769989509691,3.912242833906839
059c8f24,6258,10.912174729109239,10.91446815323937
05a0ee4d,4348,18.344706956532814,20.2938218215409
060ab2b8,6258,9.048312196834127,6.568899506256468
06df5958,3509,3.0884860085517194,3.4231817764509835
071d7b45,3211,17.11579247751261,15.804029235163005
0849b4e2,5537,14.567522114617379,13.827632214689784
084d66f9,3885,10.693040191903986,10.266870568557346
08fecf00,5574,4.759806836739511,4.724501409131371
09053135,5907,13.261553626472297,17.05142230712242
09441b8d,5488,15.9390645279074,13.471309088425901
0955cd6c,5195,8.023088122545198,8.05404221867943
09ec2ca9,5885,6.13281698431714,5.638798857893411
0a57a29c,5821,6.952723985070934,4.230193382101574
0bbf5e67,4298,18.377119492009776,14.490446183194493
0be01c24,4738,8.273369324203173,6.653599157197315
0c1b160c,5054,8.432276859497074,8.489187953986564
0d99f8e4,5823,9.343320012239094,13.015289711791599
0dc5e64d,4879,18.008822359134772,16.16711534502766
0dc835f3,4428,7.2297789729208715,7.725560676434861
0dd99dc5,7342,8.234632190411654,7.655726226684595
0e5e560d,3253,10.293900986020363,7.8694609009952
109d9d70,4215,9.371137061320914,10.327442419067372
10a1281a,5609,3.5911852573850855,5.376991801873867
10b89021,5414,14.721334704881999,17.59538957271604
10be2420,3271,13.259451874685324,9.644204498982203
113011eb,3272,5.177910618587731,5.906597246269768
1131525f,4159,14.670165574890584,10.867967895168805
11d0f5ac,4883,22.169205194123972,29.102208204575092
12203f2a,3261,13.762320645487467,14.797123582853704
122bd617,4570,11.670160284769418,10.598212257887603
125be846,6510,18.441379950265283,14.710874821982088
1285a37b,5597,5.549117512133954,3.0805731734773905
1295a25b,5551,9.716800903498608,8.0169652826214
12f0cd90,5947,7.895034499573364,7.626723875655633
137d1e44,4554,25.010172511867026,27.007538889396848
13ce113d,2966,3.381014512965784,3.171264006296929
13f598d9,7306,15.16858992587756,10.863971953616844
14a53cb3,6919,8.94761773897247,7.529362442299067
14ab73fb,3649,14.81915286795364,13.205928168188885
14ad5efb,5842,6.298504340917485,8.279674299527677
14fee784,4910,21.419815878785553,20.97868563476392
153552f5,4695,5.161441840641978,6.709378535493311
1550491d,4563,21.167156242041475,18.77557823364863
155887bb,5585,11.793313793912793,11.628303278635084
1590af81,3799,5.560887269871239,5.602576983058495
15e154a1,6068,23.22648490243106,20.611200248412793
1619e2ca,4443,7.812315673810556,8.973603561300532
16e4a047,4131,10.715407020528387,10.888972504549223
173ed841,4883,17.58051747694951,17.898313032855327
1770d7c6,7240,12.332849608315879,10.17706398118778
177622d7,3154,9.800349606500166,8.494521893664531
18d24f7b,4558,7.530076271970659,7.567055700991323
19137a89,6267,18.119920942456794,20.24079195203631
1944513c,4722,5.738736995920461,6.252691918640748
197f8a5a,6310,24.61555435098563,18.53595313394465
19871e7f,5293,5.353880109906093,7.809473379611694
198a5607,6251,9.944851115115334,10.985116203028152
19fb4f7b,5620,11.089880426882702,11.748793052856602
1a518997,4606,10.76070073803029,8.3450519221705
1a68190b,4474,16.431826147748733,18.61013217479487
1a730ac2,4605,16.350400725581075,13.097265949907973
1aaf1da0,4804,9.288199403984146,8.897168873173342
1b08ed48,5618,11.838490879530399,7.198276789590714
1b1c5372,4261,17.833374900392585,20.12492943587822
1b1eba53,4655,70.63937461968057,72.85758251988536
1b6ba517,6597,7.818279827064867,9.860552431986484
1b82b665,3806,6.106594455886377,5.4733979766988625
1bcb2fcf,4524,6.2062031463179,5.14018280818398
1beca81d,5036,8.154769966888065,9.703215583333307
1d3fbf02,2694,5.906372283901897,4.799260185576967
1d78281a,4949,11.881246003992382,10.458882364366355
1e30dedf,4071,12.137059232129838,9.501372221210387
1e5e3573,5480,11.921759172625736,11.656958513626268
1f9afacb,5328,2.518404175433652,3.1311956893981607
1fdbba44,4911,5.835321753197851,4.861459535659322
1fee2b62,4641,8.271183690259376,8.080336939090072
20096916,5133,10.457150039432173,11.653957355792482
200d233d,3926,12.776233899276743,13.920565235149356
201661b5,5955,12.376074593108253,13.12657445651843
203721ab,5730,10.037088673521446,12.161909374923617
20402d71,6372,11.661871660575386,9.51582389053694
2043abc5,6958,18.043675019417094,13.97946265259242
204cc64b,4805,6.09488008126444,7.91975165975772
206b6193,6535,36.50899923584182,32.811646361914384
2075c696,3188,21.898881254260402,25.266045818510126
22c5f93f,5172,7.091232323797548,8.314557019966832
230eaaa3,4690,25.322864048616943,25.517055129959786
2364716c,4316,19.668009235301668,18.31792233964199
23b9beb0,7340,5.499363741994015,4.235869237826631
24d8997e,3442,5.6395027824068205,5.908601872060733
25050f63,6124,37.996607342363916,36.175819256212364
25939962,4319,11.099661933822553,13.645509396962547
25fd32b3,2885,3.1781649872704114,1.7299383196700344
261785ee,3646,23.57894263400833,24.13002864084742
264feceb,5665,10.863394363873287,10.564930614218392
26623a50,5735,21.675376849132046,24.546518922551467
26d3a96a,4721,9.063491001698889,7.427060773434685
272abef3,4135,10.023016592838678,8.613929392531674
27300fd5,5467,17.389589831741016,12.891943377286351
276b012a,4837,27.08665184488836,25.89200488864167
27c3155b,4958,18.11085336032788,17.445822173170164
27ebb9b9,5766,9.988233062217338,9.670891800785553
283269ac,2626,1.1159494538507433,2.173845339925183
28473855,4290,4.546502439117813,4.643932619194209
28f4eda9,5266,12.159025419229918,9.853302155503718
29b24409,5587,13.756821410921399,12.890997637823855
29de15c8,3431,4.5857601721794286,5.05147619024872
2ab29395,1852,2.45945596628769,2.116035986863423
2ac7cb6b,4990,19.596293256603055,20.71504198685623
2acc78d4,4266,13.626234402591441,16.335400691417114
2b034622,5203,6.805621396093291,5.193025478550286
2b06ad65,4256,2.7463768040476424,2.634263752180177
2b547943,3480,12.241457142013665,15.617113504460635
2be5c96a,4210,3.6618588662445717,3.8061932148155995
2bff06cf,7624,28.427941006681795,24.879617376338512
2c0c4a4e,4790,8.04594018660484,5.905564315682463
2cee0cba,5500,10.665140786694133,13.24961693344902
2d0c268a,4550,14.874791132341558,15.56299934363036
2d179ded,7008,7.749754286132607,9.093654542964043
2d196986,6474,11.991317360702503,13.102654383754082
2d2d0c6b,5045,3.045945300727323,2.165194440733405
2d35f86d,4896,11.216196779664774,10.247717377766365
2d9f6cb9,7338,9.908706063856238,8.16172016686895
2ddad940,5331,7.645816438023014,7.386015503924658
2e29e833,5428,4.3076518266215045,4.5751643816934005
2e43c2ea,5698,7.487396669090343,8.525005281519984
2e63d9de,4699,13.77390817425645,11.525842507865503
2ee0235b,5556,6.80295371229703,6.320897928536632
2f19d536,3088,6.535598394413745,7.81200195578717
2f8e53c3,2594,3.293055138227308,2.596774938290153
2fa01aa6,2174,18.77741961251621,15.057820718602487
2fd68f7b,4730,60.74015262396321,61.73690518885492
2fe023be,4221,12.90931147808348,8.949570312492854
30d75030,3404,17.599318669377997,19.307675056250126
310c71a5,5245,8.843313479056066,8.25324034982893
32fe84c9,6408,22.250821979444407,16.36215856377621
33c40295,4169,8.700789781165115,9.86074069216871
3407f5bf,3638,21.29388267466182,18.868598186744983
3417285d,5449,34.42198868150785,34.79987311774444
347242c8,3595,2.242023016039388,2.111081293981368
353e5502,6062,5.639360585146688,6.464308456641285
357c12f9,4079,5.624420852755269,5.878257279633575
3584a6eb,4494,9.108318362664079,6.977975186397777
35b30c7f,9579,19.15158789297762,19.304640669790217
35b3ef6a,3904,26.045383636758544,17.161778062078323
367456ce,5569,12.622377103894497,7.462117681074129
368131f9,4991,20.875783169531438,18.486715872947048
368fe682,4936,13.878502686940966,12.388980929429986
3690a146,4073,7.130156510792888,6.059129687768288
37344c2a,5197,13.239300394199656,13.859207902762996
373ef48b,3509,5.207191387759596,5.116167647881383
374be387,9965,6.712762639770746,6.817505286443702
37d36812,4367,21.856313079076383,26.32539172628215
38991fd4,4798,14.86604108751415,14.542422031544527
389ae58f,6463,49.76304894845995,47.000422450049534
3932faa6,5452,13.157974615537267,13.512380724047915
398dce4b,3166,4.559718484677409,3.9498999022325982
39b51819,4231,3.160351282946552,2.7141447902280853
3a0af893,2927,18.6897660134781,19.252428915022936
3a223519,4583,9.401162306681243,6.852890925370098
3a7dd95d,3072,13.010388611275376,13.419007022647927
3a824aa7,4201,5.690131490731758,6.190332551052565
3a86fe8d,5118,11.634711217695367,8.54691648980747
3aaa2b30,4711,17.520232328990414,17.679543562616708
3ac16ad0,5649,8.880546118495223,8.03770046706872
3b21ea64,7376,8.368949948322665,8.298651944390048
3bbe1f5d,6918,10.572803005133604,6.231656814696702
3bfee975,3603,7.840543276658913,7.799650615972094
3c3dbcbc,5069,8.29349171896155,9.058382744569656
3d96d897,5659,3.6092906343486293,3.3228720838095023
3df4b19e,4988,8.67249047497302,8.675485966348786
3e011332,2723,17.42146062278745,17.92568884581587
3e678ea7,6858,10.229911981746914,10.18574087446167
3ef6372a,4727,6.229379944022544,6.70798744358674
3ef98781,3892,12.433878700657393,12.108298159463178
3f603129,5051,29.712176284154232,23.003272679192882
404c4384,911,3.6011694039210935,3.642825719132312
4121c517,3723,11.223238561279205,11.617065625722017
41fb0192,2973,3.5577103110362645,2.2125535264373677
42669188,4282,23.030677799344762,16.832230106980983
42c538a1,3279,26.18883109705342,20.384271157479876
43b06c70,4846,8.769342298126745,6.377838435482781
43c7f85a,5978,11.180370167514397,8.603805107220918
43e16325,3720,45.776662453735184,46.129713373993916
44441e54,4357,3.668929750345109,3.785755656486319
445af6c2,6041,29.954468486977532,29.093369733843335
4463446c,3256,18.86029305975226,14.769682811674494
44a94013,4903,23.26260921867206,20.935147481861634
45fb3e21,3649,25.15963005414619,26.966401400787763
460f859e,3336,20.01206991533264,20.233882356423933
4630ab92,3373,10.880550178687447,12.437316377311687
463c38f2,4460,6.316346789980795,6.0557920867171005
4654e7de,5373,5.262206132576318,5.015538366731495
466fc788,6197,16.96677982284487,14.527701777143239
46a301e9,8226,10.714122960128444,9.344189067725667
46a7190b,4215,13.31037471543342,10.107746024136175
46d24a09,4449,21.034427197140683,17.28546896297529
46d41ff6,7901,7.152719312990992,6.62956555570678
46dfcfca,3606,23.306915931867923,28.009844553554554
47222616,4406,12.72802806095558,17.294360897104823
47ee27ab,6397,7.811133847911845,7.562167656549941
481de5fc,5952,13.661013098019078,8.674585297595193
48c1f673,2917,18.480143096264484,18.13997982523077
4936af16,3991,5.12683088404085,6.8382590444865645
493b5b31,4671,20.806259253075513,23.352546097451256
49dbc14c,3872,5.472416193779096,6.6849868381303965
4a035ec2,2588,18.37817503927824,17.282358839299512
4a335117,5015,25.01473417971471,26.697931478270107
4a8ecc0b,5809,11.211904800768597,16.6749111491157
4b462989,3106,6.605024585467642,6.26444323463
4b831d20,7312,16.40332593479727,17.39512775988492
4c2208f5,5384,37.38188510729996,37.9479925405065
4c3168cf,4334,4.398564145674671,3.413626509951256
4c3df468,5392,20.730613836474724,17.21708671526917
4caa7289,5396,9.679853283039389,12.44529180205754
4cd1ac61,4489,14.744577751415134,18.04756888064664
4cecf7b3,6019,8.796914734080126,8.285571313126534
4ddde4c1,4472,4.584881244279585,4.346813216463805
4e050c92,3705,6.760683545123174,6.686599488642272
4ed93db6,4657,9.134304566059011,8.806596034960888
4f3eb9e9,4697,33.07892812639342,31.45031444870155
4f4ac5ce,5162,8.250612102027123,7.7885376040410375
4f4afcc6,5645,8.324204115356522,8.524080969480465
4f69febf,5460,14.941245790403045,11.916116232374184
4fbe9c06,6287,12.700621635010842,12.730917259891532
504c8b08,6367,20.6567768266876,17.884536334389168
511e1db0,3821,2.646655635093415,2.6763716625701752
512943b2,5029,4.032978673574936,4.46946407774985
5138a660,3559,5.4780109058052355,5.410460867118709
516088b7,6645,6.371603205164532,6.835591359795741
521a7819,5200,25.361861575542044,25.56959143106094
5254b6db,3274,7.293881229520888,7.295834428329292
529e88ca,3417,15.265625031718603,15.136264595678831
52f1e77a,4442,14.174880875648114,12.333811643108676
5305524b,4898,16.63490369332069,21.217236415270026
53134831,5126,17.343954276390388,17.843843298339227
5397ceb1,5255,9.25091584943266,9.022859676062353
53f23031,8550,10.66798407051043,8.936929392562254
543198e8,6503,20.51495618405221,20.000840012464298
54753541,4026,16.22277834812335,16.91122219887463
54a7e3c2,6155,11.037762426443331,10.856399092639547
5542c301,3591,5.501114137426537,6.869539638412079
5567d551,6889,10.289492216812466,9.608842297445062
55efee7f,4801,25.83515609352923,23.99863402930171
5663b2b7,4972,16.28409405856329,16.1487009249977
5693dde2,3488,6.95783505375875,6.610790473776384
56b00794,6065,29.944728017238926,25.73640486888498
57796579,5890,12.813078334954168,12.439428331083358
577eec7c,4539,18.875287599886814,17.828654296195616
57f05c51,4771,36.3244551404309,34.74236065562296
58850d2c,4995,14.887955622671049,11.822571968459089
58fa8486,4475,11.865701003853058,11.968074531168366
591cc951,4609,15.021994805073081,16.028691671282107
593876b6,4842,12.278386863654298,8.35312061058095
59f8b2e8,3747,6.235385931133263,8.515492445551162
5a1a8fd8,5260,13.165282167987698,11.33717883864316
5a5269a9,6513,5.863105043604518,6.37264982911469
5a5d1982,3894,7.106652935637849,7.303784611549312
5a63b5d1,6217,19.44924550712061,21.487483951050894
5aa03df7,4871,6.58601427636249,7.047812371546124
5aa403d0,3118,25.684478606280763,21.01875371187667
5aef5c6c,3121,10.926258823623487,9.185820894570751
5b7b6324,6564,17.673226229685234,19.817267204221096
5bd25f59,4210,4.338412715856817,6.8024627860382045
5beded95,3057,16.64432832796459,16.44198192576953
5cb483ac,3852,6.114075023717169,5.919337823466262
5cdd8dbc,4010,17.231660513857207,16.946280589228145
5d11dfb5,5895,9.758377072411292,9.740364436139204
5d7198fd,3368,13.36645546990557,13.254186783792711
5def1ce5,6443,8.052417616706911,8.448229810156253
5eae34a8,4904,7.397484649492449,6.655009021767764
5f4d2a52,5225,56.914917258531396,63.09436558500747
5f6756c5,5931,8.573813859683462,8.606536138527478
5f75f796,5562,9.239915906257119,13.139943525340703
5fb1c15f,2860,18.291082508578185,20.465532913859615
5fffa282,4201,5.318148657346763,4.624823088707859
60e37807,2699,20.874268055180604,23.455183625314326
61f27424,6220,2.8150009994687166,2.5869092196381893
62569ae3,3588,8.163464251076302,8.286922590564581
62a6f539,3693,7.864940463331049,8.009203175089247
633774dc,6233,14.212429924790966,11.708155994665315
63559d57,4069,5.894220519880757,6.931418852475222
647f2a41,3881,6.546227092935274,6.1263289897113955
65156b96,3221,6.076781706471203,5.054126359040015
653612bc,4605,2.8332405605306503,2.8682522111073414
656a067b,3051,14.667037832749068,13.771661228223868
65a5466a,4683,11.991020361693243,12.953504309541138
660d9546,4732,9.433757519583331,8.961268257951101
6767c111,6783,17.475154063370617,21.48307948477788
67847288,7429,11.461290028070946,18.50873628345518
67a8da4a,4911,14.48691836331104,17.025470348295038
684a6fc1,9818,24.030978453294004,21.381306191213945
698930d1,4741,10.389172214568049,10.143052221737323
699ea575,4120,10.392889600471305,8.962661887105716
69c1bdad,2714,9.789958199101882,9.621688563371775
69e41fa6,5772,5.861732687565972,4.920305625753882
6a0ff78e,6465,11.350827388917207,9.844235649433129
6a8fa194,3017,8.348329338921092,5.661766397553079
6ae68655,4204,5.259877371830794,4.909766166409067
6d1d74e1,5830,11.887571200184345,11.276046454702461
6d590e26,6096,8.629685403348205,10.422546968898818
6d6d93af,3595,32.195372520142506,30.534104763891214
6dbe4b60,4648,8.699464045404161,9.492184541903045
6e6d122c,5632,9.11700946941914,8.073653475198567
6e9ccd38,8282,12.23949279951463,12.844499990475304
6ea22614,5971,6.4753183432909225,8.055372378011981
6ede926a,4938,7.686767373145472,5.007604573465864
708caea9,6548,34.916458237909005,33.68037550630283
70925e23,5947,14.784803005082047,20.8285424975016
70e1788b,9285,7.159206283115686,5.938475090796013
71642c7d,4648,11.901230993511438,11.470842467180853
71ccf778,2698,5.388651839136806,4.4189770989717925
7224331b,6063,4.338260107312621,4.235164067407262
722cf0d8,5143,11.127293106426961,12.462489009018823
7256229b,5415,6.6453924693055635,8.96315900004966
726f3dc2,6723,6.931383638655225,7.378403095094654
7271dd80,4340,8.313957865645467,6.587939406308494
727a3a10,4397,12.36395803493887,11.150573092651468
729665c0,4263,8.662513145164612,10.850710632738679
729e9750,5919,8.825983755646552,7.547351790646073
729f4217,6195,16.25171177822061,17.27227700556098
72dd8501,5193,6.0720820352358595,6.304980601842177
73348914,4221,10.691729206195715,9.72762256280762
739a914f,5505,13.540022100878758,15.536535979692207
73b1447d,5670,13.404843871674935,14.250925915495145
74b6186b,3405,9.007196786463387,6.933889477767575
75c20ec7,5361,11.054465755153933,12.695716551003965
75cd5f11,4946,5.260066074409697,5.681580827773119
75d20a82,5067,17.230705080539593,17.069385227380074
76201745,4448,7.881811891978768,8.582702892806388
764072a5,2949,6.358306065218297,5.327327842327172
77b0d905,4174,13.048365351893997,14.856712134124642
77e4821c,5393,19.218605395377665,21.102043288429496
7850c72e,5497,12.350659981673207,9.997412269998652
78a4a386,5119,5.866186376682608,5.636104615938619
79507629,5302,12.57032003546627,12.120860519539136
796dbd4c,6248,4.867507118040292,4.86696461155869
7987f2f2,3705,12.030471815010397,12.22200709331666
7993a768,5487,8.94458476658435,7.005697396604884
7a5660b0,4998,13.453411559639392,11.971295099549835
7acda2df,3091,13.841227690699123,14.49478362860658
7b2c7b3c,2584,6.17273385674935,4.263830298606141
7b38844c,3749,7.388349907150671,7.418744699148576
7bb17b96,3922,17.009046194531738,18.707371155675375
7c607683,5328,16.864753655466934,13.179445298686998
7cbbd047,5121,12.532698729088267,12.556004112100185
7cd4bb31,6439,5.9143797077311655,7.9549651399737975
7d50373e,5122,14.288140886490114,10.823952182204328
7d57c75d,4405,14.198113996829493,16.057378842138736
7e208414,4226,6.381931414565357,4.8466559705086825
7e721392,6174,40.331826473951956,45.338468458490055
7ff89f8f,7337,14.155555516103233,17.4659922305945
8050c789,3077,7.786449457719408,7.177120070294715
807f0298,3747,8.853825493010934,9.228417433532591
811f52b3,4836,4.598301010999275,4.192486784842513
81bf5923,4543,31.31927935297995,31.96198401707153
81fc01c6,5909,15.007610097527794,13.126363860955054
8255c867,3589,25.379544413656888,25.13611168923629
82aab6d2,6140,16.359385167102737,16.025490372918867
82fcf37c,6014,6.562385974432521,5.58176108490552
833af382,3628,11.932419080398546,10.774904525157142
8382f4b6,4967,35.957613544757436,31.35958587259665
84633df4,4972,4.736172446701271,4.564483134214984
8478df29,4857,14.043024034272376,14.50753201733641
84815d5a,3647,18.796385252137515,19.70346188324777
84c3b497,5312,18.960394713110585,17.14822945456307
85380836,6618,14.16579981313258,16.479546288398303
8612b37f,5165,19.617069448970486,18.900921676064183
861e71df,4700,11.539564677986593,10.808324622490302
86454a6f,7964,70.26338513734783,73.05667359652514
8648abae,4244,6.857839767871924,6.216004872611857
865033f8,3557,5.940308678128904,5.845411630011606
87695469,7003,7.051593014629924,6.985344519136758
877ed19c,3708,3.961990141908008,3.231821099745852
87aa3730,5607,9.116484132166912,5.963665808250849
884ecb5f,6724,19.928910115404566,21.6971751761539
8902c3f6,4959,8.832044207317482,11.258596444374103
896d15b9,4279,29.78460727060298,28.536085956491597
8995c945,6724,17.049572930743697,12.11510813913759
89969c7a,4947,8.235332474787521,8.908846188617668
89f1085d,5994,27.630506752261244,29.24009752183864
89f36adf,5292,4.477972454313123,4.598913049991334
89fdb2f2,2031,1.6866180518953557,1.786929564310425
8a3da6d1,4593,9.412246097229765,11.276145672476707
8a89da23,3935,24.252456304947117,20.03893799888579
8a9c8932,4663,2.3969295087935425,2.519872571585247
8ac2f237,5319,16.45119897844976,15.494232133605218
8b12bab6,5234,15.811256392108719,16.700903627009602
8b5be31b,5672,14.42858472653754,15.103138657071089
8b95d6d1,1731,12.821591683060278,10.851770979265119
8b9d8326,6163,6.582552988433189,4.3320400376137105
8bb9c1e6,4546,5.877089429163017,5.816611719271924
8bda1a11,5981,12.860573075338545,13.03920848678293
8bfa881d,4089,24.907656478671402,22.874004847479146
8c167025,5368,12.842100494100917,15.098437785055484
8c8348e8,3888,6.541121071059431,4.567617763166855
8cc21f01,4044,5.692405675014437,6.319370837117622
8cc800b3,6576,13.894631430456734,13.523248619889609
8d5d46d7,5755,14.448678432466647,15.166889595839407
8d92cb49,3589,7.261615385751236,5.9122600504014295
8f201368,6349,31.179492905922075,35.872874986318635
90386ee4,3840,10.152954610245539,8.016449234517765
91abc4c7,5848,7.02683994774031,5.86408339893522
91b301ce,6570,35.315076932980844,34.51936010786844
91db7070,4073,40.80747690976154,40.85678397378032
925a7cd1,4517,4.612563792738408,2.985860014744413
9283ae69,3371,6.173284378497139,8.302608985766609
9298ad5b,3964,13.089984763550598,14.405383771541453
9314ff13,2748,5.189815774469084,6.312081171857534
93209a3d,4697,13.65809981076041,9.89082103603245
939d9c34,5101,15.729081869192102,14.470480922571202
93f5d2e6,3691,20.10571368100563,19.24075698217359
940a48d9,3963,10.06328128166555,8.240993851648533
940e709a,3348,4.6519560575408425,4.256627047309737
9426ec1e,2532,12.079413246018726,11.459971162298315
94467f50,3035,7.795325573109472,8.757415560148715
944f36b9,4630,6.513075857645095,5.072462534756363
94d813a4,4847,36.730942118502206,36.436684156906196
95b559e7,2887,20.38335913388356,20.430792188454156
95c8427f,6335,27.215687207592826,30.307690823089057
96936c22,3346,4.079825343764616,4.071317166320926
96ae5806,9839,8.450669041365172,5.383964662320032
96b7eea1,4332,12.405056848354107,8.085834666615892
9719aa04,4871,7.07656345543121,8.279619272391749
974802e7,5843,13.80511563998303,13.660583337597327
97cd5bf9,3449,9.273936692075774,10.112448422813593
98177ced,4772,5.779865915399804,6.359647231631143
9896fc0b,3595,15.814766850712997,16.960399299858086
98bc6f66,6063,17.645391862557158,14.176689544488504
992c99e8,4904,13.77905931963707,13.56732408805185
992ce078,2879,5.02484380821733,5.5488599170264905
99529c45,5840,21.675545088419643,15.250635322644767
995ff498,4526,8.343710199277547,8.746008079714722
999daf80,3564,5.121625403452367,4.463541713842961
9a6b0392,4255,6.974051133501153,7.84045602961282
9a8ae0d6,6294,5.937216688673599,5.611322752326698
9a95e33f,6447,32.28932813245856,27.950285162568004
9ab94eeb,4442,8.205724523051869,7.7825560057582885
9ad5410a,4205,8.784377249544983,6.4869618717190685
9ae248be,5271,8.107003944596206,5.905248191496864
9af1ffd0,3525,18.128053838502368,20.37094848634805
9b5b61c1,5532,5.429982209622746,5.8938397552464945
9b9e3b49,5118,7.923721572593473,8.959469267399992
9bd2bba3,7439,15.673287472863077,14.32868623799296
9c211c53,7265,6.466506541772609,6.316965157089732
9c350a6a,6052,17.397946606336834,14.408679933930014
9c8375f7,3674,5.917156069883692,5.293392264343814
9d072e4c,5107,9.990804668905984,9.015918319836803
9d3ec64c,3480,9.187876827833358,9.981368736200583
9d4272e3,4030,17.76831335353228,14.831710399534936
9d5e14d4,5400,28.543156532728414,23.791614360446417
9da441ba,5783,15.618529769468404,14.326660979472843
9dede370,6297,18.676124657054373,16.589812363239844
9def2eb2,6003,7.253592864593499,7.865829945341249
9df1b1f9,4701,12.592269852167446,8.986403442061643
9dfff011,4319,4.8459695911212535,6.159971470796521
9e3e364d,4290,4.097267023631261,4.701836521660943
9efc812e,4450,7.747022854046375,7.960988461959572
9f0c7bae,2542,7.898258335635161,8.25784373008607
9ffce529,5212,11.084878093703349,9.89852718051171
a0383629,5832,8.416225361246278,8.844268587870204
a056d01e,6557,8.584211201864289,9.034181972086945
a08d9e63,3685,21.46258569009769,18.47077795307493
a0b83014,5035,17.51843897699374,17.79141559634196
a0e92ed6,4897,8.114542367589692,8.042519599968784
a15bc102,3236,2.578928597930721,2.866474468765225
a247e7cf,5674,4.201165296490171,6.272994431469953
a2e8e7f6,4760,10.698430341162505,11.496641101280115
a3518960,4967,7.100675858286987,7.680983862609648
a3f71395,5543,15.089395383508826,18.145596653063425
a4719920,5884,7.205451003735877,5.780797885791177
a48640d9,4532,21.626612771414322,19.876944202834174
a4cdbb0f,5204,11.150021440885437,11.043495291951277
a4f989c2,5385,10.578786672639087,8.626473225967136
a5aa7973,4616,14.159778554983863,13.137360556471103
a5e6f7dc,5649,6.350818327780091,5.079683545932685
a612d5a0,5329,19.256901319606147,17.905935553701735
a622ce4d,6298,14.236097814848373,12.836498452200557
a645da9a,5153,8.951092580974047,8.625733044908387
a692b17e,3566,13.138061444708827,12.839369638571867
a6b8ac67,5453,10.875902281234387,8.98410485056846
a6ed2eff,5275,8.632582794631363,8.52640105533277
a6f967fb,4670,13.762814229045636,9.996481453009745
a76db406,4672,3.7043201708377427,8.376712937310124
a7744f5b,4377,13.084948643934053,9.425496140995241
a783cc24,1889,26.72523186448825,24.15761183639702
a79fd2e7,4404,12.374341369091132,12.473587726569976
a7fc3e6b,4764,18.149529358993682,16.53574481891149
a85bb86f,3099,7.873900707960967,5.79988142591619
a85e4bc3,4581,9.638478456190704,10.174903430601098
a87433c9,5721,9.580358514748033,13.677211741275702
a8ed028a,5538,19.044521110452333,16.09359509666081
a959858c,4404,65.35865899088088,68.05892399259115
a9c9b150,3986,1.1630317709118394,1.2457538885969137
aa95015b,4300,11.725050285011942,9.667175650687641
aaaf3c03,2997,15.079592231507316,13.421735160639633
aaeffccb,2712,4.756126793123975,4.672477624852301
ab112491,5185,28.204036984751497,28.296414976860934
ab18d3fc,5694,16.597890792722144,14.622307287263814
ab3ced07,4250,9.797524442428841,9.024448932107875
ab6fe95d,5491,6.6795806397720465,6.9394871561910305
ab94878e,6004,6.090270250340663,5.927292616335545
abf460d2,3217,8.350877150110843,8.113717939937684
ac6f01d5,5004,15.962529701035821,16.117898733468788
ad2133a8,5729,28.088198915386187,27.191994064430734
add9c322,3932,12.296784203800955,13.739487475780901
ae069086,4770,14.585517424947831,14.029615937730012
ae0784a8,7823,10.87737509844777,9.898333712006238
ae35f33a,4450,5.0951729458693835,4.753992791784328
ae8959c3,4518,19.76800976672305,19.12831936399811
aed44918,2719,9.488704385906805,12.284822581424429
aee6393a,5865,4.665683726709421,3.016961085037719
af7a59ce,3024,4.115059728297358,3.0522281287682644
aff4e561,6026,10.851934253065428,6.891081469468728
b04b58a3,3402,13.058667367524363,11.546328468659791
b0d42b0d,4971,19.797243019186585,24.41693935529715
b0f53bf4,2755,9.231328022549082,8.371028351704325
b19b0395,5813,10.045237735851847,13.418058137087824
b1efb8a4,5998,8.506706925766984,9.27226832447621
b32902c0,3808,5.155416417213564,5.294900265824364
b32e4903,5770,5.863958705383137,5.844785078313246
b3388334,6080,14.23010661853958,13.280901643526759
b37fd114,8161,24.97877020046922,19.560947753057242
b38e3116,6211,6.404438939196513,5.996482362390598
b4d8dd4f,4259,17.098418824477594,19.173177632887562
b4f37e6e,2992,14.94895263643877,13.119851419855744
b56bc0aa,5602,8.788528154094545,9.918504914654102
b585b4fa,4294,9.973817813617734,10.954822325554105
b5aa9634,7326,11.47866217552782,16.68341682617536
b7974e66,5558,6.972963992749996,5.552916219117931
b7cdcecb,6168,9.274351431311539,6.884973476251021
b7fea9ef,3866,11.148074644872509,9.608709092519105
b85f7b06,3803,3.569865119414346,3.8605877278005436
b881d27e,4009,18.785154458691416,18.950792631255172
b8c49c1a,4319,8.256954162110757,9.75002406042623
b95e7121,6306,3.4204599760598935,3.289488996474638
b977be4a,5917,18.57837175934225,18.31665608757287
ba48188d,4166,50.93720227649117,51.36699870633932
bb2cdd83,3825,3.017674077265869,3.2451668267999167
bb337fa0,6873,24.083821271230853,19.55047193976664
bb682ebd,4139,19.87022580202752,21.936542712293143
bc4381e2,4955,12.598370947658928,11.873133188135741
bcebcc5f,6258,24.241537215571864,21.525667090670723
bd2c2f34,9823,5.663541608648027,7.039505024027562
bd4ae5da,5006,14.052431666337634,13.810177835428162
bd6f0e19,5140,10.118149844909517,6.947411742135145
bd8f847e,4961,7.389741905257485,11.498076339736155
be063506,4500,9.685884513043288,13.393001554352107
be35c8f2,4226,4.674735185385168,5.152234675706222
be83e781,3221,3.1537973198868037,3.5188882197657647
beda8696,5912,9.819955216289504,9.011596508588985
bf39bc20,3303,8.401808199266226,10.095316899469669
bf70b410,6347,18.920279724233612,19.46643370746968
bffe3082,5723,16.598918029974968,18.72701367020215
c03b9305,4255,7.1171172090817905,6.595195772992477
c03d4aed,4641,12.583094329136486,14.436651609465489
c03fba65,3699,22.739971638302574,19.990398363926978
c07fd0cd,4191,4.052934357090802,4.383387104311961
c1708b88,6315,18.304767828554887,20.554170143205113
c1d046f4,5513,7.700112298091984,7.100258510959638
c2717d4f,4721,8.452559650622254,7.258113701855849
c2c4db09,6039,9.028322821306517,7.697346293530822
c2c6fc71,7119,11.767462410523247,14.116812806584512
c36625df,4742,8.003204999077816,10.661723765209564
c3957531,5316,12.518722274768233,12.436908700896184
c42fe306,5095,11.279308916635767,11.541121053226691
c43812e2,5527,7.016864008504025,6.086400621759667
c472c0b5,3054,8.28128095427446,6.124763678901673
c47e0767,4356,21.47720905393819,20.886270627523448
c50b42f6,6014,8.604265674370385,9.698531218390368
c593337f,5208,23.822334034025907,20.26121261656328
c59b6c4a,5499,20.952603428128082,25.131513901349894
c66be2b8,4154,22.226756512262092,19.66860045246243
c6797dd7,4664,5.82900989050451,6.177625517436089
c6b782a4,4877,12.807882966584375,11.81351423532993
c6c96179,4004,8.772647918302802,12.721799818264435
c70c0e01,4312,8.964901066736223,7.388028826521075
c84c65be,8496,9.738388019795911,9.609496509733068
c8d9680c,6281,42.77043899776709,43.73730622940488
c908edd0,5293,8.765028360555872,9.680059400554452
c9578d27,4487,10.306756368182521,9.599955709746084
c96c018a,6236,12.859960619036775,11.797918965238098
c99f9fae,6361,5.40523137400998,4.651687072791916
c9e6734f,4735,10.310371611471203,10.05647935390155
c9e980e8,4359,9.741734918381256,7.735446205178318
c9fedcf3,3517,7.471714606706554,9.163074538679862
cad13e8f,4848,17.022296131058066,17.824221508281255
cb34231f,5609,5.418906491757253,3.872394031298445
cb879f40,6315,8.79643766880234,8.934476323453534
cbb406b5,6328,11.364887497962812,12.10914093573172
cbe51de1,3963,15.022202061672788,17.69656904654978
cbe62450,6258,18.607063412926227,20.141138785776484
cc08aa63,3274,12.988941242217614,13.996097072005517
cc8a1d57,6638,27.55539015081038,27.801175642675144
ccedb12b,4401,10.609060511646556,10.703152691846423
cd7f1687,4232,10.573162838089827,10.647422852156991
cda7eb37,5973,10.042623008757838,9.133514825227575
cdc31d65,4840,7.482412321764383,7.716706993316685
cdc60a53,5878,8.315926094659538,8.03539939554888
ce55ba43,4104,14.30444944852245,13.487503128029047
ce8399b7,1615,3.363562739626084,1.7719041061976817
cf50c9d1,4858,31.56819712560828,29.824603800445658
d00e7eb9,5704,7.907003476643952,3.791583770987724
d011f41b,2267,10.86185548345431,11.293423644804784
d07aed8f,2957,5.402411556483793,4.8610843533956665
d085e611,6191,10.083729659420946,9.776567073482468
d0a0e7b5,3816,11.676903707262621,10.794481024281088
d0a43760,4041,4.249353040412356,5.531019617752974
d0cb63ae,5223,19.937391369771746,20.692271490944524
d114d9c2,6206,7.69852853923108,5.897277250030275
d1457cc5,6920,8.115732473647405,8.48260216488657
d1ecf309,6168,9.37828460834895,9.203183940617146
d1ee630d,6290,12.219780010195931,9.796964528882867
d217e0c5,3838,5.20363871867946,7.387943332887259
d24ff243,5641,3.584579952704873,4.221159521151671
d273674e,3899,3.400366201632784,4.12161136672139
d2f3b1ab,5581,17.357707330254247,17.269683526520236
d3df146b,5787,11.69933929625434,11.563331121665106
d40f61d5,4039,4.553018133859985,4.222769344564724
d41beaf2,4753,16.335502961206803,15.962003526961086
d463e527,4767,8.591154291112087,10.257989873378142
d4f60a28,4501,6.183126130423007,6.513756768579294
d50c649a,4873,6.81996221614117,5.286039734816606
d543916f,4799,10.200221672654065,6.8069062915750225
d5df0ff5,4032,16.351335751344372,16.051064748719174
d60430e6,2511,7.849172504180856,6.4352396155999685
d63196fe,4510,19.525114489586926,15.472387345034678
d6c320d9,5452,11.20598215508914,9.603105782308377
d6dd7330,6193,11.822832979899944,12.792570599748009
d7ba4f9d,6023,5.098116159708834,5.045671338543506
d7eb0be8,5401,32.82610912419109,31.134147249630686
d84b621b,3994,21.82037371732548,22.031875733603016
d90aa14c,10018,11.994352891576652,8.377065752189974
d924e971,3184,32.7702837302337,33.16727590452186
d9ae59b2,3648,5.0470807715641435,3.3087173918581474
d9d6d94d,4919,9.3857291463184,8.823262428838172
d9eca87b,6373,26.443315428754445,28.79509508016728
da2d4d7c,2114,3.5771941153487132,3.406741418547472
da3bfe4e,5549,30.20824343453741,31.096040569354063
da3cf798,5844,16.905110806271015,12.369691031535755
da940160,5132,11.224828130654686,10.28465013975355
dafc88c3,5572,6.877339398362787,4.193078404894176
dbee6c86,7369,4.395928954072107,4.325386610772165
dc5fbe29,5203,7.9201039214922035,7.111496386668121
dc7da28f,4774,10.223244436669471,8.467995284650344
dc7f9757,4360,9.810154572145091,11.587527226516409
dd168de0,3304,2.9913571830542716,3.118448146390183
dd64382d,3124,4.262126959206316,4.631206024559134
dd6bc5b2,3602,11.780956097388067,11.162138355750217
dd7d638e,4301,6.017680647613085,5.117202307851627
ddc790ff,4726,5.724817380990974,5.449663227820932
df71d1ff,6228,12.742621639442314,13.119767580814866
df73b8f3,5311,15.617554195793542,14.395879114460977
df8290be,3972,13.009724784668556,13.549996152826132
e0079ed1,3471,8.069511840769099,7.229746791064247
e03b45fd,5342,15.75182643192855,15.699219829388884
e0f36d98,4976,14.253156162438394,13.372236074671747
e149204f,6097,4.546152895643239,5.069952363238308
e14d641e,3184,6.820600870242808,8.717869175418311
e161bd0c,2949,4.33499689746737,4.649229657337112
e201fd6d,5070,16.371250707380042,13.796919853447442
e25f1537,3177,13.005049007414012,12.20731028770308
e2fc7745,3692,13.341394284804746,11.61556495298077
e32da4ec,4689,10.850139553093255,11.850250848783855
e3b34f5b,5455,10.347045761247115,11.080406780259253
e45a2a62,5007,19.872920518687707,22.26771295402515
e46f4ef4,7195,4.926550809338883,6.379322884781451
e4726608,4733,6.271487164710907,5.720531005097327
e5864244,4469,26.806032670999695,29.052641499116294
e5c92e59,4295,7.71135994039849,8.244496154804906
e5ff9fd2,2354,8.891230852152741,8.485705110481202
e6c55748,4472,9.397103554297912,12.480586877985317
e730c32b,4728,11.654671854511827,14.283283854856286
e737965a,5955,9.897022674368223,15.723323566808489
e748dd88,4812,4.989931749983482,4.995830408251873
e7818f7a,5371,6.312633342217896,6.435127676267186
e7c36e81,3531,7.349841849963589,4.246482063725769
e7d0c1de,4711,6.860255388151551,6.059726819910325
e85074c5,5675,11.347685731962262,7.363783599368124
e97032ad,3530,11.959144677460708,13.503693794109473
e9949a23,4559,11.580872171010277,10.911205946275944
ea0b99b7,9239,12.15975654126152,13.67336531265971
ea3a0e38,10052,9.232672132138228,10.197443572979545
ea41324e,5025,5.294230079936561,5.821958799438495
eabc711b,5348,11.698478022871637,10.519214456495764
eac10e86,6067,5.617579051148656,6.742148184026675
eafb863e,3568,13.457858083605023,11.01612633521667
eb06a4e7,4535,9.669099026629615,8.893407053466065
eb640a35,6037,9.969896905690025,10.113816189237719
eb934281,5971,3.1374200876783114,3.3962185496730997
eba6605e,4410,15.631712662756936,12.899973781837712
ebe69318,4976,4.825325809935079,4.806792350062764
ec0d597b,4616,16.44325138720608,10.703441937828128
ec13af42,5462,10.906432170405786,8.01894675553606
ecdab904,6147,16.918396989500764,16.09646869441038
ecdaf714,6592,15.351875762973165,14.861210279711997
ed6436d6,2945,1.6175417954726792,1.66938404570808
ed6e6e54,6048,11.951935194527213,12.839310496334432
edf885a3,3117,12.288723348140039,13.716002796249564
ee0300f7,4544,25.680311432467565,27.465811175032464
ee288beb,4638,27.522025330807587,26.907466096998057
ee4aecac,5265,10.778813139095936,6.117234898137164
eeda36f5,4797,5.470124457464137,3.4085547158066474
eeed308d,3899,9.69013148078532,12.885748176533685
ef04658e,4104,15.448044048107809,15.468348143764626
ef8e3ed0,5224,14.635089490374893,10.915141596812964
efde6ac3,4559,10.202375669006345,11.146320470258688
efe96181,4012,27.539517372291407,25.57494199342385
f0188a48,4170,6.015986492439641,6.061906139058731
f021b650,3739,6.684494210561717,6.593213818885498
f03f10fe,4145,9.378929872264584,8.69751351344587
f053a1b9,4108,10.028295659116962,9.702257266504336
f074d277,2453,12.187719616802815,13.11879029968023
f07d7037,5563,7.4960867974462735,6.02278987052806
f08774c3,3900,11.44575716149874,9.780055074036177
f140c2fa,4082,13.3161842942989,6.000293592435477
f16e25e3,4651,2.9647800324346743,2.534423689505502
f2d4c8c9,6249,4.229551942410153,3.263086414418966
f321a31c,5141,12.557281531880928,14.325278199658126
f40cd091,5166,7.728760684292187,6.9840657111613185
f439a621,2821,6.65613263851673,6.030419444000128
f49fdea3,5391,12.40626946494166,6.43195454142274
f4d12d23,3701,16.062842467413066,13.04122882428738
f56d3ace,5432,6.90314793936432,7.803975179506314
f5859199,5790,15.921573253079503,18.061220871137014
f5d8aab6,4444,15.698547978741031,19.35104479602053
f631da6e,4093,8.782664213746434,9.218741108683794
f6824bb0,5015,20.837423542758717,20.7353975447955
f6bc699b,3752,10.622157035929634,11.200614292796402
f6d009f4,6715,47.03924865295554,43.24838652319331
f72b268f,6404,12.93812397222547,14.923598562320464
f8662c22,5429,15.629207250700455,11.543741911407439
f88ddb26,4990,51.40308485650886,53.224013331647
f8afa78a,6032,14.720946843240096,18.774962780775574
f8f59188,4807,6.924261008500594,6.949156499580537
f9fc81aa,5598,8.639067487231838,10.25183766261605
fa16d114,5686,20.815118518803075,22.64336191853003
fa31da94,5027,5.188297076747949,4.498748919070389
fa667be2,7296,8.802015991385062,6.151359547970612
fae0c593,4403,10.97095627674098,11.138091963344209
fb03ae90,6431,42.88755217158539,42.553927001973925
fb0904bd,3181,1.7987576836953807,1.836447398608354
fb3848a1,5919,9.958923975567506,5.270061352535684
fb73b13a,5640,9.977934385041513,10.903610551629038
fba7683c,407,2.555309739035002,2.2613087303477037
fbd68d27,6829,22.09543667740266,22.169500948315488
fc03f21f,4803,12.90913373270699,12.01176627131863
fc0d20b2,3954,11.932087953866953,12.512433081550915
fcfcc902,2791,8.80765155445474,6.076056900859573
fd3b4faa,5022,7.446926041471426,7.369385187201198
fd710aea,4217,7.203999750290396,5.661660006312957
fd8f77fa,5272,27.415343744152285,23.155283332163908
fde20ecf,4667,16.31905728866344,13.05162286731068
fdfd57da,5236,4.29522046585047,7.647074616720076
febb4411,4247,13.027667980552959,12.121447077875356
fef8af96,3826,44.55173272632465,42.973054711974676
ff0aea78,3261,30.697786830378174,27.358744525186978
ff8bb73a,5927,9.861864748200674,10.569360991134056
ffefef30,4570,7.035568765607176,8.233104913043684
