well_id,fold,TVT_true,TVT_pred_geom,geology_class,error_sq,is_broken_pf
000d7d20,0,11236.02,12192.7,ULEF THL,915236.6224000006,False
015fe0d2,0,11747.26,12213.699999999999,UL_TGT,217566.2735999988,False
01869cd4,0,11358.27,10763.350000000002,UTGT,353929.8063999979,False
03a935ae,0,12192.18,12213.699999999999,UL_TGT,463.1103999999405,False
0498acab,0,10650.9,12180.2,EGFD400,2338758.4900000035,False
06df5958,0,10768.09,12261.699999999999,LL_TGT,2230870.8320999965,False
09ec2ca9,0,10243.31,12208.7,EGFD300b,3862757.852100005,False
10b89021,0,11311.08,12261.699999999999,LL_TGT,903678.3843999981,False
11d0f5ac,0,10396.33,12257.2,EGFD100,3462837.156900003,False
12203f2a,0,11224.52,12217.950000000003,ULEF TGT,986903.1649000042,False
13ce113d,0,10284.0,10951.450000000004,LL THL,445489.5025000058,False
15e154a1,0,10222.41,12232.200000000003,EGFD300c,4039255.844100011,False
1b08ed48,0,11543.46,11175.667311338904,ANCC,135271.46183255708,False
1b1eba53,0,11793.02,11423.827022900763,LBHL,136303.45433939804,True
1beca81d,0,10759.05,10775.850000000002,UBHL,282.2400000000978,False
203721ab,0,10622.67,10745.600000000002,UTHL,15111.784900000519,False
264feceb,0,10435.77,12217.950000000003,ULEF TGT,3176165.5524000074,False
28f4eda9,0,10544.87,12227.2,ULEF BHL,2830234.2289,False
29b24409,0,10464.39,12217.950000000003,ULEF TGT,3074972.673600011,False
2b06ad65,0,11448.94,11949.7,UEGFD TGT,250760.57760000022,False
2cee0cba,0,10463.67,12213.699999999999,UL_TGT,3062605.000899996,False
2ee0235b,0,10454.83,11139.875294748126,LTHL,469287.0558565472,False
2f19d536,0,11732.93,10951.450000000004,LL THL,610710.9903999936,False
3417285d,0,11137.85,11499.366710981738,EGFDU,130694.33231905317,False
3584a6eb,0,11463.46,12192.7,ULEF THL,531790.9776000023,False
368fe682,0,10753.59,12246.200000000003,LLEF THL,2227884.612100007,False
3690a146,0,10396.56,12217.950000000003,ULEF TGT,3317461.532100011,False
373ef48b,0,10628.490000000002,12265.700000000003,LLEF TGT,2680456.584100003,False
39b51819,0,10266.91,12246.200000000003,LLEF THL,3917588.9041000106,False
3a223519,0,11877.58,10833.040000000005,AC_UEF_TRGT,1091063.8115999904,False
3a7dd95d,0,11452.31,12180.2,EGFD400,529823.8521000018,False
3a86fe8d,0,10905.0,12180.2,EGFD400,1626135.040000002,False
3b21ea64,0,11704.75,11390.3777168891,ASTNL,98829.93238836034,False
3bfee975,0,11697.41,11499.366710981738,EGFDU,39221.144325170826,False
3c3dbcbc,0,11181.39,12227.2,ULEF BHL,1093718.5561000027,False
3ef98781,0,11493.91,11949.7,UEGFD TGT,207744.5241000008,False
4121c517,0,10078.56,12236.95,EGFD200,4658647.392100005,False
41fb0192,0,12136.78,11499.366710981738,EGFDU,406295.70101707935,False
43c7f85a,0,10419.02,12208.7,EGFD300b,3202954.502400001,False
4654e7de,0,10620.98,10745.600000000002,UTHL,15530.144400000652,False
46d41ff6,0,11682.29,12192.7,ULEF THL,260518.36809999985,False
481de5fc,0,11278.79,11423.827022900763,LBHL,21035.738011916208,False
48c1f673,0,9975.04,10833.040000000005,AC_UEF_TRGT,736164.0000000063,False
49dbc14c,0,10727.95,12208.7,EGFD300b,2192620.5625,False
4cecf7b3,0,11504.09,11423.827022900763,LBHL,6442.14549283266,False
504c8b08,0,10386.37,10942.779999999999,Clay Rich Interval,309592.08809999784,False
5254b6db,0,11232.21,12202.450000000004,EGFD300,941365.6576000102,False
5397ceb1,0,10842.46,10951.450000000004,LL THL,11878.820100001141,False
53f23031,0,10693.22,12217.950000000003,ULEF TGT,2324801.57290001,False
543198e8,0,10152.62,11174.43615497984,ASTNU,1044108.2545777819,True
54753541,0,10269.13,12217.950000000003,ULEF TGT,3797899.392400013,True
58850d2c,0,11727.36,12236.95,EGFD200,259681.96810000014,False
58fa8486,0,11268.94,12213.699999999999,UL_TGT,892571.4575999969,False
593876b6,0,10840.83,10864.716230620157,UPSN,570.5520132393364,False
5cdd8dbc,0,10484.9,10942.779999999999,Clay Rich Interval,209654.09439999927,False
61f27424,0,11031.88,12289.449999999995,LLEF BHL,1581482.30489999,False
65156b96,0,10227.04,10833.040000000005,AC_UEF_TRGT,367236.0000000044,False
6767c111,0,10354.84,12208.7,EGFD300b,3436796.899600002,False
699ea575,0,11536.42,10763.350000000002,UTGT,597637.2248999968,False
69e41fa6,0,11563.78,11499.366710981738,EGFDU,4149.071802150246,False
6d1d74e1,0,10528.14,12208.7,EGFD300b,2824281.9136000043,True
71ccf778,0,11110.77,12213.699999999999,UL_TGT,1216454.5848999966,False
7224331b,0,11644.240000000002,11640.886941754372,EGFDL,11.242999598585016,False
739a914f,0,10480.320000000002,12244.199999999997,LL_THL,3111272.6543999845,False
74b6186b,0,9994.59,12192.7,ULEF THL,4831687.572100002,False
75c20ec7,0,11359.35,12246.200000000003,LLEF THL,786502.9225000038,False
7993a768,0,11439.17,11499.366710981738,EGFDU,3623.6440130188785,False
7cd4bb31,0,10673.67,10745.600000000002,UTHL,5173.924900000304,False
7d57c75d,0,10083.46,12136.7,EGFD_IPT,4215794.497600007,False
7ff89f8f,0,9631.19,12257.2,EGFD100,6895928.520100001,False
82aab6d2,0,11383.03,12265.700000000003,LLEF TGT,779106.3289000033,False
833af382,0,10404.69,10942.779999999999,Clay Rich Interval,289540.8480999982,False
85380836,0,10580.45,12180.2,EGFD400,2559200.0625,False
8612b37f,0,11245.64,12227.2,ULEF BHL,963460.0336000025,True
861e71df,0,10495.53,12236.95,EGFD200,3032543.6164,False
87695469,0,9267.54,12289.449999999995,LLEF BHL,9131940.048099967,False
884ecb5f,0,10636.75,12217.950000000003,ULEF TGT,2500193.440000008,False
8ac2f237,0,10821.26,12192.7,ULEF THL,1880847.6736000015,False
8b95d6d1,0,10271.92,12180.2,EGFD400,3641532.5584000023,False
8bb9c1e6,0,10410.240000000002,12180.2,EGFD400,3132758.4015999967,False
8bda1a11,0,10403.95,12227.2,ULEF BHL,3324240.5625,False
8bfa881d,0,11432.56,10763.350000000002,UTGT,447842.0240999964,False
8d92cb49,0,10980.53,12246.200000000003,LLEF THL,1601920.5489000047,False
9298ad5b,0,10404.11,12208.7,EGFD300b,3256545.0681000007,False
93209a3d,0,11292.53,12227.2,ULEF BHL,873608.0089000001,False
940a48d9,0,10090.53,12180.2,EGFD400,4366720.7089,False
992c99e8,0,10562.42,12227.699999999995,UL_BHL,2773157.478399984,False
995ff498,0,10570.18,11139.875294748126,LTHL,324552.72885815403,False
9ab94eeb,0,10143.36,12217.950000000003,ULEF TGT,4303923.668100008,False
9ad5410a,0,11431.34,12227.2,ULEF BHL,633393.1396000009,False
9d5e14d4,0,10236.03,12246.200000000003,LLEF THL,4040783.4289000076,False
a056d01e,0,10982.63,12213.699999999999,UL_TGT,1515533.3448999992,False
a08d9e63,0,10407.4,12136.7,EGFD_IPT,2990478.490000004,False
a4719920,0,10885.18,12257.2,EGFD100,1882438.8804000013,False
a48640d9,0,11718.31,10951.450000000004,LL THL,588074.2595999925,False
a85e4bc3,0,9545.96,12257.2,EGFD100,7350822.337600009,False
a87433c9,0,11066.45,10833.040000000005,AC_UEF_TRGT,54480.22809999823,False
ab112491,0,11287.43,12227.699999999995,UL_BHL,884107.6728999906,True
aed44918,0,12440.89,12213.699999999999,UL_TGT,51615.29610000023,False
b04b58a3,0,10126.66,12265.700000000003,LLEF TGT,4575492.121600011,False
b0d42b0d,0,10592.89,10775.850000000002,UBHL,33474.361600001015,False
b19b0395,0,10688.87,12217.950000000003,ULEF TGT,2338085.6464000056,False
b4d8dd4f,0,10426.98,11863.039744015172,MNSS,2062267.5883809223,False
b56bc0aa,0,10342.5,10942.779999999999,Clay Rich Interval,360336.0783999986,False
b585b4fa,0,10467.34,12261.699999999999,LL_TGT,3219727.8095999956,False
b85f7b06,0,10808.79,12213.699999999999,UL_TGT,1973772.1080999945,False
bc4381e2,0,11207.21,12289.449999999995,LLEF BHL,1171243.4175999917,False
c03d4aed,0,12081.06,10745.600000000002,UTHL,1783453.4115999928,False
c03fba65,0,9869.12,12246.200000000003,LLEF THL,5650509.326400008,False
c07fd0cd,0,11720.08,11961.45,UEGFD BHL,58259.47690000039,False
c47e0767,0,11420.88,11172.974129353233,LTGT,61457.32070113099,False
c6b782a4,0,10339.06,12217.950000000003,ULEF TGT,3530227.6321000117,False
c70c0e01,0,11840.490000000002,11423.827022900763,LBHL,173608.0364852006,False
c84c65be,0,9282.34,10775.850000000002,UBHL,2230572.120100006,False
c8d9680c,0,10862.15,10951.450000000004,LL THL,7974.490000000845,False
c96c018a,0,10746.65,12192.7,ULEF THL,2091060.602500003,False
c9e980e8,0,10432.08,10864.716230620157,UPSN,187174.10804521787,False
cad13e8f,0,11700.96,10833.040000000005,AC_UEF_TRGT,753285.1263999906,False
cb879f40,0,10250.77,10833.040000000005,AC_UEF_TRGT,339038.3529000048,False
ccedb12b,0,11862.27,12246.200000000003,LLEF THL,147402.24490000162,False
ce8399b7,0,10237.27,12193.949999999999,UL_THL,3828596.622399994,False
d114d9c2,0,10480.17,12236.95,EGFD200,3086275.9684000025,False
d1ecf309,0,10126.34,12208.7,EGFD300b,4336223.1696000025,False
d1ee630d,0,10724.85,12192.7,ULEF THL,2154583.622500001,False
d24ff243,0,10601.13,12213.699999999999,UL_TGT,2600382.004899999,False
d273674e,0,10893.09,11499.366710981738,EGFDU,367571.4502788336,False
d41beaf2,0,10417.62,12136.7,EGFD_IPT,2955236.0464,False
d463e527,0,11083.05,12217.950000000003,ULEF TGT,1287998.0100000075,False
d60430e6,0,10516.27,12213.699999999999,UL_TGT,2881268.604899995,False
d924e971,0,11040.19,10951.450000000004,LL THL,7874.787599999316,True
d9eca87b,0,10254.4,12227.2,ULEF BHL,3891939.8400000045,False
da940160,0,10510.13,12193.949999999999,UL_THL,2835249.792399999,False
dc5fbe29,0,11281.4,12246.200000000003,LLEF THL,930839.0400000056,False
dd168de0,0,10280.1,10763.350000000002,UTGT,233530.56250000175,False
ddc790ff,0,10425.67,12136.7,EGFD_IPT,2927623.6609000023,False
df73b8f3,0,11782.7,12180.2,EGFD400,158006.25,False
e201fd6d,0,11716.740000000002,10864.716230620157,UPSN,725944.5035882384,False
e32da4ec,0,11512.7,10745.600000000002,UTHL,588442.4099999978,False
e46f4ef4,0,11747.76,12192.7,ULEF THL,197971.60360000044,False
e4726608,0,11393.41,11949.7,UEGFD TGT,309458.56410000095,False
e5864244,0,11998.03,12217.950000000003,ULEF TGT,48364.80640000083,False
ea3a0e38,0,10236.11,11640.886941754372,EGFDL,1973398.2560847644,False
eafb863e,0,10429.52,10942.779999999999,Clay Rich Interval,263435.82759999833,False
ebe69318,0,10294.6,12217.950000000003,ULEF TGT,3699275.2225000085,False
edf885a3,0,11492.490000000002,12232.200000000003,EGFD300c,547170.8841000014,False
ee288beb,0,10411.87,11095.870528731994,OLMOS,467856.72330564563,False
ef8e3ed0,0,11625.59,10951.450000000004,LL THL,454464.7395999943,False
f03f10fe,0,10596.12,12261.699999999999,LL_TGT,2774156.7363999938,False
f074d277,0,11450.22,12213.699999999999,UL_TGT,582901.7103999993,False
f6bc699b,0,10243.69,12213.699999999999,UL_TGT,3880939.4000999937,False
f8afa78a,0,10493.19,12227.2,ULEF BHL,3006790.680100001,False
fb3848a1,0,10037.93,10775.850000000002,UBHL,544525.9264000028,False
fc03f21f,0,11010.43,12236.95,EGFD200,1504351.310400001,False
fd3b4faa,0,10463.490000000002,10951.450000000004,LL THL,238104.9616000027,False
fd710aea,0,11426.95,12289.449999999995,LLEF BHL,743906.2499999906,False
0390d174,1,10114.85,11604.994955853237,BUDA,2220531.989454845,False
044af7d1,1,11313.18,12236.95,EGFD200,853351.0129000008,False
052d64df,1,10522.89,11151.463450493166,ANCC,395104.58266488474,False
0be01c24,1,10548.98,12261.700000000003,LL_TGT,2933409.7984000104,False
137d1e44,1,11887.070000000002,12180.2,EGFD400,85925.19689999953,True
14a53cb3,1,10384.42,11822.642329207922,MNSS,2068483.4682322592,False
1619e2ca,1,10777.41,11361.096237772763,LBHL,340689.6241653224,False
19fb4f7b,1,11663.9,12261.700000000003,LL_TGT,357364.84000000346,False
1a518997,1,10429.25,12286.2,LL_BHL,3448263.3025000026,False
1aaf1da0,1,11158.88,12193.95,UL_THL,1071369.9049000032,False
201661b5,1,11048.2,10745.6,UTHL,91566.76000000021,False
206b6193,1,10719.490000000002,12213.699999999997,UL_TGT,2232663.5240999865,True
22c5f93f,1,11045.070000000002,12208.7,EGFD300b,1354034.776899998,False
276b012a,1,11965.77,11934.699999999999,UEGFD THL,965.344900000095,False
2ab29395,1,11853.56,12246.200000000003,LLEF THL,154166.1696000024,False
2b034622,1,9467.05,10775.850000000004,UBHL,1712957.4400000123,False
2d179ded,1,9719.41,10745.6,UTHL,1053065.916100001,False
2d35f86d,1,11191.34,12208.7,EGFD300b,1035021.3696000011,True
2d9f6cb9,1,12200.01,11151.463450493166,ANCC,1099449.866482689,False
2ddad940,1,11108.76,12213.699999999997,UL_TGT,1220892.403599993,False
2e63d9de,1,11743.54,12202.450000000004,EGFD300,210598.3881000032,False
2f8e53c3,1,11409.78,11482.445233742585,EGFDU,5280.236194864361,False
2fe023be,1,10566.3,12257.2,EGFD100,2859142.8100000047,False
30d75030,1,10310.21,12232.200000000003,EGFD300c,3694045.560100013,False
310c71a5,1,10401.06,12217.950000000003,ULEF TGT,3301089.272100011,False
3407f5bf,1,10393.87,11150.88304036354,ASTNU,573068.7432804498,False
368131f9,1,11387.7,12227.2,ULEF BHL,704760.25,True
37d36812,1,11502.47,12213.699999999997,UL_TGT,505848.1128999968,False
3ac16ad0,1,10184.63,12227.2,ULEF BHL,4172092.2049000063,False
3df4b19e,1,10634.740000000002,11003.15046968403,UPSN,135726.2741728059,False
3ef6372a,1,10548.11,11627.55025731281,EGFDL,1165191.2691075455,False
3f603129,1,10462.52,12208.7,EGFD300b,3049144.592400001,False
42669188,1,10807.0,11377.051926453318,ASTNL,324959.1988531388,False
42c538a1,1,10836.87,12246.200000000003,LLEF THL,1986211.048900005,False
43b06c70,1,11120.93,12236.95,EGFD200,1245500.640400001,False
46a301e9,1,10257.71,10818.040000000003,AC_UEF_BHL,313969.708900004,False
46d24a09,1,12162.28,11361.096237772763,LBHL,641895.4208565912,False
4a8ecc0b,1,11016.75,12227.2,ULEF BHL,1465189.2025000018,False
4ed93db6,1,10496.88,12193.95,UL_THL,2880046.5849000053,False
4f69febf,1,9828.42,12208.7,EGFD300b,5665732.878400004,False
4fbe9c06,1,10473.18,12217.950000000003,ULEF TGT,3044222.3529000077,False
511e1db0,1,10488.73,12202.450000000004,EGFD300,2936836.2384000164,False
529e88ca,1,10155.92,11132.146767906142,OLMOS,953018.7023764732,True
54a7e3c2,1,10519.92,12208.7,EGFD300b,2851977.8884000024,False
5693dde2,1,11757.19,12261.700000000003,LL_TGT,254530.34010000207,False
56b00794,1,10585.55,11114.436593785964,LTGT,279721.0290865199,False
577eec7c,1,9425.83,10745.6,UTHL,1741792.8529000012,False
57f05c51,1,11799.51,11961.449999999999,UEGFD BHL,26224.563599999576,True
591cc951,1,10344.490000000002,10745.6,UTHL,160889.232099999,False
5a5269a9,1,10838.75,12213.699999999997,UL_TGT,1890487.502499992,False
5a63b5d1,1,10757.03,10745.6,UTHL,130.64490000000666,False
5aa403d0,1,10307.01,12286.2,LL_BHL,3917193.056100002,True
5cb483ac,1,11524.570000000002,12232.200000000003,EGFD300c,500740.21690000145,False
5d11dfb5,1,11395.990000000002,12232.200000000003,EGFD300c,699247.1641000016,False
5eae34a8,1,10182.15,12180.2,EGFD400,3992203.8025000044,False
5f75f796,1,11912.48,12261.700000000003,LL_TGT,121954.60840000208,False
5fb1c15f,1,10209.59,11082.559032576506,LTHL,762074.9318375606,False
5fffa282,1,10528.54,12232.200000000003,EGFD300c,2902457.3956000055,False
65a5466a,1,10328.45,11482.445233742585,EGFDU,1331704.9995006009,False
698930d1,1,10188.19,11132.146767906142,OLMOS,891054.37967581,False
6ae68655,1,11387.98,11949.699999999999,UEGFD TGT,315529.35839999927,False
6d6d93af,1,10941.95,12265.700000000003,LLEF TGT,1752314.062500005,False
6ede926a,1,10540.38,11082.559032576506,LTHL,293958.1033655969,False
7271dd80,1,10108.45,12192.7,ULEF THL,4344098.0625,False
729e9750,1,10401.990000000002,12227.2,ULEF BHL,3331391.544099997,False
73b1447d,1,11412.63,12213.699999999997,UL_TGT,641713.1448999966,False
77e4821c,1,10687.02,11132.146767906142,OLMOS,198137.83950656845,False
7850c72e,1,11817.75,12227.699999999997,UL_BHL,168059.00249999762,True
78a4a386,1,11221.54,10818.040000000003,AC_UEF_BHL,162812.24999999854,False
7987f2f2,1,11340.93,11361.096237772763,LBHL,406.67714590759476,True
7b2c7b3c,1,10882.28,12246.200000000003,LLEF THL,1860277.7664000052,False
7bb17b96,1,11548.43,12232.200000000003,EGFD300c,467541.4129000031,False
7e208414,1,11526.62,12232.200000000003,EGFD300c,497843.13640000246,False
807f0298,1,10413.4,12208.7,EGFD300b,3223102.090000004,False
8255c867,1,10267.36,10942.78,Clay Rich Interval,456192.1764000001,False
84c3b497,1,10984.68,11482.445233742585,EGFDU,247770.2279228096,True
877ed19c,1,10578.88,11627.55025731281,EGFDL,1099709.308572518,False
87aa3730,1,10624.09,10745.6,UTHL,14764.680100000052,False
896d15b9,1,11475.54,12217.950000000003,ULEF TGT,551172.6081000025,False
89969c7a,1,10014.97,12213.699999999997,UL_TGT,4834413.61289999,False
8a89da23,1,10562.97,11361.096237772763,LBHL,637005.4914213058,False
8b12bab6,1,10990.06,12227.2,ULEF BHL,1530515.3796000031,False
8b9d8326,1,11565.53,11627.55025731281,EGFDL,3846.512317147152,False
8c8348e8,1,11832.05,10833.040000000003,AC_UEF_TRGT,998020.9800999932,False
90386ee4,1,10668.2,10745.6,UTHL,5990.759999999944,False
91db7070,1,11409.990000000002,12246.200000000003,LLEF THL,699247.1641000016,True
93f5d2e6,1,10515.2,11482.445233742585,EGFDU,935563.3421977457,True
95b559e7,1,11180.13,11949.699999999999,UEGFD TGT,592237.9848999996,False
95c8427f,1,10401.13,10942.78,Clay Rich Interval,293384.7225000016,False
9719aa04,1,10157.78,12236.95,EGFD200,4322947.888900001,False
99529c45,1,10370.73,12232.200000000003,EGFD300c,3465070.560900011,False
9ae248be,1,12348.87,12217.950000000003,ULEF TGT,17140.046399999545,False
9b5b61c1,1,10360.52,11132.146767906142,OLMOS,595407.8689492792,False
9d072e4c,1,11464.27,12246.200000000003,LLEF THL,611414.5249000033,False
9da441ba,1,10902.89,12202.450000000004,EGFD300,1688856.193600013,False
9df1b1f9,1,11130.28,12246.200000000003,LLEF THL,1245277.4464000042,False
9dfff011,1,10494.89,12232.200000000003,EGFD300c,3018246.036100011,False
a3518960,1,11054.62,10848.035,AC_UEF_THL,42677.36222500039,False
a3f71395,1,12223.17,11150.88304036354,ASTNU,1149799.323806403,False
a612d5a0,1,10418.89,12208.7,EGFD300b,3203419.8361000046,False
a692b17e,1,10341.820000000002,12217.950000000003,ULEF TGT,3519863.7769000037,False
a85bb86f,1,10244.93,12208.7,EGFD300b,3856392.612900002,False
a9c9b150,1,10329.26,12208.7,EGFD300b,3532294.7136000018,False
aa95015b,1,10745.820000000002,12192.7,ULEF THL,2093461.7343999976,False
aaeffccb,1,11325.46,12246.200000000003,LLEF THL,847762.1476000063,False
ab94878e,1,10366.15,12232.200000000003,EGFD300c,3482142.6025000107,False
abf460d2,1,11510.05,11961.449999999999,UEGFD BHL,203761.95999999967,False
ae0784a8,1,11656.21,12213.699999999997,UL_TGT,310795.1000999977,False
aee6393a,1,10636.68,12261.700000000003,LL_TGT,2640690.0004000072,False
b38e3116,1,11227.96,11003.15046968403,UPSN,50539.32492088695,False
b4f37e6e,1,10663.17,11822.642329207922,MNSS,1344376.082198843,False
bb337fa0,1,10890.14,12257.2,EGFD100,1868853.0436000035,False
bb682ebd,1,10146.72,12208.7,EGFD300b,4251761.520400005,True
bcebcc5f,1,10224.240000000002,11627.55025731281,EGFDL,1969279.6782793421,False
bd6f0e19,1,10600.15,11627.55025731281,EGFDL,1055551.2887264302,False
bf39bc20,1,10549.51,10942.78,Clay Rich Interval,154661.29290000035,False
bffe3082,1,11333.81,12227.2,ULEF BHL,798145.6921000022,False
c2c4db09,1,10694.97,12202.450000000004,EGFD300,2272495.9504000153,False
c472c0b5,1,9903.66,11949.699999999999,UEGFD TGT,4186279.681599996,False
c50b42f6,1,10079.12,12208.7,EGFD300b,4535110.9764,False
c9fedcf3,1,11380.570000000002,12257.2,EGFD100,768480.1568999985,False
cbb406b5,1,10537.64,12232.200000000003,EGFD300c,2871533.5936000105,False
cbe62450,1,10234.65,10833.040000000003,AC_UEF_TRGT,358070.5921000037,False
d00e7eb9,1,10170.78,12192.7,ULEF THL,4088160.4864000003,False
d07aed8f,1,11578.27,11377.051926453318,ASTNL,40488.71312183821,False
d2f3b1ab,1,10630.570000000002,12217.950000000003,ULEF TGT,2519775.264400003,False
d40f61d5,1,10422.13,12217.950000000003,ULEF TGT,3224969.472400012,False
d63196fe,1,11455.92,12232.200000000003,EGFD300c,602610.6384000039,False
d6c320d9,1,10626.13,12217.950000000003,ULEF TGT,2533890.9124000105,False
d84b621b,1,10433.4,12217.950000000003,ULEF TGT,3184618.7025000104,False
d90aa14c,1,10112.570000000002,10763.350000000002,UTGT,423514.60840000084,False
e6c55748,1,10595.66,11150.88304036354,ASTNU,308272.62455053354,False
e737965a,1,10279.76,12180.2,EGFD400,3611672.1936000017,False
ea0b99b7,1,11851.88,11151.463450493166,ANCC,490583.34282305883,False
ecdaf714,1,10301.070000000002,11150.88304036354,ASTNU,722182.2035719214,False
ed6e6e54,1,11554.64,10848.035,AC_UEF_THL,499290.62602499936,False
eeda36f5,1,12367.58,12232.200000000003,EGFD300c,18327.74439999929,False
f053a1b9,1,11469.13,12213.699999999997,UL_TGT,554384.4848999969,False
f16e25e3,1,10113.76,12232.200000000003,EGFD300c,4487788.03360001,False
f40cd091,1,11338.92,12227.2,ULEF BHL,789041.3584000012,False
f49fdea3,1,11348.39,10745.6,UTHL,363355.7840999989,False
f631da6e,1,10578.87,12227.2,ULEF BHL,2716991.7888999996,False
f6824bb0,1,10310.14,12217.950000000003,ULEF TGT,3639738.9961000117,False
f6d009f4,1,10009.81,10942.78,Clay Rich Interval,870433.0209000022,True
f72b268f,1,10412.54,12208.7,EGFD300b,3226190.7455999996,False
f8662c22,1,11178.31,12232.200000000003,EGFD300c,1110684.1321000063,False
fa31da94,1,11428.36,12257.2,EGFD100,686975.7456000003,False
fa667be2,1,12080.09,10745.6,UTHL,1780863.5600999994,False
fae0c593,1,10069.95,12244.2,LL_THL,4727363.0625,False
fb03ae90,1,10671.570000000002,11150.88304036354,ASTNU,229740.99066253926,True
fb0904bd,1,10146.03,12246.200000000003,LLEF THL,4410714.028900008,False
fba7683c,1,10978.94,12193.95,UL_THL,1476249.3001000006,False
febb4411,1,11695.84,11482.445233742585,EGFDU,45537.32626605701,False
ff0aea78,1,10974.36,12232.200000000003,EGFD300c,1582161.465600005,False
ffefef30,1,11987.96,12265.700000000003,LLEF TGT,77139.5076000019,False
00bbac68,2,11406.63,12213.7,UL_TGT,651361.9849000025,False
00e12e8b,2,10606.18,11375.697719241076,ASTNL,592157.5202259868,False
0849b4e2,2,11050.65,11949.7,UEGFD TGT,808290.902500002,False
08fecf00,2,11229.55,10818.04,AC_UEF_BHL,169340.48009999868,False
09053135,2,10676.97,12265.700000000003,LLEF TGT,2524063.01290001,False
09441b8d,2,10351.68,11174.387702265374,LTHL,676847.9633667711,False
0c1b160c,2,10592.33,12227.2,ULEF BHL,2672799.9169000024,False
0d99f8e4,2,10649.92,12180.2,EGFD400,2341756.878400002,False
0dc835f3,2,10437.3,11375.697719241076,ASTNL,880590.2794768545,False
10be2420,2,9970.88,11618.975227885767,EGFDL,2716217.88017984,False
125be846,2,10894.61,12217.950000000003,ULEF TGT,1751228.7556000052,False
13f598d9,2,11871.070000000002,10763.350000000002,UTGT,1227043.5983999986,False
1550491d,2,10952.23,12192.7,ULEF THL,1538765.820900003,False
173ed841,2,11972.59,12213.7,UL_TGT,58134.03210000028,True
18d24f7b,2,10554.77,12217.950000000003,ULEF TGT,2766167.712400007,False
19137a89,2,10349.41,10942.78,Clay Rich Interval,352087.9569000009,False
1944513c,2,10433.02,12265.700000000003,LLEF TGT,3358715.9824000075,False
1b1c5372,2,10327.61,10833.04,AC_UEF_TRGT,255459.4849000003,True
1bcb2fcf,2,11929.01,12213.7,UL_TGT,81048.39610000029,False
1d78281a,2,11918.4,11151.866881472139,ANCC,587573.0218000478,False
1e30dedf,2,10298.16,11602.071458955259,BUDA,1700185.0927948325,False
1f9afacb,2,11172.070000000002,10833.04,AC_UEF_TRGT,114941.34090000045,False
20402d71,2,10286.45,12208.7,EGFD300b,3695045.0625,False
2043abc5,2,10897.61,10763.350000000002,UTGT,18025.74759999957,False
23b9beb0,2,10893.58,10745.600000000002,UTHL,21898.080399999333,False
24d8997e,2,10473.35,11841.8135219342,MNSS,1872692.4108645543,False
25939962,2,11448.27,10951.450000000004,LL THL,246830.11239999608,False
25fd32b3,2,10672.33,11841.8135219342,MNSS,1367691.7080756212,False
261785ee,2,10336.13,11961.45,UEGFD BHL,2641665.102400005,False
272abef3,2,10855.88,12227.700000000003,UL_BHL,1881890.1124000093,False
27300fd5,2,11794.58,11375.697719241076,ASTNL,175462.36513379804,False
2ac7cb6b,2,10349.29,11174.387702265374,LTHL,680786.2182835987,False
2be5c96a,2,11192.78,12217.950000000003,ULEF TGT,1050973.528900004,False
2bff06cf,2,10160.0,12261.699999999999,LL_TGT,4417142.889999995,False
2e29e833,2,11343.75,11949.7,UEGFD TGT,367175.4025000009,False
2e43c2ea,2,10445.94,10942.78,Clay Rich Interval,246849.98560000013,False
357c12f9,2,9808.64,12261.699999999999,LL_TGT,6017503.363599998,False
367456ce,2,10171.46,12192.7,ULEF THL,4085411.1376000065,False
37344c2a,2,10311.97,12286.200000000003,LL_BHL,3897584.0929000126,False
374be387,2,9880.94,11207.967790262172,LTGT,1761002.7561281007,False
3aaa2b30,2,10333.81,10763.350000000002,UTGT,184504.6116000023,False
3e011332,2,10352.31,12232.200000000003,EGFD300c,3533986.4121000115,False
3e678ea7,2,11854.46,11174.387702265374,LTHL,462498.33014605235,False
43e16325,2,9949.65,11143.071314304996,ASTNU,1424254.4334374652,False
44441e54,2,11550.85,11934.7,UEGFD THL,147340.82250000027,False
445af6c2,2,10310.51,10745.600000000002,UTHL,189303.3081000017,False
44a94013,2,10422.66,12217.950000000003,ULEF TGT,3223066.1841000095,False
466fc788,2,11141.52,12192.7,ULEF THL,1104979.3924000007,False
46a7190b,2,11973.95,10961.45,LL TGT,1025156.25,False
493b5b31,2,11672.990000000002,11961.45,UEGFD BHL,83209.17159999949,False
4a335117,2,10144.21,12208.7,EGFD300b,4262118.960100006,False
4c2208f5,2,11914.89,11949.7,UEGFD TGT,1211.7361000000913,True
4c3168cf,2,11335.04,12232.200000000003,EGFD300c,804896.065600003,False
4caa7289,2,10692.01,12217.950000000003,ULEF TGT,2328492.8836000073,True
4cd1ac61,2,10886.34,12208.7,EGFD300b,1748635.9696000016,False
4f3eb9e9,2,11140.42,12232.200000000003,EGFD300c,1191983.5684000053,False
512943b2,2,10607.19,11220.353826787514,UPSN,375969.8784807075,False
5542c301,2,10090.83,10745.600000000002,UTHL,428723.75290000293,False
59f8b2e8,2,10800.33,10833.04,AC_UEF_TRGT,1069.9441000000618,False
5a5d1982,2,10509.58,11143.071314304996,ASTNU,401311.2452998715,False
5aef5c6c,2,10553.83,10763.350000000002,UTGT,43898.63040000095,False
5beded95,2,10654.67,11174.387702265374,LTHL,270106.49004800007,False
5d7198fd,2,11984.38,12217.950000000003,ULEF TGT,54554.94490000157,False
5def1ce5,2,10621.05,10745.600000000002,UTHL,15512.702500000725,False
5f6756c5,2,11252.23,12213.7,UL_TGT,924424.5609000023,False
60e37807,2,10502.29,10763.350000000002,UTGT,68152.32360000069,False
647f2a41,2,11021.570000000002,11220.353826787514,UPSN,39515.00979228767,False
653612bc,2,11535.66,11961.45,UEGFD BHL,181297.12410000074,False
660d9546,2,11566.15,11457.779822616407,LBHL,11744.095346151373,False
6a8fa194,2,11311.15,12202.450000000004,EGFD300,794415.6900000084,False
6dbe4b60,2,10619.070000000002,10951.450000000004,LL THL,110476.46440000189,False
6e6d122c,2,11729.03,12217.950000000003,ULEF TGT,239042.76640000186,False
6e9ccd38,2,10372.05,12217.950000000003,ULEF TGT,3407346.810000012,False
708caea9,2,10130.12,12208.7,EGFD300b,4320494.8164,True
70e1788b,2,9729.56,11143.071314304996,ASTNU,1998014.235668239,True
722cf0d8,2,9929.03,12227.2,ULEF BHL,5281585.348900001,False
726f3dc2,2,10594.28,11151.866881472139,ANCC,310903.13038982404,False
727a3a10,2,11911.73,10951.450000000004,LL THL,922137.6783999908,False
75cd5f11,2,10625.05,12217.950000000003,ULEF TGT,2537330.4100000104,False
77b0d905,2,11478.3,10951.450000000004,LL THL,277570.92249999463,False
796dbd4c,2,9995.66,12213.7,UL_TGT,4919701.441600004,False
7acda2df,2,10739.79,12208.7,EGFD300b,2157696.5880999994,False
7d50373e,2,10690.63,12217.950000000003,ULEF TGT,2332706.3824000102,False
8478df29,2,10096.72,12213.7,UL_TGT,4481604.320400006,False
89fdb2f2,2,11417.56,10833.04,AC_UEF_TRGT,341663.6303999984,False
8cc800b3,2,10297.13,12232.200000000003,EGFD300c,3744495.904900013,False
939d9c34,2,10864.490000000002,12227.2,ULEF BHL,1856978.5440999977,False
96936c22,2,11387.37,11375.697719241076,ASTNL,136.24213811516842,False
974802e7,2,9454.19,11457.779822616407,LBHL,4014372.1772920424,False
9896fc0b,2,10383.34,12289.449999999995,LLEF BHL,3633255.3320999816,False
999daf80,2,10466.18,10942.78,Clay Rich Interval,227147.56000000035,False
9a6b0392,2,10010.61,11602.071458955259,BUDA,2532749.5753399995,False
9a8ae0d6,2,11355.97,10848.035,AC_UEF_THL,257997.96422499948,False
9af1ffd0,2,9987.34,12246.200000000003,LLEF THL,5102448.499600011,False
9c350a6a,2,10589.48,10763.350000000002,UTGT,30230.77690000091,False
9c8375f7,2,10337.45,12208.7,EGFD300b,3501576.5625,False
9d3ec64c,2,10089.5,12246.200000000003,LLEF THL,4651354.890000011,False
9d4272e3,2,11763.2,12217.950000000003,ULEF TGT,206797.56250000166,False
9def2eb2,2,10725.68,12217.950000000003,ULEF TGT,2226869.7529000067,False
9f0c7bae,2,12444.08,11143.071314304996,ASTNU,1692623.6002538411,False
9ffce529,2,11465.3,12213.7,UL_TGT,560102.5600000022,False
a15bc102,2,10082.0,12232.200000000003,EGFD300c,4623360.040000011,False
a247e7cf,2,10374.23,12227.2,ULEF BHL,3433497.8209000044,False
a4cdbb0f,2,10427.84,12227.2,ULEF BHL,3237696.409600002,False
a5e6f7dc,2,10702.26,12232.200000000003,EGFD300c,2340716.4036000073,False
a6b8ac67,2,12040.55,12217.950000000003,ULEF TGT,31470.760000001163,False
a6ed2eff,2,10471.67,11143.071314304996,ASTNU,450779.7248504761,False
a7fc3e6b,2,10238.88,12202.450000000004,EGFD300,3855607.14490002,False
a8ed028a,2,12061.12,12217.950000000003,ULEF TGT,24595.64890000055,False
ad2133a8,2,11366.0,12257.2,EGFD100,794237.4400000013,False
ae35f33a,2,11745.65,11476.351422227748,EGFDU,72521.7239901574,False
b32e4903,2,10434.85,11457.779822616407,LBHL,1046385.4219980327,False
b7cdcecb,2,10378.44,12208.7,EGFD300b,3349851.6676000007,False
b881d27e,2,10591.83,12217.950000000003,ULEF TGT,2644266.2544000084,False
bd8f847e,2,12301.8,12180.2,EGFD400,14786.559999999647,False
be83e781,2,10625.36,12217.950000000003,ULEF TGT,2536342.908100006,False
c1708b88,2,10586.17,12213.7,UL_TGT,2648853.900900002,True
c2c6fc71,2,11340.45,11375.697719241076,ASTNL,1242.401711697661,False
c66be2b8,2,10476.47,10951.450000000004,LL THL,225606.00040000476,False
c6797dd7,2,11004.15,12213.7,UL_TGT,1463011.2025000027,False
c908edd0,2,10837.06,12232.200000000003,EGFD300c,1946415.6196000085,False
c9578d27,2,10556.92,12217.950000000003,ULEF TGT,2759020.6609000084,False
c99f9fae,2,11193.71,12213.7,UL_TGT,1040379.6001000033,False
cbe51de1,2,11584.12,11143.071314304996,ASTNU,194523.94315329104,False
cd7f1687,2,10623.62,11457.779822616407,LBHL,695822.609667434,False
d011f41b,2,10572.9,12227.2,ULEF BHL,2736708.4900000035,False
d0a0e7b5,2,10374.96,12217.950000000003,ULEF TGT,3396612.1401000125,False
d50c649a,2,11305.86,12236.95,EGFD200,866928.5881000003,False
d543916f,2,10321.18,12246.200000000003,LLEF THL,3705702.0004000086,False
da3cf798,2,9982.37,12261.699999999999,LL_TGT,5195345.248899992,False
dc7da28f,2,10085.86,11151.866881472139,ANCC,1136370.671345953,False
df71d1ff,2,10288.63,12227.2,ULEF BHL,3758053.644900006,False
e25f1537,2,9981.72,12217.950000000003,ULEF TGT,5000724.612900014,False
e5c92e59,2,11536.52,11457.779822616407,LBHL,6200.015534399788,False
e748dd88,2,11471.01,12232.200000000003,EGFD300c,579410.2161000036,False
eabc711b,2,10956.5,12227.2,ULEF BHL,1614678.4900000019,False
eac10e86,2,10400.1,12227.2,ULEF BHL,3338294.4100000015,False
eb06a4e7,2,10478.61,12227.700000000003,UL_BHL,3059315.828100007,False
eb934281,2,11136.03,11375.697719241076,ASTNL,57440.61564621887,False
ec0d597b,2,10100.76,11457.779822616407,LBHL,1841502.7989738637,False
ecdab904,2,11232.98,11476.351422227748,EGFDU,59229.649157157066,False
ed6436d6,2,11262.92,12227.700000000003,UL_BHL,930800.4484000048,False
ee4aecac,2,11326.52,12180.2,EGFD400,728769.5424000005,False
f08774c3,2,11203.490000000002,12192.7,ULEF THL,978536.4240999983,False
f321a31c,2,12080.16,10775.85,UBHL,1701224.5760999988,False
f4d12d23,2,10369.71,10942.78,Clay Rich Interval,328409.2249000018,False
f5d8aab6,2,10071.84,11122.079694062093,OLMOS,1103003.4149836386,False
f88ddb26,2,11433.48,12289.449999999995,LLEF BHL,732684.6408999927,False
f8f59188,2,10361.84,12261.699999999999,LL_TGT,3609468.019599995,False
f9fc81aa,2,10621.86,10745.600000000002,UTHL,15311.587600000395,False
fc0d20b2,2,10374.95,11207.967790262172,LTGT,693918.63889327,False
fcfcc902,2,10623.89,10951.450000000004,LL THL,107295.55360000324,False
fef8af96,2,10499.9,12261.699999999999,LL_TGT,3103939.2399999974,False
ff8bb73a,2,10378.28,10745.600000000002,UTHL,134923.9824000011,False
01982c1d,3,9927.92,11383.117435335027,ASTNL,2117599.57580564,False
059c8f24,3,9556.52,10745.600000000002,UTHL,1413911.2464000043,False
05a0ee4d,3,11142.98,12193.95,UL_THL,1104537.9409000024,False
084d66f9,3,10128.06,12289.449999999995,LLEF BHL,4671606.732099982,False
0955cd6c,3,11438.21,11151.01826571575,ANCC,82479.09224119516,False
0a57a29c,3,10681.71,12217.950000000003,ULEF TGT,2360033.3376000104,False
10a1281a,3,10431.22,10951.450000000004,LL THL,270639.2529000052,False
1131525f,3,10764.52,12227.700000000003,UL_BHL,2140895.712400006,False
1295a25b,3,11216.43,11170.222642607685,LTHL,2135.119877181157,False
14ad5efb,3,10850.09,12232.200000000003,EGFD300c,1910228.0521000067,False
14fee784,3,10343.29,10745.600000000002,UTHL,161853.33610000106,False
155887bb,3,11318.79,11620.624906135195,EGFDL,91104.31056164175,False
16e4a047,3,11154.66,10951.450000000004,LL THL,41294.30409999817,False
177622d7,3,11745.83,12232.200000000003,EGFD300c,236555.77690000256,False
19871e7f,3,11723.09,12213.7,UL_TGT,240698.17210000058,False
198a5607,3,10330.96,12208.7,EGFD300b,3525907.507600006,False
1a68190b,3,11965.5,11146.227771377793,ASTNU,671206.9845915978,True
1a730ac2,3,10969.14,11151.01826571575,ANCC,33079.70353976892,False
1b6ba517,3,11172.71,12213.7,UL_TGT,1083660.1801000033,False
1b82b665,3,10126.72,10833.04,AC_UEF_TRGT,498887.94240000215,True
1e5e3573,3,11483.7,12217.950000000003,ULEF TGT,539123.0625000027,False
20096916,3,11111.23,12227.2,ULEF BHL,1245389.0409000027,False
200d233d,3,11340.43,11453.819871794873,LBHL,12857.263025657578,True
2075c696,3,10082.98,12180.2,EGFD400,4398331.728400005,False
230eaaa3,3,10515.75,12213.7,UL_TGT,2883034.2025000025,False
2364716c,3,10204.01,12232.200000000003,EGFD300c,4113554.6761000096,False
25050f63,3,10252.06,11067.048129243914,OLMOS,664205.6508084962,False
26623a50,3,10575.12,11002.052526547051,UPSN,182271.3822238481,False
27ebb9b9,3,11120.89,11485.358625701956,EGFDU,132837.37912107297,False
283269ac,3,10534.55,12217.950000000003,ULEF TGT,2833835.560000011,False
28473855,3,9864.490000000002,12246.200000000003,LLEF THL,5672542.524100005,False
347242c8,3,11252.85,12265.700000000003,LLEF TGT,1025865.1225000045,False
35b30c7f,3,10354.33,12213.7,UL_TGT,3457256.7969000028,False
38991fd4,3,10392.78,10745.600000000002,UTHL,124481.95240000107,False
389ae58f,3,10898.46,12213.7,UL_TGT,1729856.2576000043,False
3932faa6,3,11084.64,11151.01826571575,ANCC,4406.0741594306955,False
3a0af893,3,11716.0,10745.600000000002,UTHL,941676.1599999957,False
3bbe1f5d,3,10457.75,11453.819871794873,LBHL,992155.189497454,False
3d96d897,3,10635.15,12180.2,EGFD400,2387179.502500003,False
404c4384,3,10083.09,12246.200000000003,LLEF THL,4679044.8721000105,False
4463446c,3,10125.76,10763.35,UTGT,406521.0081000002,False
45fb3e21,3,10516.240000000002,12217.950000000003,ULEF TGT,2895816.924100003,False
460f859e,3,10560.39,10942.78,Clay Rich Interval,146222.11210000096,False
46dfcfca,3,12030.06,10951.450000000004,LL THL,1163399.5320999895,False
47ee27ab,3,10512.36,10818.04,AC_UEF_BHL,93440.26240000018,False
4a035ec2,3,11795.22,12261.699999999999,LL_TGT,217603.59039999958,False
4b831d20,3,11380.6,10763.35,UTGT,380997.5625,False
5138a660,3,11635.18,10745.600000000002,UTHL,791352.5763999966,False
55efee7f,3,10403.5,10745.600000000002,UTHL,117032.41000000149,False
5663b2b7,3,11130.5,11453.819871794873,LBHL,104535.73949745286,False
5aa03df7,3,10385.42,12232.200000000003,EGFD300c,3410596.3684000093,False
5bd25f59,3,9836.96,10833.04,AC_UEF_TRGT,992175.3664000034,False
5f4d2a52,3,10070.48,12246.200000000003,LLEF THL,4733757.5184000125,True
62a6f539,3,10549.13,10942.78,Clay Rich Interval,154960.32250000114,False
633774dc,3,10388.67,12227.2,ULEF BHL,3380192.5609000023,False
63559d57,3,11481.820000000002,10848.035000000002,AC_UEF_THL,401683.4262249998,False
656a067b,3,10165.1,11067.048129243914,OLMOS,813510.4278465963,False
6a0ff78e,3,10701.34,12217.950000000003,ULEF TGT,2300105.8921000073,False
6ea22614,3,9943.52,12213.7,UL_TGT,5153717.232400001,False
70925e23,3,11723.79,10961.45,LL TGT,581162.2756000002,True
71642c7d,3,11842.8,12217.950000000003,ULEF TGT,140737.52250000247,False
7256229b,3,10155.56,12213.7,UL_TGT,4235940.259600005,False
729665c0,3,11293.51,12236.95,EGFD200,890079.033600001,False
729f4217,3,10745.91,11170.222642607685,LTHL,180041.2186767171,False
73348914,3,12396.4,12257.2,EGFD100,19376.639999999697,False
75d20a82,3,11065.12,12257.2,EGFD100,1421054.7263999998,False
76201745,3,10179.65,11597.13492922809,BUDA,2009263.5245887649,False
7b38844c,3,11554.68,12257.2,EGFD100,493534.35040000064,False
7cbbd047,3,11277.63,12232.200000000003,EGFD300c,911203.8849000063,False
7e721392,3,10567.14,11146.227771377793,ASTNU,335342.64695929975,False
8050c789,3,11448.16,10775.85,UBHL,452000.73609999934,False
811f52b3,3,10349.39,12180.2,EGFD400,3351865.256100005,False
81bf5923,3,11957.64,12246.200000000003,LLEF THL,83266.87360000181,True
81fc01c6,3,9969.61,12232.200000000003,EGFD300c,5119313.508100009,False
82fcf37c,3,10498.93,12227.2,ULEF BHL,2986917.1929000015,False
8382f4b6,3,10900.71,11620.624906135195,EGFDL,518277.4720756486,False
8902c3f6,3,10203.31,12180.2,EGFD400,3908094.072100005,False
8995c945,3,10274.87,10942.78,Clay Rich Interval,446103.7680999998,False
89f36adf,3,11446.98,11453.819871794873,LBHL,46.783846170299654,False
8a9c8932,3,10773.47,11151.01826571575,ANCC,142542.69294497053,False
8c167025,3,10066.55,12217.950000000003,ULEF TGT,4628521.960000014,False
8f201368,3,10428.75,12217.950000000003,ULEF TGT,3201236.640000009,False
91abc4c7,3,10072.240000000002,12213.7,UL_TGT,4585850.931599996,False
91b301ce,3,10398.56,12289.449999999995,LLEF BHL,3575464.992099984,True
9283ae69,3,10213.67,11203.754716981133,LTGT,980267.7467996106,False
9314ff13,3,11386.88,12246.200000000003,LLEF THL,738430.8624000058,False
96ae5806,3,11339.42,10745.600000000002,UTHL,352622.1923999975,False
97cd5bf9,3,10088.84,11170.222642607685,LTHL,1169388.4197331797,False
98bc6f66,3,10215.64,12227.2,ULEF BHL,4046373.6336000054,False
9bd2bba3,3,11706.71,12180.2,EGFD400,224192.78010000152,False
9c211c53,3,9462.08,12217.950000000003,ULEF TGT,7594819.456900015,False
9efc812e,3,10614.97,11151.01826571575,ANCC,287347.74317686324,False
a0e92ed6,3,11561.63,10848.035000000002,AC_UEF_THL,509217.8240249965,False
a5aa7973,3,10128.56,12227.2,ULEF BHL,4404289.849600005,False
a622ce4d,3,10791.14,10951.450000000004,LL THL,25699.296100001586,False
a645da9a,3,11265.93,12244.199999999997,LL_THL,957012.1928999937,False
a6f967fb,3,11508.97,12246.200000000003,LLEF THL,543508.0729000047,False
a783cc24,3,10310.89,10745.600000000002,UTHL,188972.7841000024,False
a79fd2e7,3,11112.9,10818.04,AC_UEF_BHL,86942.41959999927,False
aaaf3c03,3,11219.3,11620.624906135195,EGFDL,161061.68028442404,False
ab18d3fc,3,11549.25,11170.222642607685,LTHL,143661.7376518017,False
ac6f01d5,3,11722.96,10951.450000000004,LL THL,595227.680099992,False
ae069086,3,10231.08,12217.950000000003,ULEF TGT,3947652.3969000103,False
ae8959c3,3,9798.98,12217.950000000003,ULEF TGT,5851415.860900015,False
b0f53bf4,3,11862.35,11620.624906135195,EGFDL,58431.02100394873,False
b1efb8a4,3,11391.35,12244.199999999997,LL_THL,727353.1224999945,False
b3388334,3,10642.52,12213.7,UL_TGT,2468606.592400001,True
b37fd114,3,10831.23,10745.600000000002,UTHL,7332.496899999552,False
b7974e66,3,11575.98,12217.950000000003,ULEF TGT,412125.4809000038,False
b7fea9ef,3,9994.5,10951.450000000004,LL THL,915753.3025000084,False
b95e7121,3,10864.23,12192.7,ULEF THL,1764832.5409000032,False
bd4ae5da,3,10966.91,12208.7,EGFD300b,1542042.4041000023,False
be063506,3,10985.62,12227.2,ULEF BHL,1541520.8963999997,False
be35c8f2,3,11804.33,11151.01826571575,ANCC,426816.2221534953,False
beda8696,3,10148.87,12227.2,ULEF BHL,4319455.5889,False
c03b9305,3,9961.13,12136.7,EGFD_IPT,4733104.824900007,False
c1d046f4,3,10973.740000000002,10951.450000000004,LL THL,496.84409999987673,False
c2717d4f,3,10356.66,11203.754716981133,LTGT,717569.4595373465,False
c36625df,3,11074.88,11067.048129243914,OLMOS,61.33819954001558,False
c3957531,3,11748.51,12202.450000000004,EGFD300,206061.52360000377,False
c42fe306,3,10084.7,12213.7,UL_TGT,4532641.0,False
c593337f,3,11455.09,12213.7,UL_TGT,575489.1321000009,False
c59b6c4a,3,10012.35,12236.95,EGFD200,4948845.160000002,False
c6c96179,3,10290.7,11949.700000000003,UEGFD TGT,2752281.000000006,False
c9e6734f,3,10582.71,10745.600000000002,UTHL,26533.152100000996,False
cb34231f,3,11815.94,12232.200000000003,EGFD300c,173272.3876000017,False
cc08aa63,3,10484.26,10942.78,Clay Rich Interval,210240.5904000004,False
cf50c9d1,3,10399.19,11170.222642607685,LTHL,594491.3359665893,False
d217e0c5,3,10615.3,12213.7,UL_TGT,2554882.5600000047,False
d5df0ff5,3,11630.3,12289.449999999995,LLEF BHL,434478.72249999474,False
d7eb0be8,3,11953.16,12213.7,UL_TGT,67881.09160000045,False
d9ae59b2,3,10382.31,12208.7,EGFD300b,3335700.4321000045,False
d9d6d94d,3,12043.47,10818.04,AC_UEF_BHL,1501678.6848999963,False
dbee6c86,3,11739.36,12265.700000000003,LLEF TGT,277033.79560000205,False
dc7f9757,3,10210.05,12208.7,EGFD300b,3994601.822500006,False
dd7d638e,3,10426.44,10942.78,Clay Rich Interval,266606.99560000014,False
df8290be,3,10510.58,10745.600000000002,UTHL,55234.40040000106,False
e0079ed1,3,10357.98,11620.624906135195,EGFDL,1594272.1589891578,False
e14d641e,3,10447.4,12265.700000000003,LLEF TGT,3306214.8900000104,False
e161bd0c,3,11258.43,12213.7,UL_TGT,912540.7729000008,False
e5ff9fd2,3,10874.65,12257.2,EGFD100,1911444.502500003,False
e730c32b,3,10456.67,12192.7,ULEF THL,3013800.1609000023,False
e7818f7a,3,10374.46,12208.7,EGFD300b,3364436.377600006,True
e85074c5,3,10402.52,11203.754716981133,LTGT,641977.071695836,False
e97032ad,3,10237.15,10942.78,Clay Rich Interval,497913.69690000144,False
e9949a23,3,11157.21,12246.200000000003,LLEF THL,1185899.2201000075,False
ea41324e,3,10671.1,12227.700000000003,UL_BHL,2423003.5600000066,False
eb640a35,3,10136.04,10763.35,UTGT,393517.8360999994,False
eba6605e,3,10542.23,11620.624906135195,EGFDL,1162935.5735783381,False
efde6ac3,3,10221.56,12213.7,UL_TGT,3968621.779600005,False
f0188a48,3,10574.37,10951.450000000004,LL THL,142189.3264000027,False
f021b650,3,11231.84,10745.600000000002,UTHL,236429.33759999802,False
f140c2fa,3,11152.570000000002,11620.624906135195,EGFDL,219075.39515722523,False
fbd68d27,3,10585.03,12217.950000000003,ULEF TGT,2666427.726400006,False
fdfd57da,3,10384.08,12193.95,UL_THL,3275629.416900003,False
028d7b28,4,11874.64,11365.363382312573,ASTNL,259362.67332314522,False
02e7fe5a,4,11356.13,10833.040000000003,AC_UEF_TRGT,273623.1480999963,False
05948241,4,10026.56,11504.846666666666,LBHL,2185331.468844445,False
060ab2b8,4,10009.16,11227.002205882354,LTHL,1483139.6384283989,False
071d7b45,4,10128.63,10745.600000000002,UTHL,380651.9809000037,False
0bbf5e67,4,10180.13,10745.600000000002,UTHL,319756.32090000337,False
0dc5e64d,4,10348.58,10833.040000000003,AC_UEF_TRGT,234701.4916000027,False
0dd99dc5,4,11765.77,10745.600000000002,UTHL,1040746.8288999965,False
0e5e560d,4,10218.990000000002,10942.78,Clay Rich Interval,523871.96409999864,False
109d9d70,4,11590.81,11504.846666666666,LBHL,7389.694677777745,False
113011eb,4,12163.79,12213.699999999999,UL_TGT,2491.008099999804,True
122bd617,4,9795.14,10951.450000000004,LL THL,1337052.8161000113,False
1285a37b,4,11880.83,12213.699999999999,UL_TGT,110802.43689999932,False
12f0cd90,4,10854.83,10961.45,LL TGT,11367.82440000017,False
14ab73fb,4,10652.3,12227.699999999999,UL_BHL,2481885.1599999988,False
153552f5,4,11322.13,11365.363382312573,ASTNL,1869.1253461851577,False
1590af81,4,10995.25,11504.846666666666,LBHL,259688.76267777744,False
1770d7c6,4,11784.08,10745.600000000002,UTHL,1078440.7103999953,False
197f8a5a,4,10045.1,11122.51499408226,OLMOS,1160823.0694732743,False
1d3fbf02,4,11288.85,11504.846666666666,LBHL,46654.560011110814,False
1fdbba44,4,12337.28,10745.600000000002,UTHL,2533445.222399995,True
1fee2b62,4,11747.1,11504.846666666666,LBHL,58686.67751111144,False
204cc64b,4,11787.23,11961.45,UEGFD BHL,30352.608400000405,False
26d3a96a,4,11871.68,10833.040000000003,AC_UEF_TRGT,1078773.049599995,False
27c3155b,4,11737.42,10833.040000000003,AC_UEF_TRGT,817903.1843999953,False
29de15c8,4,11348.15,11504.846666666666,LBHL,24553.84534444446,False
2acc78d4,4,11085.6,11122.51499408226,OLMOS,1362.716788093217,False
2b547943,4,11478.63,11605.890867514268,EGFDL,16195.328400484375,False
2c0c4a4e,4,10211.19,12193.949999999997,UL_THL,3931337.2175999866,False
2d0c268a,4,10541.83,12286.199999999999,LL_BHL,3042826.6968999966,False
2d196986,4,10426.18,10942.78,Clay Rich Interval,266875.56000000035,False
2d2d0c6b,4,10404.27,10942.78,Clay Rich Interval,289993.02010000026,False
2fa01aa6,4,11948.71,10763.350000000002,UTGT,1405078.3295999928,False
2fd68f7b,4,10078.54,10833.040000000003,AC_UEF_TRGT,569270.2500000028,False
32fe84c9,4,11430.93,10951.450000000004,LL THL,229901.0703999961,False
33c40295,4,10616.48,11605.890867514268,EGFDL,978933.864755338,False
353e5502,4,10353.06,12193.949999999997,UL_THL,3388875.992099991,False
35b3ef6a,4,10145.51,11504.846666666666,LBHL,1847796.173344443,False
398dce4b,4,10004.59,12213.699999999999,UL_TGT,4880166.992099995,False
3a824aa7,4,11671.45,12227.699999999999,UL_BHL,309414.06249999796,False
4630ab92,4,11064.4,11605.890867514268,EGFDL,293212.35960135533,False
463c38f2,4,10730.92,10763.350000000002,UTGT,1051.7049000001368,False
47222616,4,11775.81,10951.450000000004,LL THL,679569.409599992,False
4936af16,4,10294.1,10763.350000000002,UTGT,220195.56250000172,False
4b462989,4,10285.43,11260.952542372881,LTGT,951644.2306776488,False
4c3df468,4,10466.61,11122.51499408226,OLMOS,430211.36126204795,False
4ddde4c1,4,10042.84,11122.51499408226,OLMOS,1165698.0928465265,False
4e050c92,4,11504.78,10951.450000000004,LL THL,306174.0888999959,False
4f4ac5ce,4,10556.01,10951.450000000004,LL THL,156372.7936000033,False
4f4afcc6,4,10617.93,10745.600000000002,UTHL,16299.628900000484,False
516088b7,4,10736.7,10745.600000000002,UTHL,79.2100000000259,False
521a7819,4,10335.77,10745.600000000002,UTHL,167960.62890000144,False
52f1e77a,4,11530.53,11260.952542372881,LTGT,72672.0056607015,True
5305524b,4,10455.29,12213.699999999999,UL_TGT,3092005.728099993,False
53134831,4,11290.4,11504.846666666666,LBHL,45987.372844444464,False
5567d551,4,10881.86,11504.846666666666,LBHL,388112.38684444333,False
57796579,4,10342.23,10745.600000000002,UTHL,162707.3569000021,False
5a1a8fd8,4,11349.13,12213.699999999999,UL_TGT,747481.2848999995,False
5b7b6324,4,12026.58,10745.600000000002,UTHL,1640909.7603999942,False
62569ae3,4,11282.65,10818.040000000003,AC_UEF_BHL,215862.45209999717,False
67847288,4,11768.42,11227.002205882354,LTHL,293133.22778721753,False
67a8da4a,4,11941.87,10961.45,LL TGT,961223.3764000002,False
684a6fc1,4,10222.76,11605.890867514268,EGFDL,1913050.996670772,False
69c1bdad,4,10679.47,11504.846666666666,LBHL,681246.6418777783,False
6d590e26,4,10579.070000000002,11605.890867514268,EGFDL,1054361.0939627516,False
72dd8501,4,11250.13,10961.45,LL TGT,83336.14239999912,False
764072a5,4,10470.22,11504.846666666666,LBHL,1070452.3393777786,False
79507629,4,11516.81,11227.002205882354,LTHL,83988.55753133545,False
7a5660b0,4,11839.68,11260.952542372881,LTGT,334925.47021154914,False
7c607683,4,10348.44,11504.846666666666,LBHL,1337276.3787111093,False
84633df4,4,10026.76,10951.450000000004,LL THL,855051.5961000076,False
84815d5a,4,11061.2,10833.040000000003,AC_UEF_TRGT,52056.985599999105,False
86454a6f,4,12057.48,11504.846666666666,LBHL,305403.601111111,True
8648abae,4,11095.58,10961.45,LL TGT,17990.856899999784,False
865033f8,4,10414.46,11839.355476128361,MNSS,2030327.1178910718,False
89f1085d,4,12440.71,10951.450000000004,LL THL,2217895.3475999846,False
8a3da6d1,4,11190.25,10763.350000000002,UTGT,182243.60999999812,False
8b5be31b,4,10014.08,10775.850000000002,UBHL,580293.5329000035,False
8cc21f01,4,10920.820000000002,12213.699999999999,UL_TGT,1671538.6943999932,False
8d5d46d7,4,10576.84,10745.600000000002,UTHL,28479.93760000069,False
925a7cd1,4,11298.59,11365.363382312573,ASTNL,4458.684585460999,False
940e709a,4,10347.04,12286.199999999999,LL_BHL,3760341.5055999923,False
9426ec1e,4,11547.34,10763.350000000002,UTGT,614640.3200999968,False
94467f50,4,9713.31,12213.699999999999,UL_TGT,6251950.152099997,False
944f36b9,4,10355.97,10818.040000000003,AC_UEF_BHL,213508.6849000031,False
94d813a4,4,11922.76,12227.699999999999,UL_BHL,92988.4035999992,False
96b7eea1,4,10319.75,10942.78,Clay Rich Interval,388166.3809000008,False
98177ced,4,11703.43,11961.45,UEGFD BHL,66574.32040000023,False
992ce078,4,11185.47,10951.450000000004,LL THL,54765.36039999765,False
9a95e33f,4,10613.2,11504.846666666666,LBHL,795033.7781777759,False
9b9e3b49,4,11088.92,12193.949999999997,UL_THL,1221091.3008999934,False
9dede370,4,11364.37,10951.450000000004,LL THL,170502.92639999706,False
9e3e364d,4,10892.48,12213.699999999999,UL_TGT,1745622.2883999983,False
a0383629,4,10484.11,10745.600000000002,UTHL,68377.02010000084,False
a0b83014,4,10460.94,11136.825357695658,ANCC,456821.0167473864,False
a2e8e7f6,4,10271.78,11504.846666666666,LBHL,1520453.4044444421,False
a4f989c2,4,10572.9,11122.51499408226,OLMOS,302076.6417200424,True
a76db406,4,9935.17,11504.846666666666,LBHL,2463884.8378777765,False
a7744f5b,4,10541.81,11504.846666666666,LBHL,927439.6213444448,False
a959858c,4,10968.21,11504.846666666666,LBHL,287978.91201111174,False
ab3ced07,4,11455.27,11605.890867514268,EGFDL,22686.64573075066,False
ab6fe95d,4,9245.19,11227.002205882354,LTHL,3927579.619384281,False
add9c322,4,10234.44,12213.699999999999,UL_TGT,3917470.1475999937,False
af7a59ce,4,10856.4,11605.890867514268,EGFDL,561736.5604872912,False
aff4e561,4,10195.4,12193.949999999997,UL_THL,3994202.10249999,False
b32902c0,4,10075.52,12213.699999999999,UL_TGT,4571813.712399993,False
b5aa9634,4,12155.27,11504.846666666666,LBHL,423050.5125444454,False
b8c49c1a,4,9839.990000000002,10745.600000000002,UTHL,820129.4721000011,True
b977be4a,4,10837.04,11605.890867514268,EGFDL,591131.6564774418,False
ba48188d,4,11778.490000000002,10951.450000000004,LL THL,683995.1615999955,False
bb2cdd83,4,10380.17,11504.846666666666,LBHL,1264897.6045444435,False
bd2c2f34,4,9984.44,11504.846666666666,LBHL,2311636.432044442,False
bf70b410,4,10276.63,12193.949999999997,UL_THL,3676115.9823999917,False
c43812e2,4,11344.78,12227.699999999999,UL_BHL,779547.7263999969,False
cc8a1d57,4,11379.22,11227.002205882354,LTHL,23170.25684604179,False
cda7eb37,4,11383.06,12213.699999999999,UL_TGT,689962.809599999,False
cdc31d65,4,11220.92,11365.363382312573,ASTNL,20863.890693896068,False
cdc60a53,4,10418.97,11504.846666666666,LBHL,1179128.1352111117,False
ce55ba43,4,10963.73,11504.846666666666,LBHL,292807.2469444446,False
d085e611,4,10220.12,12213.699999999999,UL_TGT,3974361.2163999924,False
d0a43760,4,10625.23,12213.699999999999,UL_TGT,2523236.940899998,False
d0cb63ae,4,10250.89,11122.51499408226,OLMOS,759730.1303088997,False
d1457cc5,4,9760.68,10745.600000000002,UTHL,970067.4064000037,False
d3df146b,4,11598.14,12213.699999999999,UL_TGT,378914.1135999994,False
d4f60a28,4,11539.83,11365.363382312573,ASTNL,30438.600687290837,False
d6dd7330,4,11380.05,10848.035,AC_UEF_THL,283039.9602249994,False
d7ba4f9d,4,11941.06,11949.7,UEGFD TGT,74.64960000002138,False
da2d4d7c,4,11814.72,12213.699999999999,UL_TGT,159185.04039999965,False
da3bfe4e,4,10448.2,11122.51499408226,OLMOS,454700.7112441565,False
dafc88c3,4,10714.14,11504.846666666666,LBHL,625217.0327111115,False
dd64382d,4,9989.51,10775.850000000002,UBHL,618330.5956000031,False
dd6bc5b2,4,10047.17,11122.51499408226,OLMOS,1156366.8562977742,False
e03b45fd,4,12017.27,11504.846666666666,LBHL,262577.6725444452,False
e0f36d98,4,10703.91,11949.7,UEGFD TGT,1551992.724100002,False
e149204f,4,10453.29,11122.51499408226,OLMOS,447862.0927043989,False
e2fc7745,4,11190.56,11504.846666666666,LBHL,98776.10884444456,False
e3b34f5b,4,10326.79,12227.699999999999,UL_BHL,3613458.8280999926,True
e45a2a62,4,10561.070000000002,10745.600000000002,UTHL,34051.32090000024,False
e7c36e81,4,10248.37,11839.355476128361,MNSS,2531234.785251386,False
e7d0c1de,4,10556.51,11141.238501436994,ASTNU,341907.4203927522,False
ec13af42,4,11391.240000000002,10961.45,LL TGT,184719.44410000075,False
ee0300f7,4,11687.09,12213.699999999999,UL_TGT,277318.09209999867,True
eeed308d,4,10520.17,11227.002205882354,LTHL,499611.7672725147,False
ef04658e,4,9970.94,12286.199999999999,LL_BHL,5360428.867599993,False
efe96181,4,9900.02,11504.846666666666,LBHL,2575468.630044442,True
f07d7037,4,11174.85,10763.350000000002,UTGT,169332.24999999852,False
f2d4c8c9,4,10357.03,12193.949999999997,UL_THL,3374275.086399987,False
f439a621,4,10313.92,12286.199999999999,LL_BHL,3889888.3983999956,False
f56d3ace,4,10462.3,11141.238501436994,ASTNU,460957.4887335119,False
f5859199,4,11466.7,10951.450000000004,LL THL,265482.5624999963,False
fa16d114,4,10639.63,12193.949999999997,UL_THL,2415910.6623999933,False
fb73b13a,4,10033.16,10833.040000000003,AC_UEF_TRGT,639808.0144000045,False
fd8f77fa,4,10523.54,10961.45,LL TGT,191765.16809999986,False
fde20ecf,4,11188.12,10745.600000000002,UTHL,195823.95039999878,False
