split,well_id,fold,target_rows,spatial_cluster,tvt_q,azim_q,updip,X_mean,Y_mean,TVT_median,delta_Z,azim_deg
train,000d7d20,3,3836,0,2,3,2,2983513.881585828,1071417.6734293292,11742.13,100.03000000000065,90.9574742312499
train,00bbac68,0,6014,4,3,3,2,3008500.4098174362,1086928.4096322265,12225.31,176.5,136.47033687700318
train,00e12e8b,3,4301,0,2,3,2,2969568.6164144734,1062552.745421366,11599.36,144.8199999999997,125.84458477622647
train,015fe0d2,0,4296,4,3,1,0,3000247.1123915967,1075563.087902521,12243.16,-176.89999999999964,-53.273014277652
train,01869cd4,3,5557,0,2,1,0,2973618.0407562046,1065922.4417445255,11747.67,-213.75,-53.36007640642289
train,01982c1d,2,3941,2,0,3,2,2995565.781575085,1124200.967837838,10688.78,160.0,107.5476414513766
train,028d7b28,3,6234,4,3,1,0,3007594.002022935,1069810.2954245587,12426.240000000002,-236.9499999999989,-54.49033623794451
train,02e7fe5a,2,5108,0,3,2,2,2985931.4508928573,1061532.3213283974,12182.43,79.11000000000058,89.88978939763402
train,0390d174,2,4411,2,0,1,0,3000841.121653827,1125584.4246730045,10614.48,-177.95000000000073,-69.51078107889614
train,03a935ae,3,2786,4,3,3,2,3034603.122180587,1088709.8634130927,12768.05,91.84000000000015,153.311426004186
train,044af7d1,3,4519,2,2,0,0,3009892.159263227,1108288.7258974782,11854.13,-136.46000000000095,-92.64499753103951
train,0498acab,1,4798,4,2,1,0,2991522.1698678485,1093204.556408582,11401.315,-137.14999999999964,-67.11733492317296
train,052d64df,0,2445,0,2,3,2,2979917.680446623,1098971.4526840958,11436.705,76.92000000000007,129.41256043042034
train,05948241,1,3879,0,0,3,2,2957609.3809653646,1088931.1797015476,10832.93,154.1200000000008,130.10684218991696
train,059c8f24,4,6258,3,0,1,0,2915402.9646411603,1064196.6370942735,10306.06,-222.67000000000007,-47.836862614968744
train,05a0ee4d,1,4348,2,2,3,2,2993634.6741603804,1102879.282294195,11917.86,191.4400000000005,111.87756194971314
train,060ab2b8,0,6258,1,0,3,2,2898838.321125608,1028519.3585878741,10956.64,148.28000000000065,130.5428198575377
train,06df5958,3,3509,1,1,1,0,2905092.5885175634,1025443.5081405041,11337.1,-131.15999999999985,-47.7303811612999
train,071d7b45,3,3211,0,0,3,2,2945536.778762712,1079179.6511144068,10542.535,136.10000000000036,130.89441173506503
train,0849b4e2,4,5537,2,2,1,0,3021498.1430876814,1116087.8739698762,11941.735,-132.8199999999997,-84.18663306354564
train,084d66f9,2,3885,3,0,1,0,2931110.1301065343,1054982.9565944602,11007.21,-121.55999999999949,-48.411440560196695
train,08fecf00,4,5574,2,3,1,0,3021903.129216745,1116143.1747738014,12145.42,-146.5599999999995,-85.62299026922545
train,09053135,0,5907,0,2,1,0,2990964.7232093327,1086181.8943927414,11472.42,-176.75,-69.26177499995933
train,09441b8d,0,5488,1,1,3,2,2906268.4227883704,1040826.0310818121,11202.990000000002,196.39999999999964,130.39429455034488
train,0955cd6c,4,5195,2,3,0,0,3026945.6325796493,1118651.0042624562,12177.8,-118.31999999999971,-90.51520613336297
train,09ec2ca9,3,5885,2,1,2,2,3004680.1373939165,1126312.626844325,11051.94,174.6999999999989,87.83961161121682
train,0a57a29c,0,5821,1,1,3,2,2901704.492577147,1033301.9493327773,11200.89,171.66000000000167,130.73387757093113
train,0bbf5e67,4,4298,1,0,1,0,2899323.428827723,1034462.2527441552,10932.0,-104.1299999999992,-49.47073486786699
train,0be01c24,0,4738,2,1,0,0,3006846.6567721223,1114039.8381143303,11311.27,-175.59000000000015,-96.57172202173288
train,0c1b160c,4,5054,0,1,1,0,2972607.0623994637,1092683.5475886208,11159.585,-149.26000000000022,-48.94491565448391
train,0d99f8e4,3,5823,1,1,1,0,2895947.984626429,1034157.6629008242,11192.31,-159.64000000000124,-49.7964407394997
train,0dc5e64d,1,4879,2,0,1,0,3012992.515239864,1122126.427824261,10862.78,-252.40000000000146,-46.894552169357695
train,0dc835f3,0,4428,2,0,3,2,2994038.7577931425,1124446.0210058724,10682.05,211.01999999999862,108.6733641129263
train,0dd99dc5,2,7342,4,3,3,2,3006856.662318667,1077639.3005881072,12582.08,242.54000000000087,119.4931503276088
train,0e5e560d,1,3253,2,0,3,2,3010115.5905882353,1130311.6161642156,11020.240000000002,125.27000000000044,90.53593228714222
train,109d9d70,4,4215,2,3,3,2,3020316.9937241497,1106786.6470654588,12229.44,164.28999999999905,130.79478706811202
train,10a1281a,4,5609,1,1,3,2,2902232.5870773834,1029344.6009533524,11258.820000000002,179.52999999999884,130.3403487273613
train,10b89021,3,5414,0,3,3,2,2983890.1184063633,1058724.7208582193,12125.84,130.8000000000011,96.77117579313388
train,10be2420,0,3271,0,0,3,2,2953515.6130386316,1085603.3223025177,10810.86,172.61000000000058,131.83493810204064
train,113011eb,3,3272,4,3,1,0,3003471.3118460863,1071203.032609077,12533.25,-134.8100000000013,-53.50133320187782
train,1131525f,3,4159,1,1,1,0,2903190.564763879,1024459.9341348234,11300.69,-119.3700000000008,-47.331220990299826
train,11d0f5ac,1,4883,1,0,3,2,2889666.2908921293,1030650.3421135152,10941.34,138.85999999999876,134.95297987518714
train,12203f2a,1,3261,2,2,3,2,3014401.836048888,1115973.4968523341,12016.5,123.78999999999905,104.1675176594038
train,122bd617,2,4570,0,0,3,2,2957617.7871254683,1088325.7207147316,10814.4,163.52000000000044,130.4573937494342
train,125be846,3,6510,2,2,3,2,2981425.8548064237,1106401.8864210134,11440.68,236.48999999999978,131.00066412258712
train,1285a37b,0,5597,4,3,3,2,3014735.9068580307,1083240.4585249224,12750.68,191.03999999999905,117.34661538302407
train,1295a25b,0,5551,0,2,1,0,2973584.8031433853,1064776.8148088674,11757.51,-193.9400000000005,-53.17609358112488
train,12f0cd90,4,5947,2,2,1,0,2999509.637651729,1112597.2740142646,11393.46,-302.8099999999995,-73.17606809061104
train,137d1e44,3,4554,4,3,3,2,3017250.4035323933,1084022.4687042611,12752.19,132.95000000000073,128.01336001700403
train,13ce113d,0,2966,1,1,3,2,2896468.473790769,1041995.2699364101,11184.77,95.47000000000116,109.26782231731727
train,13f598d9,1,7306,4,3,3,2,3006550.8634307142,1077549.147694202,12531.29,214.67999999999847,120.72857571744186
train,14a53cb3,2,6919,1,1,3,2,2911612.448996583,1040038.2709817766,11187.02,169.8799999999992,130.40018640829533
train,14ab73fb,0,3649,1,1,2,0,2904091.0894809626,1019013.8004034855,11296.740000000002,-9.789999999999054,39.00516221283056
train,14ad5efb,2,5842,2,2,1,0,2998214.602671382,1112066.6784099564,11404.93,-295.1999999999989,-72.41307484443196
train,14fee784,2,4910,2,0,3,2,2991163.951532938,1124343.4443662192,10865.48,185.02000000000044,109.49140109382662
train,153552f5,2,4695,4,3,3,2,3002134.7530070795,1092314.297822407,12083.255000000001,172.4400000000005,126.12696279622683
train,1550491d,4,4563,2,1,2,2,3005778.162808231,1113486.9732619328,11362.7,187.40999999999985,86.90712359539798
train,155887bb,0,5585,4,3,3,2,3008022.7168068537,1086038.5414174455,12302.515,118.05000000000109,137.91063547445222
train,1590af81,4,3799,4,2,3,2,2990197.728916077,1092270.6935748423,11448.37,141.11000000000058,111.06018019642009
train,15e154a1,2,6068,0,0,1,0,2960191.610344201,1078435.6397869855,10950.38,-162.17999999999847,-49.18156292079886
train,1619e2ca,3,4443,4,2,1,0,2995455.5020859716,1094422.852397534,11455.255000000001,-132.63999999999942,-68.4975755087176
train,16e4a047,4,4131,4,2,3,2,3011951.5331210415,1102242.2473187896,12002.78,110.0,113.35798901515649
train,173ed841,2,4883,4,3,3,2,3022087.8337519146,1084666.290929556,12735.785,173.72000000000116,125.81199755422111
train,1770d7c6,3,7240,4,3,3,2,3009290.318069291,1078705.5010590944,12585.08,256.2399999999998,111.11649490466506
train,177622d7,0,3154,4,3,3,2,3007506.4551159823,1088942.5521834432,12286.35,98.03000000000065,132.55912028985708
train,18d24f7b,1,4558,1,1,3,2,2905270.930190096,1039305.4559648562,11202.43,174.6900000000005,130.75509918558245
train,19137a89,1,6267,2,1,0,0,3003927.3290374465,1132792.7791065592,11053.47,-245.4300000000003,-92.37696990947578
train,1944513c,0,4722,2,1,2,2,3005563.694767389,1113191.8860933476,11315.55,156.39999999999964,87.1163364697488
train,197f8a5a,2,6310,1,0,3,2,2880373.065516489,1022700.7279837537,10968.735,168.88000000000102,127.7616197858472
train,19871e7f,0,5293,4,3,3,2,3000000.78573406,1074150.161356264,12547.78,176.75,126.59806707591483
train,198a5607,1,6251,0,1,3,2,2969843.7264405736,1098013.9417284408,11160.76,226.5600000000013,130.63835332909503
train,19fb4f7b,0,5620,4,3,3,2,3015034.185773066,1083290.3320964281,12760.43,217.89999999999964,119.04009990042854
train,1a518997,3,4606,1,1,1,0,2909603.5617130194,1037333.6233496332,11211.01,-156.38000000000102,-47.571514610940525
train,1a68190b,1,4474,5,3,1,0,2948720.071199631,1012420.9222500769,12800.545,-148.8099999999995,-75.64926053271341
train,1a730ac2,4,4605,4,2,1,0,2990360.101206811,1092565.1517903786,11400.42,-158.90999999999985,-68.45046518094317
train,1aaf1da0,4,4804,2,2,3,2,3005745.866230027,1107687.2396282232,11903.42,202.32999999999993,108.67527521388345
train,1b08ed48,2,5618,0,3,3,2,2987073.2048905925,1068424.6596571428,12110.28,164.28000000000065,91.22073843172717
train,1b1c5372,1,4261,2,0,1,0,2999852.589400898,1125301.5991540055,10863.72,-160.77999999999884,-70.66753646746022
train,1b1eba53,1,4655,4,3,1,0,3035441.7735141576,1096568.5505156482,12769.885,-94.14999999999964,-43.39135678312026
train,1b6ba517,4,6597,5,3,3,2,2923929.5294623156,1020159.0737533388,12054.96,218.51000000000022,125.83592988965368
train,1b82b665,2,3806,2,0,1,0,3000450.562307979,1125360.1365100672,10842.025000000001,-149.72999999999956,-69.65294999426483
train,1bcb2fcf,2,4524,4,3,3,2,3013901.892736214,1096651.0857078363,12550.56,145.63000000000102,111.68710284492272
train,1beca81d,3,5036,0,1,1,0,2977682.760819549,1088702.2169293233,11362.6,-141.57000000000153,-60.215888725795104
train,1d3fbf02,2,2694,0,2,1,0,2965365.162415334,1063462.4018861712,11756.2,-68.20000000000073,-89.35086943225164
train,1d78281a,3,4949,5,3,1,0,2949031.6387870777,1012531.2977224669,12782.98,-166.17000000000007,-76.95942915771738
train,1e30dedf,3,4071,2,0,3,2,2995568.970473146,1129474.2336207526,10646.44,263.78999999999905,137.4576100460559
train,1e5e3573,0,5480,2,3,0,0,3026624.1252666293,1118637.7004476564,12218.775000000001,-131.3100000000013,-90.65904389466077
train,1f9afacb,0,5328,4,2,3,2,3007377.722840941,1101107.6732889141,11952.195,152.15999999999985,110.74426484389144
train,1fdbba44,0,4911,5,3,3,2,2948611.6562671717,1017875.4237944103,12805.31,230.85000000000036,117.83766982042087
train,1fee2b62,0,4641,0,3,3,2,2996940.496825874,1072849.590395382,12509.86,137.51999999999862,111.31918190256107
train,20096916,3,5133,4,2,3,2,3000687.9945043605,1098513.5449360465,11898.875,149.02000000000044,108.72306062577239
train,200d233d,4,3926,4,3,1,0,3009852.1131886025,1102931.794635346,12049.96,-106.59000000000015,-60.018535885345855
train,201661b5,1,5955,2,3,2,2,3026635.0218264507,1110768.0172295969,12192.14,206.48000000000138,89.59848533263644
train,203721ab,1,5730,1,1,1,0,2901356.2683054595,1022820.3072536282,11192.240000000002,-100.56999999999971,-47.70470009288066
train,20402d71,3,6372,1,0,3,2,2883107.001822194,1023732.0910063052,10956.27,121.6200000000008,132.04724353305306
train,2043abc5,4,6958,2,2,3,2,2982620.1458945144,1107196.519484318,11434.04,248.8700000000008,131.3928617446301
train,204cc64b,4,4805,4,3,3,2,3021916.765061977,1084607.5350480322,12557.675,168.6299999999992,125.18538952079803
train,206b6193,4,6535,0,2,3,2,2979176.583029879,1095738.5206267505,11427.73,268.02999999999884,131.61682744220408
train,2075c696,4,3188,1,1,1,0,2901209.846365591,1038745.4303673835,11195.145,-138.42000000000007,-65.42555822743475
train,22c5f93f,4,5172,4,2,3,2,3000351.1687946236,1098369.1172770632,11871.570000000002,147.21000000000095,109.73159148620768
train,230eaaa3,0,4690,4,2,1,0,2982548.275011626,1098631.2854084638,11431.2,-180.9300000000003,-48.57725851311567
train,2364716c,3,4316,0,0,1,0,2954231.8164204825,1073725.5035417692,10984.92,-190.6900000000005,-48.92803913835426
train,23b9beb0,3,7340,0,2,1,0,2985610.1827144483,1082175.6244277586,11392.14,-234.42000000000007,-65.84108166381472
train,24d8997e,3,3442,3,1,3,2,2917384.7563165,1047788.8296626831,11183.455,101.93000000000029,129.9552279455926
train,25050f63,0,6124,1,0,3,2,2886909.117624039,1027602.0745883997,10963.64,133.1800000000003,133.52195381699337
train,25939962,1,4319,4,3,3,2,3012444.8035200126,1096122.8448278701,12257.17,136.46999999999935,110.11265332550231
train,25fd32b3,3,2885,3,1,1,0,2918272.730789705,1043377.6842124945,11188.14,-47.75,-50.410530621221604
train,261785ee,1,3646,4,1,3,2,2988229.8152902755,1091047.0283417997,11293.75,171.73999999999978,111.29906648948767
train,264feceb,2,5665,1,1,3,2,2901739.8204360153,1028902.5627578293,11189.775000000001,210.88999999999942,130.42019182089712
train,26623a50,2,5735,2,1,3,2,3001128.9151825113,1112818.7711485494,11364.85,271.0599999999995,102.02852299282054
train,26d3a96a,4,4721,4,3,3,2,3021515.6051415317,1084448.2900417633,12635.95,186.82999999999993,124.34403389350541
train,272abef3,1,4135,4,2,1,0,2993831.605441746,1093646.923377332,11442.224999999999,-153.27999999999884,-68.8821185970875
train,27300fd5,3,5467,4,3,3,2,3014614.9766598972,1083368.4992932575,12573.13,196.71000000000095,119.00526747032106
train,276b012a,0,4837,4,3,1,0,3010481.389518359,1071647.194732157,12426.11,-164.22999999999956,-52.59337910164579
train,27c3155b,1,4958,4,3,1,0,3035476.0685045384,1093283.938546319,12737.16,-99.76999999999862,-43.8227722424965
train,27ebb9b9,0,5766,5,2,3,2,2921837.8507358516,1018664.530142465,11937.3,169.1800000000003,126.90386087747918
train,283269ac,1,2626,0,2,3,2,2979593.608675279,1098653.2826779066,11450.990000000002,89.45999999999913,131.82244910258268
train,28473855,0,4290,0,0,3,2,2962700.579294562,1079327.9290453172,10980.62,124.78999999999905,131.2123572750462
train,28f4eda9,3,5266,1,0,3,2,2885980.616907972,1027001.7962719813,10936.325,96.11000000000058,133.4119316241244
train,29b24409,0,5587,1,1,3,2,2905473.101380612,1036963.2932897398,11214.05,188.3000000000011,130.5617501769857
train,29de15c8,0,3431,2,2,3,2,3012327.936727343,1117547.8591692487,11987.59,89.68000000000029,91.35351179900249
train,2ab29395,3,1852,4,3,1,0,2999643.796538346,1088124.5559248119,12211.19,-48.67999999999847,-64.61886989062472
train,2ac7cb6b,1,4990,2,0,3,2,2993037.665695241,1124468.0082762362,10873.88,262.7300000000014,108.29549971191193
train,2acc78d4,1,4266,2,2,0,0,3008531.008865608,1108321.6579456541,11863.65,-129.21000000000095,-91.60484203205974
train,2b034622,1,5203,1,0,3,2,2858246.8825721047,1043188.9197396834,10065.72,189.86000000000058,129.34231384521627
train,2b06ad65,3,4256,2,2,3,2,3011752.7497634073,1118043.8012232736,11954.21,127.27000000000044,91.29590561396354
train,2b547943,0,3480,4,3,1,0,3000556.0718086143,1087992.6380003898,12210.05,-101.75,-67.59321309415358
train,2be5c96a,2,4210,4,2,1,0,2998590.5185816097,1092538.0991656526,11796.33,-152.4300000000003,-44.42513493946274
train,2bff06cf,2,7624,3,0,3,2,2922762.2006921736,1058812.8671942446,11028.53,355.4499999999989,132.05910361801682
train,2c0c4a4e,0,4790,0,0,1,0,2958949.287532371,1077239.1411445157,10966.46,-169.36000000000058,-50.28576326303735
train,2cee0cba,4,5500,1,1,1,0,2896259.4297900475,1034307.1366952965,11221.92,-171.0,-49.62073148361392
train,2d0c268a,2,4550,2,1,2,2,3002735.7464986485,1119228.1983494991,11312.46,170.21000000000095,88.36640108375197
train,2d179ded,4,7008,1,0,3,2,2868460.8220466124,1028125.9389441735,10693.87,162.17999999999847,131.56520761747183
train,2d196986,3,6474,1,1,3,2,2911992.6926815775,1040130.0983213083,11194.805,177.17000000000007,130.29996615529566
train,2d2d0c6b,4,5045,3,1,1,0,2921054.2970274147,1044353.3185488733,11193.09,-91.67000000000007,-41.05441271791639
train,2d35f86d,1,4896,2,2,3,2,3000407.7485998794,1105181.3599366324,11880.04,212.77000000000044,112.24100017859661
train,2d9f6cb9,2,7338,4,3,3,2,3008461.963047409,1078573.0544337546,12530.59,201.0599999999995,111.45821949596045
train,2ddad940,3,5331,0,2,1,0,2973293.080129184,1063741.2524001761,11698.31,-190.29000000000087,-53.169872526876695
train,2e29e833,0,5428,2,3,2,2,3023285.5448566307,1111293.630594155,12148.65,207.07999999999993,89.71821351422301
train,2e43c2ea,2,5698,3,1,3,2,2914930.690698054,1045948.5012246565,11187.55,187.17000000000007,129.71586176401618
train,2e63d9de,2,4699,4,3,1,0,3023743.0776003078,1095297.2240076864,12527.86,-87.8700000000008,-53.87593174696082
train,2ee0235b,2,5556,1,1,3,2,2901544.531930816,1028566.7084468026,11183.28,201.76000000000022,130.5158092553044
train,2f19d536,1,3088,4,3,3,2,3002539.563857504,1077349.3945109614,12271.46,105.03000000000065,125.83746056581046
train,2f8e53c3,2,2594,2,2,0,0,3011860.6029397533,1108785.032080813,11951.13,-62.56000000000131,-92.4682702570432
train,2fa01aa6,4,2174,4,3,1,0,3022973.5726269432,1086983.1502746113,12697.56,-73.31000000000131,-51.644493892124
train,2fd68f7b,0,4730,2,0,1,0,2998302.4743817584,1125308.4297163454,10871.23,-250.10999999999876,-71.19262786450821
train,2fe023be,3,4221,4,2,3,2,2989146.0177689767,1091540.8872046205,11452.85,195.65999999999985,114.55806994475046
train,30d75030,0,3404,2,0,3,2,2991865.208442803,1116116.0584547815,10875.61,165.38999999999942,93.9315205439458
train,310c71a5,1,5245,1,1,3,2,2905287.4652661704,1034457.5330008586,11186.81,206.47999999999956,130.18800181216972
train,32fe84c9,1,6408,0,3,1,0,2984629.2919674143,1069258.693039324,12107.46,-123.79999999999927,-89.04806793353666
train,33c40295,2,4169,0,2,3,2,2987233.945116046,1088227.1354216062,11412.64,155.71999999999935,110.60526323362137
train,3407f5bf,3,3638,3,0,1,0,2929962.8006178187,1053861.803492183,11000.72,-86.08999999999833,-49.3674178152506
train,3417285d,3,5449,0,3,3,2,2983667.747055511,1058575.618302494,12197.36,112.18000000000029,98.43301836867755
train,347242c8,1,3595,2,2,1,0,3014940.021373919,1117485.0900202317,12034.27,-158.1900000000005,-66.80562356904235
train,353e5502,1,6062,3,1,3,2,2920374.3377104164,1049542.1560232881,11187.03,230.8099999999995,130.33103329627517
train,357c12f9,1,4079,3,0,3,2,2939483.9414038127,1066137.2613327557,10785.240000000002,152.04999999999927,127.85232290570146
train,3584a6eb,2,4494,4,3,3,2,3010135.413700813,1095112.0629788619,12213.55,120.48999999999978,111.2304870273757
train,35b30c7f,4,9579,0,0,1,0,2953274.858122449,1075871.9027107365,10984.84,-340.66999999999825,-48.66258673330948
train,35b3ef6a,3,3904,3,0,3,2,2936901.639919805,1071294.106602162,10760.56,208.3100000000013,130.94301028973675
train,367456ce,3,5569,2,0,1,0,2996038.5458082603,1118744.9803391686,10877.315,-246.60999999999876,-70.09592948991302
train,368131f9,0,4991,2,2,3,2,2998248.610293849,1104321.3070264922,11888.47,188.25,111.01747543266644
train,368fe682,4,4936,1,1,3,2,2900633.338534913,1028569.2561518081,11289.175,150.89999999999964,130.8215721991237
train,3690a146,0,4073,1,1,1,0,2911334.9994132966,1038537.7706422496,11200.26,-110.0,-47.78300072220453
train,37344c2a,2,5197,3,0,1,0,2919964.717635028,1042923.4759167507,11015.55,-74.51999999999862,-45.30305276729346
train,373ef48b,2,3509,1,1,1,0,2905745.2321354165,1025769.6636538461,11184.04,-123.46999999999935,-47.89342245797766
train,374be387,3,9965,1,0,3,2,2872825.346799695,1029882.695248263,10709.78,253.92000000000007,131.25598312210883
train,37d36812,3,4367,4,3,3,2,3008614.649228852,1094709.3424680072,12226.1,96.27000000000044,121.0290904800796
train,38991fd4,0,4798,3,1,3,2,2933868.8228021394,1057288.103776929,11208.23,200.03999999999905,133.1119699167371
train,389ae58f,1,6463,0,2,1,0,2973135.3362760637,1068828.1731849776,11753.11,-188.46999999999935,-52.643222478222924
train,3932faa6,1,5452,5,2,3,2,2920902.80203438,1018283.9872631293,12027.67,132.5600000000013,128.67846247082244
train,398dce4b,2,3166,0,0,3,2,2952955.215918082,1085111.2611128872,10819.37,119.43999999999869,131.30393272545544
train,39b51819,1,4231,3,0,3,2,2920706.6100282045,1050937.2142071452,10985.03,162.63000000000102,130.43378210428176
train,3a0af893,3,2927,2,3,3,2,3021019.0812641922,1107076.9633078603,12194.404999999999,112.84999999999854,131.60531679729513
train,3a223519,0,4583,5,3,1,0,2945581.8097067317,1012433.6814709011,12813.91,-155.9300000000003,-75.53153124499606
train,3a7dd95d,4,3072,1,2,0,0,2916177.9270185186,1032055.024326389,11886.7,-44.86000000000058,-134.39492526018336
train,3a824aa7,3,4201,4,3,3,2,3011532.9244663618,1095947.1317224375,12208.445,118.38000000000102,110.18530905648404
train,3a86fe8d,0,5118,4,2,1,0,2989676.8353225808,1098642.2423980522,11441.62,-148.96000000000095,-70.13319684927313
train,3aaa2b30,3,4711,2,0,1,0,2992126.065403377,1117277.1159709194,10899.98,-195.84000000000015,-81.84364719315255
train,3ac16ad0,1,5649,1,0,1,0,2890764.407738802,1022164.7593213707,10961.240000000002,-146.64000000000124,-45.2937740739621
train,3b21ea64,0,7376,4,3,3,2,3008940.097660112,1078520.4523607602,12429.48,201.07000000000153,110.96650524013559
train,3bbe1f5d,2,6918,1,1,1,0,2906216.923074291,1028439.4256170577,11204.88,-247.5,-48.36619893102158
train,3bfee975,4,3603,4,3,1,0,3001190.4197739777,1088257.3075353773,12163.36,-92.69000000000051,-69.41230094349007
train,3c3dbcbc,2,5069,4,2,3,2,3001031.131882506,1098625.199039213,11856.75,125.60000000000036,108.48624667357734
train,3d96d897,4,5659,1,1,1,0,2908016.4654764235,1029573.0082272282,11199.87,-201.96000000000095,-48.00529909108079
train,3df4b19e,1,4988,2,2,2,2,3006087.4729077797,1119302.615225293,11373.96,149.67999999999847,88.56773996389354
train,3e011332,0,2723,0,2,3,2,2985773.590363486,1087021.4476827758,11426.705,134.27000000000044,112.39679363093474
train,3e678ea7,2,6858,4,3,1,0,3017735.166680783,1091504.7807496851,12533.18,-136.64999999999964,-69.41681571428984
train,3ef6372a,4,4727,4,2,1,0,2982909.445636064,1098979.2612376236,11414.05,-122.69000000000051,-48.18188925469519
train,3ef98781,3,3892,2,2,3,2,3012114.335088901,1117773.8327512634,11952.33,104.85000000000036,91.23409333052923
train,3f603129,2,5051,2,0,1,0,3005488.675870586,1133248.6305334142,10993.01,-196.67000000000007,-76.32140538550992
train,404c4384,3,911,0,0,3,2,2955914.1993721286,1086109.9998966309,10805.224999999999,27.469999999999345,132.62711602083422
train,4121c517,3,3723,2,0,3,2,3007811.4320325353,1131026.347490404,10949.820000000002,145.70000000000073,104.29138583495978
train,41fb0192,4,2973,4,3,1,0,3007297.7278520884,1075798.2501004336,12595.73,-119.97999999999956,-56.847100118052886
train,42669188,0,4282,0,2,3,2,2969923.645197368,1062658.4307598686,11601.03,183.27000000000044,125.37665339229792
train,42c538a1,1,3279,1,1,0,2,2909031.161419572,1022236.8262473751,11297.375,36.05000000000109,-131.24121189649915
train,43b06c70,0,4846,2,2,3,2,3005416.2435720786,1107488.935632777,11906.4,245.60000000000036,110.25223407591648
train,43c7f85a,0,5978,1,0,1,0,2888077.628254944,1019340.633015767,10968.820000000002,-210.15999999999985,-48.75920208465993
train,43e16325,1,3720,3,0,2,0,2928982.1610761336,1048846.7608742516,10963.22,-114.29999999999927,39.945232795679566
train,44441e54,1,4357,2,2,0,0,3011799.442106681,1107946.204136135,11970.52,-112.76000000000022,-91.92671037197054
train,445af6c2,4,6041,1,1,1,0,2909559.673427107,1035237.5228369592,11188.59,-176.64000000000124,-48.42871957250734
train,4463446c,2,3256,3,0,1,0,2946442.072757454,1072618.9053140199,10516.56,-148.29999999999927,-49.07308130199796
train,44a94013,2,4903,1,0,3,2,2888836.4763693777,1029842.7473151571,10912.955,220.70000000000073,135.91294152019034
train,45fb3e21,0,3649,4,2,3,2,2990720.601637042,1092300.5061304655,11444.8,142.63999999999942,111.45156126793148
train,460f859e,4,3336,1,1,1,0,2914405.8898454434,1040433.8724046567,11205.595000000001,-35.969999999999345,-49.96069582449902
train,4630ab92,1,3373,4,2,3,2,3013720.5544017334,1102326.274497833,12019.27,101.84000000000015,110.94384359648315
train,463c38f2,4,4460,3,1,3,2,2935154.4169064155,1058622.5116517858,11184.28,189.89000000000124,131.85474676821113
train,4654e7de,1,5373,1,1,1,0,2909077.0208131243,1030556.5545235379,11220.570000000002,-173.39000000000124,-47.452359387124545
train,466fc788,4,6197,4,2,3,2,3009768.2289880263,1101601.44195056,12002.3,148.0,120.73353948027233
train,46a301e9,3,8226,0,0,1,0,2973989.7533557517,1095818.3014956836,10962.16,-250.32999999999993,-50.298499759434016
train,46a7190b,4,4215,4,3,1,0,3025379.9397803755,1097645.2286238046,12496.8,-62.38000000000102,-83.56273546740647
train,46d24a09,3,4449,5,3,3,2,2948927.84781643,1017965.5895868038,12753.02,207.39999999999964,117.6395555073758
train,46d41ff6,0,7901,0,3,1,0,2991906.909318231,1067430.0806481682,12064.4,-266.2000000000007,-68.79979319230718
train,46dfcfca,3,3606,4,3,1,0,3025010.09492786,1097849.2579211541,12504.25,-83.19999999999891,-83.91384108550952
train,47222616,3,4406,4,3,3,2,3009758.5309477295,1095105.4801662383,12207.45,105.20000000000073,111.24813879423336
train,47ee27ab,0,6397,2,1,3,2,2981102.698226976,1105972.6998549674,11366.02,222.47999999999956,130.69925352458066
train,481de5fc,0,5952,5,3,3,2,2922920.8469560696,1018804.9714933714,12057.4,203.38999999999942,125.4334998092813
train,48c1f673,2,2917,2,0,3,2,2997491.43386841,1129523.1378525505,10860.11,170.26000000000022,137.31453167302405
train,4936af16,4,3991,2,0,1,0,2990958.969312826,1117741.6445727649,10866.09,-134.71999999999935,-86.82635566530107
train,493b5b31,0,4671,4,3,1,0,3035360.48651656,1093134.1874811156,12700.955,-123.41000000000167,-43.83971184120064
train,49dbc14c,3,3872,1,1,1,0,2911723.6127087343,1045001.1182108503,11193.46,-118.77999999999884,-50.294826311009864
train,4a035ec2,0,2588,4,3,1,0,3006866.7414705884,1075714.812368421,12587.915,-82.11999999999898,-56.259362459832666
train,4a335117,0,5015,3,1,1,0,2914575.4522476587,1046825.0816827709,11210.81,-214.6800000000003,-50.12800499582731
train,4a8ecc0b,1,5809,4,2,3,2,3005331.2720748573,1100626.3523867643,11870.78,156.25,111.4762320899306
train,4b462989,3,3106,3,0,3,2,2927514.727642465,1057328.296798227,10968.5,173.41000000000167,132.17709612108052
train,4b831d20,4,7312,4,3,3,2,3009595.0655019614,1078658.4731251989,12535.9,294.59000000000015,111.08052957086417
train,4c2208f5,3,5384,4,3,3,2,3034678.559855133,1091212.7748799669,12704.76,44.30000000000109,136.8711064794562
train,4c3168cf,2,4334,2,2,3,2,3011570.3348380597,1118140.829674442,12000.17,124.80999999999949,90.95957887194587
train,4c3df468,2,5392,1,0,1,0,2885166.412882805,1017497.5823207302,10957.23,-284.77999999999884,-50.90809862338405
train,4caa7289,4,5396,1,1,3,2,2902080.154759265,1033387.5445739714,11195.16,157.42000000000007,130.9200157861095
train,4cd1ac61,2,4489,2,2,3,2,3004747.3579147416,1107038.5407363244,11874.490000000002,220.73000000000138,110.99205413503404
train,4cecf7b3,3,6019,4,3,3,2,3009360.7971925484,1101646.0578322043,12048.375,205.03000000000065,121.01920154853528
train,4ddde4c1,4,4472,2,0,3,2,3006924.223953561,1131803.2266354994,10954.35,156.75,103.4855057965043
train,4e050c92,1,3705,2,2,0,0,3012363.095210084,1107755.2181130634,12044.79,-106.07999999999993,-92.0322099325103
train,4ed93db6,1,4657,2,1,2,2,3007421.959113301,1119359.8514208745,11363.79,127.35000000000036,88.9182000887134
train,4f3eb9e9,4,4697,2,1,2,2,3005380.7005362883,1119703.8918744712,11356.42,99.27999999999884,88.2277112678032
train,4f4ac5ce,3,5162,1,1,3,2,2897499.0443933904,1026801.9995521089,11196.53,144.09000000000015,130.60006499869633
train,4f4afcc6,0,5645,1,1,1,0,2907263.512827116,1028841.181794265,11175.54,-189.35000000000036,-47.87743370601648
train,4f69febf,3,5460,1,0,3,2,2886648.7052638503,1027138.8753849191,10953.23,130.59000000000015,134.90361498692116
train,4fbe9c06,4,6287,1,1,1,0,2909753.291617536,1035529.6760078105,11194.21,-216.78999999999905,-47.575230652739904
train,504c8b08,2,6367,1,1,3,2,2912654.622789566,1040380.8502271593,11193.51,164.14000000000124,130.40129850564983
train,511e1db0,1,3821,3,1,1,0,2938557.714384411,1061432.47910186,11184.44,-198.15999999999985,-47.461375910089366
train,512943b2,4,5029,2,1,0,0,3004608.347349199,1114259.5054916928,11358.75,-158.22000000000116,-91.46828897372708
train,5138a660,2,3559,2,3,1,0,3013042.8710809695,1107560.7993083454,12060.43,-141.1999999999989,-80.22337338416533
train,516088b7,1,6645,2,2,3,2,2981679.850787952,1106636.6847313254,11463.31,246.73999999999978,131.12577921714055
train,521a7819,4,5200,1,1,3,2,2905654.814861573,1039938.9504831119,11199.91,198.14999999999964,130.97726852416045
train,5254b6db,3,3274,5,2,3,2,2920525.3518709675,1015007.4274154446,12046.95,100.97000000000116,138.21821028303768
train,529e88ca,3,3417,2,0,3,2,3003524.648172473,1137729.9376984579,11002.77,259.02000000000044,136.81943864257437
train,52f1e77a,4,4442,2,2,0,0,3023023.189707583,1118274.3533471008,12031.66,-124.73999999999978,-90.90435382399829
train,5305524b,4,4898,1,0,3,2,2888398.107565433,1029477.6413659594,10927.76,210.38000000000102,135.23658378035879
train,53134831,1,5126,2,3,0,0,3025715.7273565293,1118698.0152619907,12187.240000000002,-93.32999999999993,-92.13039943599921
train,5397ceb1,2,5255,4,2,1,0,2991625.253553076,1086694.2199779768,11402.71,-198.3000000000011,-68.83163491087497
train,53f23031,2,8550,0,2,1,0,2985847.3213666664,1081724.2336568628,11393.68,-261.3299999999999,-64.63214527444559
train,543198e8,3,6503,3,0,3,2,2921800.2451871014,1058586.8452568885,10979.17,339.4300000000003,132.31087434200586
train,54753541,3,4026,3,0,1,0,2945053.3770699063,1063992.638276105,10771.63,-144.67000000000007,-48.30761922341949
train,54a7e3c2,0,6155,0,1,3,2,2970081.0506664133,1098330.617704295,11164.9,218.85000000000036,130.62714720116892
train,5542c301,3,3591,3,0,3,2,2927776.480872446,1057585.4930204307,10979.22,170.73999999999978,132.57440238926745
train,5567d551,2,6889,2,2,3,2,2989164.940893921,1104934.898603099,11411.45,253.3099999999995,121.37702964789821
train,55efee7f,1,4801,3,1,3,2,2935610.2908362476,1058771.9647711723,11208.68,201.23999999999978,130.62762845114722
train,5663b2b7,2,4972,5,3,3,2,2921874.761675112,1018306.6291848848,12051.01,157.84000000000015,127.41016659046728
train,5693dde2,3,3488,2,3,1,0,3020865.1170326043,1112263.1351196864,12244.56,-180.65999999999985,-48.757801151318525
train,56b00794,1,6065,3,0,1,0,2920055.9762827368,1043294.6454709996,11013.76,-125.30999999999949,-43.56467070889739
train,57796579,1,5890,3,1,3,2,2937573.229206245,1061205.164981632,11199.84,237.0599999999995,130.4840179186292
train,577eec7c,1,4539,1,0,1,0,2862840.8002021364,1040565.1667921118,10071.71,-184.02000000000044,-49.39681202527064
train,57f05c51,4,4771,4,3,1,0,3035618.683769682,1093397.0707934548,12686.36,-128.78000000000065,-44.135896187358505
train,58850d2c,1,4995,4,3,3,2,3026360.7749363976,1096197.1687033826,12511.68,70.79999999999927,94.71053976889729
train,58fa8486,2,4475,5,2,3,2,2920700.315478289,1015942.0151469148,12044.2,143.07999999999993,133.70992082732317
train,591cc951,0,4609,3,1,3,2,2936314.0796446246,1059323.7413390314,11197.72,221.8799999999992,130.9105676533367
train,593876b6,2,4842,2,2,0,0,3006654.010205781,1114035.0150895382,11382.64,-161.14999999999964,-95.9640738823111
train,59f8b2e8,3,3747,1,2,1,0,2901782.8284262526,1010784.1012949895,11506.974999999999,-161.10000000000036,-16.79826940353231
train,5a1a8fd8,1,5260,4,2,1,0,3001701.365518051,1099421.387157323,12010.03,-123.63999999999942,-69.46320898119994
train,5a5269a9,1,6513,2,2,1,0,2994795.522122191,1111162.078114988,11404.81,-315.8299999999999,-68.54017622671738
train,5a5d1982,1,3894,1,1,1,0,2908901.534919207,1032827.4611072346,11195.86,-141.84000000000015,-47.910206557560116
train,5a63b5d1,3,6217,1,2,2,2,2886210.889843517,1010729.2679371585,11495.19,94.94000000000051,76.35769077883734
train,5aa03df7,0,4871,0,1,1,0,2978825.2862425945,1089082.576288507,11329.78,-175.46000000000095,-60.40457968081312
train,5aa403d0,2,3118,3,0,3,2,2926943.507477669,1056853.9164780944,10978.685,145.53000000000065,132.20566939399484
train,5aef5c6c,4,3121,0,1,1,0,2968974.5196476406,1072911.751269318,11314.33,-47.8799999999992,-54.94609715488642
train,5b7b6324,2,6564,0,3,3,2,2994729.478145663,1067375.7023179212,12525.36,209.07999999999993,111.2273205775824
train,5bd25f59,0,4210,2,0,3,2,2997058.0365457516,1129285.7997222221,10800.92,270.2600000000002,137.68871094140187
train,5beded95,0,3057,2,2,1,0,2984115.5173906675,1101210.423550952,11397.19,-90.8700000000008,-48.801418272505394
train,5cb483ac,2,3852,2,2,0,0,3012004.765086439,1107753.4465904725,11996.69,-113.06999999999971,-92.87131711779217
train,5cdd8dbc,0,4010,1,1,3,2,2912025.978242045,1043467.6647348288,11193.88,99.55999999999949,129.85259885583426
train,5d11dfb5,2,5895,0,3,3,2,2981092.4101125216,1055520.6489114221,12220.2,239.8000000000011,95.14966480502363
train,5d7198fd,3,3368,2,3,3,2,3019135.862366062,1107182.2583427143,12239.12,182.95999999999913,131.55103993838702
train,5def1ce5,0,6443,1,1,1,0,2908632.716072277,1034301.1821045392,11181.14,-215.71000000000095,-48.96682963338267
train,5eae34a8,3,4904,1,0,1,0,2898580.514703849,1034267.9139010825,10895.39,-142.95000000000073,-49.82934304324496
train,5f4d2a52,3,5225,2,0,3,2,2998063.6360306526,1118515.374334927,10888.045,160.28999999999905,109.48357531651904
train,5f6756c5,0,5931,2,3,3,2,3015838.4841294643,1108118.363343254,12209.27,249.25,125.61696484284829
train,5f75f796,4,5562,4,3,3,2,3016593.4137206445,1084280.5605912071,12773.2,180.39999999999964,127.62585080087037
train,5fb1c15f,0,2860,3,0,3,2,2928561.6393123325,1057868.598258184,11022.9,136.71000000000095,134.4682329444802
train,5fffa282,2,4201,4,2,1,0,2989428.822256147,1098414.578698377,11430.47,-116.1299999999992,-70.17736221042348
train,60e37807,4,2699,0,2,3,2,2986100.3330295193,1087189.2000258565,11421.740000000002,115.27000000000044,111.96644328265351
train,61f27424,0,6220,0,3,3,2,2980062.1307744877,1055263.6268409062,12146.08,199.85000000000036,90.6980692633017
train,62569ae3,0,3588,2,2,1,0,3022222.831629149,1116996.4469019459,11943.215,-86.90000000000146,-88.905068244032
train,62a6f539,0,3693,3,1,3,2,2917077.1975099943,1047579.5676185037,11192.8,113.69000000000051,130.1112390338751
train,633774dc,3,6233,0,1,3,2,2969507.021003512,1097801.5881761166,11166.825,208.45000000000073,130.46059631980043
train,63559d57,0,4069,2,3,1,0,3014671.9009535285,1111729.1743166952,12139.1,-208.71999999999935,-51.993101190573434
train,647f2a41,3,3881,4,2,1,0,2999137.2622583965,1092837.2620099382,11893.67,-146.36999999999898,-47.554537525519585
train,65156b96,1,3221,3,0,1,0,2925998.5795937376,1056809.1151248515,11030.13,-190.23999999999978,-48.203093460645235
train,653612bc,3,4605,2,2,0,0,3025054.6041792803,1118499.0627447022,11960.29,-104.81000000000131,-91.77265255805672
train,656a067b,1,3051,2,0,3,2,3007952.464940768,1131168.8561846404,11016.105,125.34000000000015,104.69440004988695
train,65a5466a,2,4683,2,0,1,0,2999208.341860389,1125202.8410331863,10846.75,-193.95999999999913,-70.87059535381462
train,660d9546,3,4732,2,2,0,0,3023973.9589250814,1118238.8438925082,12006.990000000002,-112.27000000000044,-90.50461611585983
train,6767c111,4,6783,2,1,3,2,3005426.076095284,1137170.8940926502,11050.29,421.7599999999984,136.69054830766868
train,67847288,2,7429,4,3,3,2,3007156.5452594287,1077829.658176368,12530.205,240.3199999999997,118.10874688920198
train,67a8da4a,1,4911,4,3,3,2,3021016.628604966,1084125.6370790068,12671.66,156.86999999999898,122.46974107217302
train,684a6fc1,3,9818,0,0,1,0,2961405.298775439,1077018.347676653,10951.79,-231.36000000000058,-49.08948506511011
train,698930d1,2,4741,2,1,3,2,3007158.877036011,1131548.487491536,11033.41,151.01000000000022,103.26468423994798
train,699ea575,0,4120,4,2,3,2,3012229.423925831,1102319.616213007,11991.91,88.7400000000016,112.9161591572121
train,69c1bdad,1,2714,0,2,3,2,2979217.432277718,1098322.5045145317,11412.3,89.55000000000109,131.16066297788774
train,69e41fa6,0,5772,2,2,1,0,3021710.9336151807,1115969.544540254,12047.25,-127.93000000000029,-84.84504818938477
train,6a0ff78e,1,6465,1,1,1,0,2908905.7560468945,1034486.2559860583,11201.7,-193.42000000000007,-48.84443240854373
train,6a8fa194,0,3017,1,2,3,2,2910188.744221602,1017498.8372750697,11994.44,116.92000000000007,156.9455850494681
train,6ae68655,3,4204,0,3,3,2,2989585.7098520515,1059279.7123655009,12125.98,182.98999999999978,134.52181815464658
train,6d1d74e1,4,5830,1,0,1,0,2885723.7813012577,1017650.2686262986,10961.05,-261.7399999999998,-49.614116736522305
train,6d590e26,2,6096,2,2,3,2,2995075.44952053,1117944.6429737313,11370.58,246.47000000000116,109.53137649838608
train,6d6d93af,2,3595,1,2,1,0,2902130.3667144203,1011485.5626333648,11498.2,-138.03999999999905,-16.499453892674737
train,6dbe4b60,2,4648,2,2,0,0,3004987.3050816725,1114229.6549108347,11400.11,-161.17000000000007,-92.45576593508663
train,6e6d122c,4,5632,4,3,1,0,3010104.354203021,1089386.4718791472,12263.86,-165.73999999999978,-48.74833105727809
train,6e9ccd38,1,8282,1,0,3,2,2869612.6346002705,1028871.841787088,10696.45,200.9499999999989,131.48000578378648
train,6ea22614,0,5971,2,0,1,0,2992893.343474791,1118200.8623701544,10864.575,-224.88999999999942,-66.77252478612436
train,6ede926a,1,4938,1,1,3,2,2902521.671247546,1033405.6789774959,11201.51,144.54999999999927,130.6204875046925
train,708caea9,3,6548,2,1,3,2,3005949.683086536,1137399.1515703844,11048.735,416.3899999999994,136.5319130845953
train,70925e23,4,5947,4,3,3,2,3024090.939546581,1078140.9107569375,12694.425,92.54000000000087,122.74877992150988
train,70e1788b,2,9285,1,0,3,2,2871706.5680269888,1029523.3383295113,10667.154999999999,211.95000000000073,131.1352108079752
train,71642c7d,0,4648,5,3,1,0,2944928.9034670275,1012444.1771909269,12828.12,-171.60000000000036,-75.63754790892783
train,71ccf778,1,2698,1,2,3,2,2910958.126383301,1018098.6652757949,11977.35,90.55999999999949,146.79111035613604
train,7224331b,4,6063,0,3,3,2,2982126.5213084854,1055796.005728258,12174.02,243.88000000000102,102.53057454673305
train,722cf0d8,0,5143,1,0,3,2,2887405.466756014,1027989.3776329897,10931.64,150.23999999999978,134.92928516199314
train,7256229b,4,5415,2,0,1,0,2997095.406014056,1119115.4828614458,10895.37,-224.36999999999898,-69.9178972190222
train,726f3dc2,4,6723,2,2,3,2,2980987.7093433114,1105821.8363835714,11437.3,207.90000000000146,131.0819722866145
train,7271dd80,1,4340,0,0,1,0,2958121.3636478754,1076975.5271899393,10974.9,-136.17000000000007,-49.796428833794955
train,727a3a10,1,4397,4,3,3,2,3035245.6248691264,1098530.7304698834,12726.320000000002,8.429999999998472,130.80184833340448
train,729665c0,1,4263,4,2,1,0,2999484.693565368,1093005.3472917748,11861.65,-166.78999999999905,-50.496319175150504
train,729e9750,2,5919,1,0,1,0,2888887.636329608,1020214.8260280059,10963.33,-222.22999999999956,-47.25908765307
train,729f4217,0,6195,1,1,1,0,2910143.3313211272,1035640.6140858799,11206.34,-192.77000000000044,-47.73506740163979
train,72dd8501,3,5193,4,2,3,2,3007079.16596709,1101390.2807289262,12021.14,137.34000000000015,110.19317829213007
train,73348914,2,4221,5,3,1,0,2944824.2524657054,1012193.8001494899,12749.884999999998,-171.1899999999987,-75.30514967177946
train,739a914f,4,5505,2,2,0,0,3008945.619954912,1114339.0292485312,11373.36,-209.42999999999847,-92.2132332076304
train,73b1447d,0,5670,4,3,1,0,3009641.969380484,1089369.3284711514,12288.265,-212.5600000000013,-48.82738687348847
train,74b6186b,3,3405,0,0,3,2,2957766.855578866,1089245.5190326339,10808.215,134.21999999999935,131.0454565033847
train,75c20ec7,3,5361,4,3,3,2,3003267.351186676,1092387.9138167938,12211.66,189.23999999999978,127.49095951564131
train,75cd5f11,2,4946,1,1,1,0,2909935.7391575663,1037507.1653447738,11213.345000000001,-138.20999999999913,-47.44191841395983
train,75d20a82,0,5067,5,3,3,2,2921848.533357612,1018345.7491459583,12051.415,139.5500000000011,127.03930525007118
train,76201745,1,4448,2,0,1,0,2999497.493076135,1125120.704571526,10616.56,-184.5699999999997,-70.22021528786443
train,764072a5,1,2949,1,1,3,2,2909811.333106226,1041561.4465563778,11178.88,92.14999999999964,130.62041291141253
train,77b0d905,0,4174,4,3,3,2,3010865.4309083237,1095569.131943272,12217.2,116.41999999999825,109.96017197276905
train,77e4821c,2,5393,3,1,1,0,2921675.7711880733,1044802.8096299693,11198.615000000002,-129.92000000000007,-40.06452675871196
train,7850c72e,2,5497,4,3,1,0,3036360.6899481327,1093642.4941143673,12869.3,-194.7400000000016,-44.02052963303157
train,78a4a386,1,5119,2,1,3,2,2981286.9521085494,1105749.7485991034,11367.46,169.92000000000007,130.92680655158097
train,79507629,3,5302,0,3,3,2,2999769.7342472677,1073879.3416967213,12545.03,191.97999999999956,126.32475924170421
train,796dbd4c,1,6248,2,0,1,0,2993228.3821787084,1118368.1731317388,10895.28,-256.64999999999964,-67.46444401696057
train,7987f2f2,2,3705,2,3,1,0,3014178.7313300665,1111884.7426951348,12217.605,-189.27000000000044,-53.07070858389215
train,7993a768,1,5487,0,3,2,2,2986228.021955442,1061411.9404058463,12163.19,95.56999999999971,89.74235503082633
train,7a5660b0,1,4998,4,3,3,2,3019291.2209328143,1089945.5517863322,12722.320000000002,135.32999999999993,110.75197433175006
train,7acda2df,4,3091,3,1,1,0,2916700.1567135327,1042043.4027943762,11190.28,-73.97999999999956,-49.42228714273181
train,7b2c7b3c,2,2584,0,2,3,2,2986665.1782415505,1087555.3117253603,11414.06,103.15999999999985,111.67503559399583
train,7b38844c,2,3749,2,2,0,0,3011662.531610545,1107756.604466038,12034.59,-123.82999999999993,-93.02976464125386
train,7bb17b96,4,3922,2,2,1,0,3013589.9416203965,1107635.4930632673,12019.92,-167.1900000000005,-70.92919746185781
train,7c607683,2,5328,1,1,3,2,2906646.9469104414,1040937.1339851449,11196.12,178.3199999999997,130.46221303429513
train,7cbbd047,2,5121,2,2,1,0,3017002.059622975,1111849.204802651,12020.555,-261.78000000000065,-50.40554930478395
train,7cd4bb31,3,6439,1,1,1,0,2905785.7572408593,1027869.8637944465,11194.42,-231.09000000000015,-48.09149765276052
train,7d50373e,2,5122,1,1,1,0,2902221.2534000617,1023937.2638327687,11203.18,-85.80000000000109,-47.4934927392747
train,7d57c75d,2,4405,2,0,0,0,3003936.810092728,1130166.497655767,10798.97,-145.09000000000015,-91.84811838067361
train,7e208414,0,4226,2,2,0,0,3010771.2609176557,1107990.8003401954,12025.59,-113.93000000000029,-92.7266401053508
train,7e721392,4,6174,1,2,2,2,2885760.390059029,1010589.0550897482,11473.320000000002,118.95000000000073,75.46112309893793
train,7ff89f8f,3,7337,1,0,3,2,2869507.7835727017,1028225.7099633085,10683.33,185.82999999999993,131.4579043324036
train,8050c789,0,3077,4,3,3,2,3007177.9660566803,1084684.1547955466,12279.605,97.17000000000007,134.24426160287942
train,807f0298,3,3747,2,1,3,2,3006241.2504855427,1138904.2240498273,11031.5,250.29999999999927,126.88161665057055
train,811f52b3,1,4836,1,1,3,2,2905170.746588253,1034051.7681420437,11216.28,186.71000000000095,130.68458951170857
train,81bf5923,4,4543,4,3,3,2,3035617.765259944,1098987.8206013152,12756.29,41.17000000000007,129.1855318078792
train,81fc01c6,1,5909,0,0,3,2,2954553.2567629,1088138.1181828869,10799.070000000002,218.5,131.85004562851893
train,8255c867,0,3589,1,1,3,2,2915341.3836418134,1040818.4881753466,11168.995,42.70000000000073,130.13696040059915
train,82aab6d2,4,6140,0,3,3,2,2980875.0843338827,1055555.3991925465,12144.18,238.46999999999935,93.78559849801312
train,82fcf37c,4,6014,1,0,3,2,2882175.95506016,1023201.6983060701,10958.59,90.56999999999971,132.01099443363108
train,833af382,4,3628,1,1,3,2,2915884.99746141,1041252.6732360051,11163.09,77.46000000000095,130.03115639201465
train,8382f4b6,0,4967,2,1,2,2,3009796.142845808,1119408.4446526945,11363.09,173.03000000000065,87.70991667575261
train,84633df4,2,4972,2,0,3,2,2991744.746670636,1124231.4279237983,10877.990000000002,227.63000000000102,109.33502440625026
train,8478df29,4,4857,2,0,3,2,2991995.9392893403,1124287.1241161542,10907.47,232.90999999999985,109.17302269549408
train,84815d5a,3,3647,4,2,3,2,3013528.6002270146,1102332.591284525,11954.555,88.93000000000029,111.5933366908563
train,84c3b497,4,5312,1,2,2,2,2888723.417448817,1010671.0908697546,11516.5,168.70999999999913,75.60233093962873
train,85380836,2,6618,1,1,3,2,2906187.1094788993,1040417.2663327218,11207.0,184.5599999999995,130.78768039532525
train,8612b37f,0,5165,2,2,3,2,2999615.357368885,1104708.977157338,11884.44,225.5,112.27103295356011
train,861e71df,3,4700,2,2,0,0,3007077.064024507,1114104.7603532781,11377.645,-151.20000000000073,-96.2814070302878
train,86454a6f,1,7964,4,3,1,0,3002705.7847769232,1086096.9001098901,12254.81,-307.71000000000095,-66.91193510230825
train,8648abae,4,4244,2,2,1,0,3015694.484017417,1107543.602678278,12016.695,-189.85999999999876,-57.94373890716509
train,865033f8,3,3557,3,1,3,2,2916567.432811616,1047111.6122685272,11191.29,109.31000000000131,130.71711953138274
train,87695469,1,7003,1,0,3,2,2874866.951026115,1045711.0190328171,10089.990000000002,235.0600000000013,130.06111373758918
train,877ed19c,2,3708,2,1,1,0,3012211.1286947257,1113071.3839762032,11362.85,-145.5,-86.94418427609092
train,87aa3730,2,5607,1,1,1,0,2906987.527084876,1028622.8625243384,11207.09,-210.5599999999995,-48.13471597758053
train,884ecb5f,2,6724,1,1,1,0,2909091.4223913583,1034786.1116066551,11184.47,-225.72000000000116,-48.697170514681495
train,8902c3f6,1,4959,3,0,1,0,2946297.3326128884,1066683.3375769171,10769.26,-136.90999999999985,-49.12166367403227
train,896d15b9,4,4279,5,2,0,2,2912989.0648473147,1018001.9194945594,11961.725,175.72000000000116,-139.2794326458801
train,8995c945,1,6724,2,0,3,2,3006202.724466943,1137618.652312759,11002.15,428.8100000000013,136.433177354047
train,89969c7a,0,4947,2,0,3,2,2994792.221043217,1123997.1109339877,10904.71,206.23999999999978,107.69801257105395
train,89f1085d,1,5994,0,3,3,2,3001505.1283019874,1066111.4913965587,12787.62,259.02000000000044,127.29073666535237
train,89f36adf,4,5292,2,3,0,0,3025385.5570302512,1118652.9526828576,12226.98,-103.19000000000051,-91.89248334753388
train,89fdb2f2,3,2031,2,2,0,0,3011875.3297086833,1109063.1290364144,11950.95,-53.090000000000146,-92.7156448860922
train,8a3da6d1,4,4593,2,2,3,2,3007778.758080202,1107375.302006631,12006.65,186.67000000000007,91.25930747128902
train,8a89da23,1,3935,1,1,1,0,2911890.4757506726,1038993.392896861,11219.570000000002,-121.21999999999935,-47.875050261684706
train,8a9c8932,3,4663,1,1,3,2,2900089.552132724,1028145.2950204917,11281.39,142.76000000000022,130.43086950590137
train,8ac2f237,3,5319,2,1,2,2,3008770.511895203,1119547.5339793358,11354.16,156.70000000000073,89.59574245637651
train,8b12bab6,1,5234,4,2,3,2,2999684.7068796563,1098086.1614498568,11860.915,115.0,110.67600948621276
train,8b5be31b,4,5672,0,0,3,2,2952406.813185912,1086342.5751579513,10830.62,260.8000000000011,131.13889417076464
train,8b95d6d1,4,1731,3,0,1,0,2946251.66756378,1069044.7641681638,10759.98,-35.42999999999847,-47.49325640945869
train,8b9d8326,1,6163,4,3,1,0,3001613.9538432076,1075454.3888278857,12247.98,-174.79999999999927,-53.212329461183835
train,8bb9c1e6,1,4546,1,1,3,2,2905008.3260075212,1033733.5607019742,11179.81,162.76000000000022,130.3677050944071
train,8bda1a11,2,5981,1,0,1,0,2889251.887286905,1020604.301189836,10961.815,-209.6200000000008,-47.0631614952299
train,8bfa881d,0,4089,4,3,3,2,3012691.3026287863,1096323.5669484853,12192.16,75.11000000000058,110.26719880706445
train,8c167025,0,5368,3,0,1,0,2943157.881923239,1062088.8516420638,10770.36,-133.51000000000022,-48.69290643078269
train,8c8348e8,1,3888,4,3,1,0,3025208.2631589323,1097672.8318079198,12443.22,-40.20000000000073,-83.88672201341817
train,8cc21f01,1,4044,0,2,1,0,2966397.5365036167,1063263.421720634,11751.755000000001,-108.30999999999949,-54.961544937286995
train,8cc800b3,3,6576,2,0,1,0,2990890.6461413917,1109625.2174799158,10897.7,-343.5799999999999,-65.12094035575966
train,8d5d46d7,0,5755,1,1,3,2,2905418.1162592694,1034853.03532546,11218.81,205.70999999999913,129.9520378793068
train,8d92cb49,1,3589,4,2,3,2,2989571.00961769,1091545.8495226286,11420.93,141.39999999999964,114.98272925911739
train,8f201368,1,6349,1,1,3,2,2905967.072902711,1040110.3124524598,11198.45,184.71999999999935,130.53518076479705
train,90386ee4,1,3840,1,1,1,0,2906441.0706504523,1026625.1534464555,11189.59,-145.33999999999833,-48.191999027578184
train,91abc4c7,2,5848,1,0,3,2,2898276.24806986,1028080.7380544497,10965.23,189.23000000000138,130.62237024803318
train,91b301ce,1,6570,3,0,3,2,2919668.66050282,1056340.3064696898,11012.09,282.27000000000044,130.8193309609804
train,91db7070,2,4073,4,3,1,0,3014057.5189125044,1097327.633413036,12047.810000000001,-195.1999999999989,-67.13573127150008
train,925a7cd1,2,4517,4,3,3,2,3001779.959021689,1092186.8839640054,12091.41,176.01000000000022,126.48054692505099
train,9283ae69,0,3371,3,0,3,2,2926091.0112192263,1061832.1260394685,10979.76,166.25,137.68955561479896
train,9298ad5b,2,3964,0,1,3,2,2976654.400194593,1094669.8220630274,11149.740000000002,117.10999999999876,126.62300833031215
train,9314ff13,2,2748,1,2,3,2,2911283.0375545174,1018427.1317668002,11992.17,112.39999999999964,142.4554380886588
train,93209a3d,0,4697,2,2,3,2,3004412.3293047617,1106807.192057143,11883.705,251.63000000000102,111.60405501921538
train,939d9c34,4,5101,2,2,3,2,2993130.5241662897,1102458.3525577183,11855.15,132.14999999999964,112.1998003365059
train,93f5d2e6,0,3691,3,1,1,0,2929696.859238059,1053440.7698704312,11031.72,-87.51999999999862,-49.17435647123046
train,940a48d9,4,3963,2,0,1,0,2991345.2748445,1117778.4118713348,10909.4,-104.82999999999993,-87.14245880322083
train,940e709a,2,3348,3,1,3,2,2925748.888909601,1061554.3936901183,11033.45,158.63999999999942,139.59359542697618
train,9426ec1e,1,2532,2,2,1,0,3012741.862452205,1107072.956854448,12004.79,-81.21999999999935,-85.83403974726515
train,94467f50,2,3035,3,0,3,2,2938039.0848514466,1066220.6187099295,10764.895,142.65999999999985,131.56179348468896
train,944f36b9,3,4630,2,0,1,0,2999572.852573322,1125127.7596155757,10854.34,-189.3099999999995,-70.45436402089014
train,94d813a4,4,4847,4,3,3,2,3020657.1337338793,1084022.7821316947,12715.5,191.8199999999997,122.57844361448132
train,95b559e7,0,2887,2,2,1,0,3023623.0691354033,1119372.5817636913,11954.365000000002,-65.63999999999942,-89.90944463186433
train,95c8427f,4,6335,1,1,3,2,2912684.3594919886,1040940.3381319091,11190.02,169.64999999999964,130.30952930140833
train,96936c22,1,3346,4,3,3,2,3007090.6429277565,1088692.6904842907,12084.64,83.27000000000044,135.12792784661465
train,96ae5806,0,9839,0,3,1,0,2993632.6136158584,1067467.7874416588,12115.04,-328.0100000000002,-68.4987958534765
train,96b7eea1,0,4332,2,1,3,2,2985472.7946561365,1110264.1093715038,11138.11,182.98999999999978,124.54231282745168
train,9719aa04,3,4871,2,0,3,2,3006487.5698349588,1132106.1296474119,10959.44,195.40999999999985,103.8232802114962
train,974802e7,4,5843,1,0,3,2,2869651.3046981557,1049061.5096205387,10086.62,202.57999999999993,131.43147363670275
train,97cd5bf9,4,3449,0,0,3,2,2956169.2389723477,1087870.326422828,10819.63,123.31999999999971,130.0805478059664
train,98177ced,4,4772,4,3,1,0,3036030.2062100456,1093675.289294447,12663.42,-115.09000000000015,-43.733704877633436
train,9896fc0b,2,3595,3,0,1,0,2930492.3212429048,1054117.9041123507,10972.09,-125.68000000000029,-49.52292537985648
train,98bc6f66,4,6063,1,0,3,2,2881421.8090712433,1022452.7189261657,10964.355,161.02000000000044,131.03754341534847
train,992c99e8,1,4904,2,2,2,2,3006417.3562611276,1119259.617183976,11380.08,146.92000000000007,88.79209843167682
train,992ce078,0,2879,1,2,3,2,2910605.7478309376,1017791.2500193092,11986.93,109.93999999999869,151.89082830313237
train,99529c45,2,5840,1,1,3,2,2896202.3534382824,1025629.7063061519,11133.27,169.45999999999913,131.63586440894025
train,995ff498,0,4526,1,1,3,2,2905014.2702252325,1036408.0277117676,11212.89,146.76000000000022,130.81517976857268
train,999daf80,2,3564,3,1,3,2,2916338.1979150577,1046812.1015223387,11145.54,109.26000000000022,131.20820581977742
train,9a6b0392,4,4255,2,0,1,0,2998088.224034815,1125149.048859014,10619.85,-147.29999999999927,-70.56536325440494
train,9a8ae0d6,2,6294,4,2,3,2,3008978.9562654756,1101478.1716860242,11949.76,172.84000000000015,116.69474689653725
train,9a95e33f,2,6447,1,2,2,2,2887909.763467386,1010823.5422805297,11471.154999999999,196.64999999999964,75.81760979301532
train,9ab94eeb,4,4442,3,0,3,2,2921264.7263088515,1051416.3976302573,10976.97,187.54999999999927,132.23696445124568
train,9ad5410a,1,4205,2,2,3,2,3003147.491094103,1106657.9964793879,11892.67,211.09000000000015,111.57516133015328
train,9ae248be,2,5271,5,3,3,2,2948322.6097145006,1017724.8187392937,12753.58,262.130000000001,117.71553706718967
train,9af1ffd0,4,3525,0,0,3,2,2951385.3176677665,1083576.4256839019,10808.97,167.07999999999993,130.06098854162275
train,9b5b61c1,2,5532,0,1,1,0,2973537.515423423,1093649.652985447,11131.25,-172.36999999999898,-49.0998165575148
train,9b9e3b49,2,5118,2,2,2,2,3008543.6481992723,1113161.0099636363,11914.12,221.97999999999956,87.17591212982846
train,9bd2bba3,1,7439,4,3,3,2,3007898.86983502,1078127.9197261329,12537.88,214.76000000000022,114.88904902174974
train,9c211c53,0,7265,1,0,3,2,2868496.4759149514,1048865.5620934179,10077.820000000002,275.10999999999876,131.2838506653835
train,9c350a6a,2,6052,4,2,1,0,2997667.905849371,1098407.9394380292,11401.425,-103.43000000000029,-68.30454690114338
train,9c8375f7,3,3674,1,1,3,2,2916242.9333781297,1041555.2293225332,11200.240000000002,55.77000000000044,129.91596698605747
train,9d072e4c,3,5107,4,2,1,0,3001178.285085319,1099557.977602236,12014.165,-157.60000000000036,-72.67588091412185
train,9d3ec64c,4,3480,0,0,1,0,2953951.6318189185,1080435.7863013977,10800.47,-152.28000000000065,-49.05877744783031
train,9d4272e3,1,4030,0,3,3,2,2999082.148939525,1071646.8117743891,12513.34,113.67999999999847,125.85906441920545
train,9d5e14d4,1,5400,1,0,3,2,2889307.202539223,1030180.3148179741,10931.320000000002,229.52000000000044,135.59534062451556
train,9da441ba,3,5783,2,1,1,0,2998560.3639214607,1112151.7878374297,11361.71,-279.46999999999935,-72.63545951458643
train,9dede370,4,6297,0,3,3,2,2980680.780381035,1055477.399936701,12214.85,228.5699999999997,93.29547679922383
train,9def2eb2,2,6003,0,2,1,0,2984880.0097767743,1082638.645572903,11439.320000000002,-228.5500000000011,-67.3148501324466
train,9df1b1f9,1,4701,2,2,3,2,3014735.8675962137,1107364.1334528243,12001.67,182.77000000000044,117.88779645154048
train,9dfff011,3,4319,0,2,3,2,2985722.8323339378,1093182.692581177,11415.72,78.60000000000036,105.55904491328936
train,9e3e364d,3,4290,2,2,1,0,3013045.1139352727,1113517.7747150972,11395.52,-183.5500000000011,-88.51125988184455
train,9efc812e,3,4450,3,1,1,0,2942510.757195082,1057213.3308131148,11172.8,-5.5,-46.912083136839215
train,9f0c7bae,4,2542,5,3,1,0,2950013.789829208,1013164.6827004951,12794.005000000001,-63.43999999999869,-89.32148362502187
train,9ffce529,1,5212,5,2,3,2,2924424.9985692883,1021175.8119250936,12046.3,170.20000000000073,124.95042231526956
train,a0383629,0,5832,1,1,1,0,2895369.8746572137,1033740.7080772733,11192.04,-173.09000000000015,-49.789333265924185
train,a056d01e,4,6557,0,2,1,0,2973179.333019778,1067098.3659394598,11728.915,-187.01000000000022,-53.42447818315204
train,a08d9e63,4,3685,3,0,1,0,2929022.540765532,1052885.7313579535,10999.98,-156.28000000000065,-49.04252991386708
train,a0b83014,1,5035,2,2,0,0,3007840.9006300014,1120342.493669431,11413.2,-121.8799999999992,-91.19068970475449
train,a0e92ed6,0,4897,2,2,3,2,3011032.9553164756,1118545.5682640397,11957.25,177.54999999999927,91.00759876275757
train,a15bc102,3,3236,0,0,3,2,2960712.316403201,1085776.173784153,10945.04,116.76999999999862,130.57342251575162
train,a247e7cf,3,5674,1,0,1,0,2889693.0532596377,1020891.9052825756,10972.92,-173.89000000000124,-47.15245907868415
train,a2e8e7f6,0,4760,3,0,1,0,2947228.1705006883,1067903.4303922916,10772.105,-129.86999999999898,-49.43364480525692
train,a3518960,4,4967,2,3,2,2,3024068.045491991,1111414.9894407894,12141.18,163.85000000000036,89.69040845302135
train,a3f71395,1,5543,5,3,3,2,2946069.396840909,1017544.0322940341,12760.745,303.0799999999999,118.07064659549538
train,a4719920,4,5884,0,2,1,0,2989866.278713809,1086007.9211647764,11439.63,-198.72999999999956,-69.02088890028438
train,a48640d9,1,4532,4,3,1,0,3009876.745698451,1071205.2227558456,12528.585,-103.77999999999884,-52.677349315939566
train,a4cdbb0f,4,5204,1,0,3,2,2887678.448993934,1028618.3814484391,10964.23,188.39999999999964,136.19400025035566
train,a4f989c2,2,5385,0,1,1,0,2973885.8970629275,1093828.8627292141,11161.92,-167.28000000000065,-49.03312521647334
train,a5aa7973,3,4616,2,0,3,2,3007442.6342564737,1131137.866990231,10943.55,201.26000000000022,103.59014906945487
train,a5e6f7dc,3,5649,2,2,1,0,2991973.4346432956,1110077.0439762652,11398.990000000002,-269.75,-67.41171956350144
train,a612d5a0,3,5329,0,1,1,0,2973258.4202835197,1093365.6173673186,11161.17,-173.4399999999987,-49.15563988204158
train,a622ce4d,4,6298,2,2,1,0,2995395.115361004,1111374.2205505157,11401.61,-306.7300000000014,-68.96122574011477
train,a645da9a,2,5153,2,2,1,0,3017882.3064631983,1111776.401690807,12020.955,-245.88999999999942,-49.55343590802577
train,a692b17e,2,3566,1,1,3,2,2909080.151869107,1041318.7281105566,11177.2,113.43000000000029,129.89622309029156
train,a6b8ac67,3,5453,5,3,3,2,2946783.3741627475,1017659.6311928175,12754.58,235.98999999999978,118.37116740213168
train,a6ed2eff,1,5275,2,1,2,2,3010091.7614544937,1119317.0266373688,11316.77,132.3199999999997,88.76732434129106
train,a6f967fb,3,4670,4,3,1,0,3035606.562797213,1093403.3825170647,12665.075,-107.0,-44.05266405001505
train,a76db406,0,4672,3,0,1,0,2946530.53704697,1067194.4520601458,10771.9,-116.69999999999891,-48.786954418372495
train,a7744f5b,2,4377,1,1,1,0,2908462.7278361307,1032813.9432873526,11198.97,-153.11000000000058,-47.9212125864086
train,a783cc24,1,1889,3,0,1,0,2939256.0596122136,1067683.6668549618,10749.54,-11.280000000000655,-54.387477537350435
train,a79fd2e7,0,4404,2,2,3,2,3007985.5409846692,1107331.2272625258,11956.8,187.02000000000044,90.06201036901928
train,a7fc3e6b,0,4764,0,0,1,0,2951549.617483537,1071579.597544685,10954.45,-215.54999999999927,-48.91611602284136
train,a85bb86f,4,3099,3,1,3,2,2918224.278909804,1048462.5427607843,11144.76,128.11000000000058,132.41558430260466
train,a85e4bc3,0,4581,1,0,1,0,2861974.804221592,1039789.529684632,10079.9,-208.0,-49.84612848999312
train,a87433c9,0,5721,4,2,1,0,3004226.8902265416,1100464.6186367292,11889.71,-163.96999999999935,-69.32584257895124
train,a8ed028a,2,5538,4,3,3,2,3034460.337668947,1091164.720127223,12838.835,88.60000000000036,135.98751563124443
train,a959858c,3,4404,2,3,1,0,3020304.1732374355,1107168.4727175042,12191.98,-276.4800000000014,-48.65048463112397
train,a9c9b150,1,3986,2,1,3,2,2984988.4392276,1110379.036477858,11157.72,160.23999999999978,125.7112911476725
train,aa95015b,2,4300,2,1,1,0,3001288.107512585,1114629.9102864086,11351.13,-163.6900000000005,-82.76503007872924
train,aaaf3c03,3,2997,1,2,3,2,2909294.766831641,1016920.0965482233,11992.315,111.68999999999869,164.98660656594703
train,aaeffccb,3,2712,4,3,1,0,3007806.0317182727,1089795.066921064,12206.58,-53.69000000000051,-50.34485142010467
train,ab112491,3,5185,4,3,3,2,2998264.2671955978,1088070.8283156867,12290.355,122.8799999999992,110.80656548933433
train,ab18d3fc,0,5694,4,3,1,0,3010764.903479624,1089697.7197519422,12264.02,-159.76000000000022,-49.23487438691342
train,ab3ced07,2,4250,4,3,3,2,3012149.266842543,1096041.4101997337,12216.81,124.02999999999884,110.24280693450194
train,ab6fe95d,1,5491,1,0,3,2,2857752.3258378236,1042910.4006505928,10066.5,176.45999999999822,129.2058632454384
train,ab94878e,1,6004,3,1,3,2,2937824.5361826974,1061438.4960859907,11176.02,267.52000000000044,130.51847898053794
train,abf460d2,1,3217,4,3,3,2,3007322.34508713,1088843.5437161454,12091.38,73.20999999999913,133.4302634674234
train,ac6f01d5,0,5004,4,3,1,0,3015957.88444494,1091371.8287605885,12508.070000000002,-110.36999999999898,-69.4436862942535
train,ad2133a8,0,5729,5,2,3,2,2923344.286311396,1019046.0217364687,12045.47,155.17000000000007,125.81305374707624
train,add9c322,4,3932,2,0,3,2,2990307.671846349,1117293.5421090776,10876.7,138.85000000000036,93.41395551609564
train,ae069086,3,4770,3,1,3,2,2935988.1019195965,1059018.1197344607,11197.86,217.13999999999942,131.6102455257993
train,ae0784a8,4,7823,0,3,1,0,2992525.4541565804,1067654.7927030858,12073.740000000002,-258.1399999999994,-68.46132744424948
train,ae35f33a,4,4450,5,3,1,0,2945266.286647086,1012372.5382300202,12681.25,-146.4499999999989,-75.5132961883272
train,ae8959c3,1,4518,2,0,3,2,2996169.893294206,1129404.4641820919,10881.95,237.11000000000058,137.74020055632755
train,aed44918,0,2719,0,3,3,2,3001272.958696517,1067550.9354800996,12774.61,88.69000000000051,127.2201668950066
train,aee6393a,3,5865,3,0,1,0,2920585.2513098237,1043824.4488119228,11004.69,-125.76000000000022,-43.03945641435993
train,af7a59ce,1,3024,1,1,1,0,2904240.869939954,1024862.9943556583,11311.44,-89.67000000000007,-48.11199202694102
train,aff4e561,1,6026,1,0,3,2,2881863.402685485,1022786.0628551082,10948.12,101.19000000000051,131.2999126271062
train,b04b58a3,4,3402,3,0,1,0,2943806.22805699,1071900.8182080702,10748.56,-132.8199999999997,-49.36373686366684
train,b0d42b0d,4,4971,2,1,3,2,2983423.4937344654,1108611.250229668,11082.72,218.67000000000007,131.37681530057503
train,b0f53bf4,4,2755,4,3,3,2,2998576.900766302,1091652.3132032366,12211.91,93.70000000000073,133.76335081615133
train,b19b0395,1,5813,1,1,1,0,2900874.0454849917,1022318.879947193,11189.95,-105.86000000000058,-47.540270490647785
train,b1efb8a4,2,5998,4,2,3,2,3006248.2958873315,1100623.5339288549,12016.005000000001,148.61000000000058,110.41822600534657
train,b32902c0,2,3808,2,0,3,2,2989965.844000349,1117203.6441502527,10919.17,132.26999999999862,93.49358217915083
train,b32e4903,4,5770,1,1,3,2,2901998.398491914,1029097.7204528302,11183.63,179.51000000000022,130.38723369721492
train,b3388334,1,6080,1,2,2,2,2888322.0691072117,1010727.5444024593,11470.96,194.59000000000015,75.73530791584419
train,b37fd114,4,8161,0,2,1,0,2987270.171693235,1082243.4911863888,11391.94,-253.34000000000015,-68.37910660281082
train,b38e3116,3,6211,4,2,3,2,3006584.150564496,1100675.5455896405,12014.38,157.27000000000044,110.53333967078416
train,b4d8dd4f,4,4259,3,1,3,2,2915093.760318159,1047117.9894398376,11187.04,119.51000000000022,131.32620769973724
train,b4f37e6e,2,2992,3,1,1,0,2917405.1912091575,1042853.8319070905,11185.86,-83.84000000000015,-49.878117608290715
train,b56bc0aa,3,5602,3,1,3,2,2914449.3834396447,1045514.1916955995,11199.84,208.72999999999956,129.6413224800106
train,b585b4fa,3,4294,1,1,3,2,2905173.4110368397,1038910.6065027504,11228.16,189.8199999999997,130.62033381438354
train,b5aa9634,4,7326,4,3,3,2,3008986.7956830915,1078759.9127872414,12536.93,257.6399999999994,110.90598118238766
train,b7974e66,0,5558,0,3,3,2,2987374.957993027,1068402.5469470012,12115.62,150.40999999999985,90.70126375371285
train,b7cdcecb,2,6168,1,0,1,0,2887202.729519685,1018582.9889934383,10961.03,-277.3000000000011,-49.45729592888824
train,b7fea9ef,0,3866,3,0,1,0,2939748.7781165917,1066979.3829076234,10759.64,-167.38999999999942,-55.180408728260815
train,b85f7b06,0,3803,2,2,1,0,3011932.0723895105,1113015.266246103,11395.4,-178.26999999999862,-88.39187507530663
train,b881d27e,1,4009,1,1,1,0,2906147.0585575155,1026430.744586549,11189.18,-155.53999999999905,-47.63511009603641
train,b8c49c1a,4,4319,3,0,1,0,2944590.964673809,1063745.4611864407,10781.705,-124.89000000000124,-48.66183963132422
train,b95e7121,1,6306,2,1,1,0,2999200.673726642,1112457.5056793913,11362.85,-332.10999999999876,-73.12682835014034
train,b977be4a,3,5917,2,2,1,0,2996512.2526137424,1111442.9260680454,11376.990000000002,-302.64999999999964,-68.76426032298902
train,ba48188d,0,4166,4,3,3,2,3010220.3931658836,1087248.029040477,12244.305,233.15999999999985,127.67679605377438
train,bb2cdd83,3,3825,1,1,3,2,2905044.7454404235,1038540.0108596646,11214.21,136.47999999999956,130.7011756068771
train,bb337fa0,2,6873,2,2,3,2,2988748.716876826,1104726.6267636318,11444.605,222.57999999999993,125.07234992772602
train,bb682ebd,4,4139,2,0,3,2,3007623.5738509526,1131087.1348018884,11029.79,162.36000000000058,104.31438103480575
train,bc4381e2,4,4955,0,3,3,2,2984514.1867509075,1058828.1454538852,12138.13,130.40999999999985,96.10076459758834
train,bcebcc5f,2,6258,0,0,1,0,2960256.1445544427,1078366.2515350487,10950.58,-190.54000000000087,-48.844736401405086
train,bd2c2f34,0,9823,1,0,3,2,2872337.9157129335,1029889.6170166079,10684.76,248.4400000000005,131.12804256021673
train,bd4ae5da,1,5006,2,2,2,2,3008229.4818928316,1113162.3839406227,11862.75,208.0,86.74713962718735
train,bd6f0e19,4,5140,2,1,0,0,3005794.187367818,1120269.066768878,11354.85,-157.72999999999956,-92.1604334723461
train,bd8f847e,4,4961,5,3,1,0,2946182.7501071254,1012294.304820646,12799.25,-217.04999999999927,-75.72850248208903
train,be063506,3,4500,2,2,3,2,3001539.9379614624,1105608.1296650865,11864.22,181.42000000000007,111.57805316969873
train,be35c8f2,2,4226,4,3,3,2,3014751.022160054,1097067.940395049,12550.16,140.09000000000015,111.80561973077984
train,be83e781,2,3221,1,1,1,0,2905449.385052345,1025575.7214845059,11182.820000000002,-119.30999999999949,-47.34735316988407
train,beda8696,0,5912,1,0,3,2,2885107.72109939,1025448.2102974072,10952.72,106.04999999999927,133.39403929445928
train,bf39bc20,3,3303,1,1,1,0,2914027.168036457,1040115.7008777491,11199.27,-57.14000000000124,-50.77790088081491
train,bf70b410,2,6347,1,0,3,2,2884312.6364175,1024728.293625,10977.95,147.27999999999884,132.53129103989417
train,bffe3082,0,5723,4,2,1,0,2995492.612657946,1097590.9118563875,11891.9,-182.90999999999985,-68.51386096686224
train,c03b9305,4,4255,3,0,3,2,2937693.0737432013,1071780.8364727213,10797.44,178.86000000000058,135.17250372306847
train,c03d4aed,1,4641,5,3,1,0,2947675.1041443134,1012392.5002698039,12799.73,-173.61000000000058,-75.88880414414112
train,c03fba65,1,3699,0,0,3,2,2960527.7292679483,1092442.8234009524,10781.69,138.98999999999978,176.07636655010774
train,c07fd0cd,3,4191,4,3,1,0,3022952.3949014083,1085308.5833753108,12531.78,-131.14999999999964,-52.19500619597557
train,c1708b88,0,6315,0,1,1,0,2981930.3831620603,1082950.8235741206,11349.935000000001,-281.59000000000015,-53.6941476287742
train,c1d046f4,0,5513,2,2,0,0,3002682.219602429,1113386.613734278,11386.09,-175.9300000000003,-90.30416448499493
train,c2717d4f,4,4721,2,1,2,2,3005943.118132296,1113133.6461733014,11320.015,156.07999999999993,86.19938345725015
train,c2c4db09,2,6039,2,2,1,0,2996809.460280219,1111845.4674958603,11382.95,-324.15999999999985,-69.17547711197737
train,c2c6fc71,0,7119,4,3,1,0,3006754.1174457013,1087227.5515791855,12084.85,-204.86000000000058,-45.09142653991135
train,c36625df,3,4742,2,2,2,2,3007516.2116066394,1113198.8567178203,11865.73,191.45999999999913,85.93858812698153
train,c3957531,1,5316,4,3,3,2,3019803.59019024,1089991.1415660325,12661.095000000001,101.92000000000007,111.07298905151416
train,c42fe306,3,5095,1,0,3,2,2897790.8506863164,1027005.8849266695,10966.98,153.27000000000044,130.46010072168465
train,c43812e2,1,5527,0,3,3,2,2983250.367963801,1055861.309361031,12189.42,239.82999999999993,105.379619750462
train,c472c0b5,4,3054,2,0,3,2,2997286.3759400044,1129484.6787404972,10799.9,169.76000000000022,137.54320812118772
train,c47e0767,4,4356,4,3,3,2,3008310.442646336,1094596.9145909166,12163.5,108.73999999999978,125.02355872330041
train,c50b42f6,0,6014,1,0,1,0,2891883.044752525,1023621.9564280303,10967.89,-135.20000000000073,-44.908899944459534
train,c593337f,0,5208,0,3,3,2,2995097.7098777746,1073610.417670694,12108.77,187.0600000000013,110.9903884934352
train,c59b6c4a,4,5499,1,0,3,2,2885802.418014745,1026414.3820120645,10926.75,140.57000000000153,133.53510423753423
train,c66be2b8,1,4154,2,1,3,2,2995672.465005639,1117317.7483309167,11353.28,181.32999999999993,108.01944453537209
train,c6797dd7,4,4664,4,2,1,0,3009839.5838178634,1102212.857715332,12030.95,-111.03000000000065,-58.25520345066628
train,c6b782a4,2,4877,3,1,3,2,2934175.8942187265,1057469.1980029962,11206.35,201.78000000000065,132.74661965850268
train,c6c96179,4,4004,1,1,1,0,2910255.2594993976,1037378.7438104249,11124.320000000002,-133.84000000000015,-47.6065358056531
train,c70c0e01,4,4312,4,3,1,0,3003408.7011854057,1070418.899816741,12583.41,-169.86000000000058,-53.381503088441946
train,c84c65be,1,8496,1,0,3,2,2873996.687294738,1046052.9207322074,10060.93,310.14999999999964,128.9119539099687
train,c8d9680c,0,6281,2,2,3,2,2994668.7317878827,1117983.6105981139,11409.31,236.14000000000124,109.97491330767546
train,c908edd0,1,5293,2,1,2,2,3008273.979949637,1119579.4136779737,11349.28,147.32999999999993,89.76080947653952
train,c9578d27,4,4487,1,1,3,2,2904702.1574653336,1033562.7060867462,11220.25,183.5599999999995,131.27513455223172
train,c96c018a,1,6236,2,1,1,0,3002301.204633416,1113450.6134483656,11361.16,-230.09000000000015,-89.86663180513186
train,c99f9fae,1,6361,2,3,1,0,3019381.143376221,1111458.176460567,12185.92,-275.64000000000124,-49.77394665926846
train,c9e6734f,1,4735,3,1,1,0,2942162.8572683157,1056701.832092987,11203.130000000001,-54.8799999999992,-47.831260756288536
train,c9e980e8,4,4359,2,2,0,0,3007975.3637496005,1114090.147095177,11382.23,-156.79000000000087,-94.03685194454516
train,c9fedcf3,3,3517,0,3,1,0,2990104.997869482,1068742.181944338,12126.685000000001,-106.88000000000102,-88.73213216165708
train,cad13e8f,2,4848,4,3,1,0,3035899.804360618,1093594.2432071075,12736.2,-105.09000000000015,-44.276400256826115
train,cb34231f,2,5609,4,3,1,0,3036410.5073994673,1093580.2538255658,12758.59,-139.64999999999964,-43.791914594898785
train,cb879f40,3,6315,2,0,3,2,2994559.6837588563,1117788.6345091092,10826.33,264.5100000000002,110.59751843971587
train,cbb406b5,3,6328,2,2,2,2,3005845.0471137064,1125754.0964376153,11402.71,203.29000000000087,88.6953196731227
train,cbe51de1,1,3963,2,3,1,0,3012527.6583588216,1113269.9420402835,12196.055,-183.90999999999985,-84.84584421105673
train,cbe62450,0,6258,2,0,3,2,2994885.816418936,1117942.2239628404,10830.76,252.02000000000044,109.74272263866698
train,cc08aa63,0,3274,1,1,3,2,2911656.6994539658,1042968.7224432045,11198.495,107.86000000000058,129.7921117953179
train,cc8a1d57,3,6638,5,2,3,2,2923906.2695793775,1019133.9264655691,12028.56,197.96999999999935,125.66369408789431
train,ccedb12b,2,4401,4,3,3,2,3021764.207359577,1084437.8634510657,12674.95,150.92000000000007,125.40905519454918
train,cd7f1687,4,4232,4,2,3,2,2988756.6889784313,1091421.8788848019,11436.69,167.46999999999935,113.11202805223449
train,cda7eb37,1,5973,5,3,3,2,2922042.3007335956,1018752.1050301837,12056.35,167.09000000000015,126.49111164422854
train,cdc31d65,2,4840,4,3,1,0,3009325.257148911,1089375.2859382567,12091.91,-123.8700000000008,-48.972257822859085
train,cdc60a53,1,5878,1,1,3,2,2905664.062563229,1037269.270716813,11206.19,200.8099999999995,130.49600454280852
train,ce55ba43,3,4104,2,2,3,2,2990145.105093673,1104011.641546483,11442.29,127.26999999999862,120.67711888829272
train,ce8399b7,4,1615,3,1,1,0,2937803.01794814,1062260.2471927847,11180.820000000002,-72.34999999999854,-48.19913455661976
train,cf50c9d1,2,4858,3,1,3,2,2933372.554574917,1056792.7227720832,11192.23,224.70999999999913,132.9791261956358
train,d00e7eb9,4,5704,1,0,1,0,2892150.3176820106,1032070.2276642534,10922.72,-181.23000000000138,-48.173091089235584
train,d011f41b,1,2267,0,1,1,0,2972860.4947388633,1094984.7058192524,11159.64,-70.8799999999992,-49.47665112278374
train,d07aed8f,2,2957,4,3,1,0,3022989.744582714,1092913.1221533234,12377.91,-35.61000000000058,-69.16893094251851
train,d085e611,4,6191,2,0,1,0,2995635.486777891,1118897.6705030566,10909.89,-235.71000000000095,-70.22370096153806
train,d0a0e7b5,0,3816,2,0,3,2,2990658.697575143,1117347.135838097,10910.42,95.21999999999935,93.5743358116876
train,d0a43760,0,4041,3,1,1,0,2943259.423747728,1058049.6125608871,11182.185000000001,-25.860000000000582,-46.392543978724326
train,d0cb63ae,4,5223,2,0,3,2,3006211.6142819654,1138219.9880973902,11025.0,352.7699999999986,134.32286109462697
train,d114d9c2,3,6206,1,0,3,2,2882555.7092827787,1023566.8614490256,10960.93,110.57999999999993,132.11985190470543
train,d1457cc5,0,6920,1,0,3,2,2867790.6202795217,1027803.0477448775,10704.71,150.42000000000007,131.8669646958439
train,d1ecf309,2,6168,2,1,2,2,3005003.27242116,1125965.0265615461,11042.815,186.42000000000007,88.42577431436688
train,d1ee630d,0,6290,2,1,1,0,2995747.019342556,1111411.9877319457,11354.91,-300.7399999999998,-69.0024118202323
train,d217e0c5,4,3838,4,2,1,0,2993396.647959041,1093468.1837510942,11428.16,-136.6900000000005,-69.04946568383846
train,d24ff243,0,5641,1,1,1,0,2901890.8242692524,1023285.9849718944,11206.53,-98.63999999999942,-47.57287944108772
train,d273674e,2,3899,4,2,3,2,3012862.276840362,1102174.5546375045,11951.7,96.20999999999913,112.71269633219335
train,d2f3b1ab,0,5581,1,1,1,0,2908302.449702194,1029783.5476289542,11164.425,-169.6900000000005,-48.21417643274959
train,d3df146b,0,5787,2,3,1,0,3027324.2791891894,1118625.5320546057,12217.66,-168.89999999999964,-89.96786913768678
train,d40f61d5,0,4039,1,1,1,0,2910822.332171769,1038098.2258163266,11200.705,-117.72999999999956,-47.1490530138555
train,d41beaf2,4,4753,3,1,3,2,2933614.264946905,1057046.9791277305,11210.98,203.73999999999978,132.79179391996928
train,d463e527,2,4767,2,3,2,2,3024670.1859776853,1111433.2271792304,12209.89,159.1899999999987,89.2540807769543
train,d4f60a28,1,4501,4,3,1,0,3022518.6405097125,1085331.9722548563,12543.73,-153.46999999999935,-52.47520617680836
train,d50c649a,3,4873,2,2,3,2,3005107.331927306,1107165.4522923029,11917.92,228.5,110.7015544267316
train,d543916f,0,4799,2,0,1,0,2992534.9308645115,1117385.9648750199,10876.740000000002,-162.38000000000102,-77.40586920291216
train,d5df0ff5,4,4032,2,2,3,2,3016662.262284153,1116960.6593515484,12043.63,178.48999999999978,118.91561063282921
train,d60430e6,3,2511,2,1,3,2,2993324.1560392724,1115832.2554741378,11198.240000000002,84.14999999999964,108.88842140340049
train,d63196fe,2,4510,5,2,3,2,2924789.4372912766,1021506.8347797993,12037.47,150.28000000000065,124.71456737206675
train,d6c320d9,3,5452,1,1,1,0,2909343.642372588,1030796.5374143393,11175.205,-174.1299999999992,-47.43292057145111
train,d6dd7330,0,6193,4,2,3,2,3006381.7507767626,1100736.0381984336,11949.61,166.46999999999935,110.56699390430316
train,d7ba4f9d,1,6023,4,3,1,0,3007372.3957573026,1069822.0618504698,12601.570000000002,-234.1200000000008,-54.36816679568659
train,d7eb0be8,2,5401,4,3,3,2,3034436.791122364,1090945.821145949,12749.05,66.11999999999898,136.52982366513118
train,d84b621b,2,3994,1,1,3,2,2902996.4421092933,1029517.1405690915,11184.015,127.25,131.1848972011996
train,d90aa14c,2,10018,1,0,3,2,2886886.2704159464,1037884.6721579771,10921.990000000002,322.0100000000002,131.10054690607745
train,d924e971,2,3184,2,2,3,2,3006569.4537358703,1107341.2923021854,12035.820000000002,109.5,108.94743811267062
train,d9ae59b2,0,3648,2,1,1,0,3011931.29436699,1121688.8981067962,11035.95,-157.4499999999989,-50.826829687605816
train,d9d6d94d,3,4919,4,3,3,2,3020460.7763243243,1083907.3737267267,12622.925,153.38000000000102,121.83454940470057
train,d9eca87b,2,6373,1,0,3,2,2884733.76286939,1025071.172366364,10968.4,179.82999999999993,133.06199572163086
train,da2d4d7c,2,2114,4,3,1,0,2999963.8083936083,1088312.212778245,12250.66,-64.23000000000138,-64.94354050728353
train,da3bfe4e,1,5549,1,0,1,0,2891229.0962839457,1022461.9041128465,10966.66,-93.70000000000073,-44.718813295805866
train,da3cf798,0,5844,3,0,3,2,2933466.2832248714,1066974.601342379,10793.05,237.63999999999942,130.99006853939125
train,da940160,3,5132,2,2,2,2,3007070.9373645466,1119266.2729078329,11372.51,112.01000000000022,88.63441555409955
train,dafc88c3,3,5572,1,1,1,0,2900635.5373299015,1022061.9299471268,11198.52,-107.20000000000073,-48.06122253544417
train,dbee6c86,4,7369,4,3,3,2,3008206.7661860874,1078236.2497981128,12588.245,231.5500000000011,113.38426334862415
train,dc5fbe29,1,5203,5,2,1,0,2924044.722303585,1020873.6566559878,12042.1,-141.76999999999862,-54.53954411273491
train,dc7da28f,1,4774,1,0,1,0,2892952.2973606116,1025408.8076214029,10955.215,-107.11000000000058,-44.643076078562586
train,dc7f9757,0,4360,2,1,2,2,3003829.501470256,1125522.7798017089,11041.76,124.11000000000058,88.39890315802516
train,dd168de0,4,3304,3,0,3,2,2925469.3493150147,1061318.5751560354,11001.67,140.86000000000058,140.00465910322453
train,dd64382d,2,3124,0,0,3,2,2952648.846678529,1084840.1170917358,10825.87,122.77000000000044,130.64315209221468
train,dd6bc5b2,1,3602,0,1,1,0,2975823.213594726,1094552.2784489936,11146.555,-131.57999999999993,-52.156587380518275
train,dd7d638e,3,4301,1,1,3,2,2912150.663130996,1043976.8919913992,11191.58,123.6200000000008,129.75255361426406
train,ddc790ff,2,4726,2,1,2,2,3010496.1134894867,1119313.57644094,11309.474999999999,136.27000000000044,88.8015391718589
train,df71d1ff,4,6228,1,0,1,0,2886685.4614418074,1018231.4043241529,10952.11,-281.47000000000116,-49.065348074836855
train,df73b8f3,3,5311,4,3,1,0,3003738.0523496503,1069123.902076923,12549.755000000001,-214.71999999999935,-53.921284529496795
train,df8290be,3,3972,1,1,3,2,2908686.388243172,1041265.7206519824,11224.25,124.72000000000116,130.85303371389045
train,e0079ed1,1,3471,0,0,1,0,2957532.8632432944,1083666.614377021,10961.78,-138.88000000000102,-48.01573561727323
train,e03b45fd,4,5342,5,3,3,2,2948032.539505859,1017563.0940830157,12808.64,303.7099999999991,118.07959975371584
train,e0f36d98,2,4976,4,1,1,0,2989144.0270405123,1098499.6478269289,11356.66,-138.82999999999993,-73.87180122427542
train,e149204f,0,6097,1,0,1,0,2887623.7036812822,1018931.2269240959,10964.97,-227.1800000000003,-49.2195336626883
train,e14d641e,3,3184,1,1,3,2,2909474.9944937727,1041458.083167939,11228.9,109.28000000000065,130.46686920007312
train,e161bd0c,2,2949,4,3,1,0,3004402.3549262416,1088496.2390359442,12215.58,-92.16999999999825,-45.74462430684524
train,e201fd6d,0,5070,4,3,3,2,3023858.0142433452,1096076.4652010996,12504.96,165.34000000000015,126.89159106203898
train,e25f1537,4,3177,3,0,3,2,2940977.0017855717,1075212.8843463531,10787.235,174.0,130.3802736037033
train,e2fc7745,4,3692,2,2,3,2,3014059.43016283,1116415.7401890324,11983.14,132.86000000000058,101.28609713070333
train,e32da4ec,2,4689,2,2,3,2,3011234.685704294,1118435.5046877032,11987.93,120.80999999999949,90.52452736230285
train,e3b34f5b,2,5455,0,0,1,0,2951810.1317825313,1077051.3822939806,10959.93,-169.46999999999935,-48.56641725927198
train,e45a2a62,3,5007,1,1,3,2,2904017.1972913244,1033291.9868060326,11218.6,171.36999999999898,130.80064962476632
train,e46f4ef4,4,7195,4,3,1,0,3018153.9893952967,1091652.3961847704,12486.69,-116.65999999999985,-67.98439018848386
train,e4726608,0,4733,2,2,3,2,3011399.8083280153,1118168.9899393746,11953.43,143.96999999999935,90.32735102833358
train,e5864244,0,4469,4,3,1,0,3022345.48257247,1085528.397382806,12747.820000000002,-196.10000000000036,-51.7329807893679
train,e5c92e59,2,4295,2,3,3,2,3019969.1389708114,1106779.9090163657,12199.12,205.59999999999854,131.5027121977395
train,e5ff9fd2,4,2354,0,2,3,2,2979111.9435254885,1058295.878158647,11765.53,66.01000000000022,97.33156604156261
train,e6c55748,1,4472,1,1,1,0,2908225.0269776806,1032532.4145410304,11216.1,-134.28999999999905,-47.56466252357311
train,e730c32b,4,4728,2,2,2,2,3009927.2893693,1113372.0062049776,11375.94,165.20999999999913,87.60756153246966
train,e737965a,3,5955,1,0,3,2,2897980.5851520663,1027902.4443592409,10933.37,201.14999999999964,130.93125479829504
train,e748dd88,3,4812,4,2,1,0,3011122.463154534,1102483.1811270753,12029.06,-94.73000000000138,-64.01866200800819
train,e7818f7a,3,5371,2,0,1,0,3012626.112445453,1122194.6779733489,11018.22,-265.1900000000005,-47.71964495802875
train,e7c36e81,1,3531,3,1,3,2,2916973.721685234,1047203.0431671087,11182.85,122.51000000000022,131.01178662562756
train,e7d0c1de,3,4711,2,1,0,0,3006491.5005639037,1114067.69,11312.46,-157.4400000000005,-95.72268205305429
train,e85074c5,2,5675,3,0,1,0,2920311.7380638476,1043554.1358360973,11001.14,-106.46999999999935,-43.7792821843696
train,e97032ad,0,3530,3,1,3,2,2916926.367584011,1047154.2821489212,11199.13,112.90999999999985,132.49049476511217
train,e9949a23,4,4559,5,2,3,2,2920720.8433931638,1016463.4951225222,12045.73,111.10000000000036,131.47459178104512
train,ea0b99b7,2,9239,0,3,1,0,2993258.9570152666,1067640.0236703537,12526.77,-317.22999999999956,-68.70546411810662
train,ea3a0e38,1,10052,0,0,1,0,2960849.590853824,1076353.5019603188,10948.18,-228.1999999999989,-49.216497218935984
train,ea41324e,3,5025,2,1,0,0,3003824.0858692788,1114024.1248296534,11352.98,-158.77000000000044,-91.11148718431451
train,eabc711b,0,5348,4,2,3,2,2999094.216486191,1098211.580596117,11867.675,107.27000000000044,112.2416265257627
train,eac10e86,3,6067,1,0,1,0,2891716.2414824693,1023203.0776803093,10946.54,-117.40000000000146,-45.456258573212494
train,eafb863e,4,3568,1,1,3,2,2915596.5316118114,1041054.5277318036,11196.26,48.01000000000022,129.2831532338844
train,eb06a4e7,4,4535,2,2,2,2,3006152.792075561,1113245.7072142968,11369.79,154.67000000000007,84.3912140292414
train,eb640a35,0,6037,2,0,1,0,2993702.0866152663,1118359.5058892316,10861.0,-231.95000000000073,-68.65469358939811
train,eb934281,1,5971,0,2,3,2,2986918.137780338,1068142.9697977472,11942.36,152.14999999999964,91.62085888840774
train,eba6605e,0,4410,1,1,2,0,2904562.788303899,1018956.2936527365,11285.48,-85.6299999999992,37.421652357201026
train,ebe69318,4,4976,1,1,1,0,2902373.7753810654,1024285.767259601,11177.12,-116.31999999999971,-47.86817729592098
train,ec0d597b,4,4616,1,0,1,0,2894191.0129014263,1026646.6794094854,10938.1,-95.89999999999964,-44.49268321363474
train,ec13af42,1,5462,4,3,1,0,3009320.372025265,1088996.126922032,12213.56,-122.01000000000022,-48.15336363175253
train,ecdab904,1,6147,0,3,3,2,2980480.2143970155,1055322.2093970156,12182.79,220.82999999999993,92.5659923852705
train,ecdaf714,0,6592,3,0,3,2,2920945.133832524,1057846.6537184466,11020.035,240.65999999999985,131.9312412724992
train,ed6436d6,4,2945,4,3,3,2,3001110.434378357,1087722.8822697434,12231.11,80.46000000000095,110.67248599852569
train,ed6e6e54,2,6048,4,2,3,2,3006663.303099526,1100984.8304129993,11948.72,175.85000000000036,110.67669628718426
train,edf885a3,1,3117,4,3,3,2,3007864.56061896,1084988.4798067037,12280.72,95.3799999999992,134.82627482449675
train,ee0300f7,3,4544,4,3,1,0,3017748.4819363737,1089961.3165947087,12551.97,-114.77000000000044,-69.14587888112257
train,ee288beb,1,4638,2,1,1,0,2995621.8895945074,1124889.7973376415,11036.335000000001,-166.1800000000003,-72.80162769678319
train,ee4aecac,1,5265,0,2,1,0,2973127.5612098244,1063656.715148575,11755.19,-207.6299999999992,-53.11854093438181
train,eeda36f5,3,4797,5,3,1,0,2947009.3941352046,1012311.8731268152,12807.2,-178.13999999999942,-76.11328770032742
train,eeed308d,4,3899,1,1,1,0,2909115.1853043796,1033106.8347065238,11191.75,-138.5500000000011,-47.53443073079702
train,ef04658e,2,4104,3,0,3,2,2939692.8044438562,1066389.2239706921,10784.18,139.10999999999876,124.86983524462214
train,ef8e3ed0,0,5224,0,3,3,2,2987741.078711767,1068587.963507609,12105.09,156.60999999999876,90.61446345487492
train,efde6ac3,0,4559,2,0,1,0,2995360.9515032154,1119659.9157138264,10905.65,-165.0600000000013,-70.3803409172164
train,efe96181,3,4012,3,0,1,0,2940677.451068814,1063107.353263177,10762.69,-147.8199999999997,-46.73938666883676
train,f0188a48,4,4170,0,2,1,0,2982602.75041049,1082506.5338247272,11401.94,-227.3799999999992,-48.91245088703208
train,f021b650,1,3739,0,3,3,2,2985994.316688057,1053467.0040766487,12127.16,185.82999999999993,110.67040736295533
train,f03f10fe,4,4145,1,1,1,0,2911080.2788425214,1038327.4846659797,11202.490000000002,-102.43000000000029,-47.80351547380396
train,f053a1b9,0,4108,4,3,3,2,3010432.2428981853,1095391.552590726,12265.23,125.17999999999847,110.0318080742776
train,f074d277,3,2453,2,2,3,2,3021243.755599793,1107388.0990020682,12012.175,101.48999999999978,132.95643376483878
train,f07d7037,2,5563,0,3,3,2,2986732.192887617,1068162.658064516,12130.26,128.90000000000146,91.36724470060533
train,f08774c3,2,3900,5,2,3,2,2919006.372070859,1015218.4265367582,12033.08,141.45999999999913,148.605883449355
train,f140c2fa,3,4082,5,2,3,2,2920725.5678436253,1015351.6785109562,12045.26,153.4399999999987,134.93491907624374
train,f16e25e3,2,4651,2,0,3,2,2989652.3431678056,1122828.3815626423,10879.75,134.59000000000015,94.86164967858325
train,f2d4c8c9,2,6249,1,0,3,2,2883467.2359079416,1024099.8552225595,10930.98,151.26000000000022,131.81375422855595
train,f321a31c,1,5141,4,3,1,0,3006767.1587154847,1069727.009481312,12538.87,-187.3700000000008,-52.60047667652448
train,f40cd091,4,5166,2,2,3,2,2998932.010092975,1104470.865675915,11901.03,217.92000000000007,110.84261672327808
train,f439a621,1,2821,3,0,3,2,2927262.752694356,1057029.6465133121,11018.2,173.13000000000102,131.5293645374673
train,f49fdea3,3,5391,0,3,3,2,2989959.93334709,1059912.289705422,12111.66,229.1200000000008,134.62335211265378
train,f4d12d23,2,3701,1,1,3,2,2916494.981503304,1041759.17416116,11184.81,86.23000000000138,129.90097208682198
train,f56d3ace,2,5432,2,1,0,0,3003265.8487281594,1113964.1429852364,11314.77,-174.97999999999956,-90.72084356656285
train,f5859199,4,5790,0,3,3,2,2987334.062243883,1055053.8858819574,12254.85,295.0100000000002,110.9892085075354
train,f5d8aab6,2,4444,2,0,3,2,3006718.263556874,1131889.2179257907,11026.58,175.98000000000138,103.12552932978245
train,f631da6e,3,4093,2,1,3,2,2983841.711597074,1109693.2913579587,11165.8,157.0,131.08438825718417
train,f6824bb0,4,5015,1,1,3,2,2905505.108014277,1039580.8874198718,11203.255000000001,208.25,131.1401539233453
train,f6bc699b,4,3752,0,0,1,0,2953390.5153081254,1073488.5258225778,10982.83,-137.42999999999847,-49.686579582474096
train,f6d009f4,1,6715,2,0,3,2,3007617.453858553,1138423.1228014496,11030.62,383.880000000001,119.98639439480786
train,f72b268f,4,6404,2,1,0,0,3004278.48171508,1132758.7270598637,11045.23,-236.79999999999927,-92.53212769060084
train,f8662c22,0,5429,0,2,1,0,2973633.945838724,1064153.7362685066,11715.820000000002,-188.84000000000015,-53.018824782335535
train,f88ddb26,1,4990,0,3,0,0,2985640.293289294,1062036.785453303,12139.320000000002,-54.70000000000073,-90.34175774574426
train,f8afa78a,3,6032,1,0,1,0,2888535.935954934,1019763.4237287905,10979.56,-226.51000000000022,-47.750288153124266
train,f8f59188,0,4807,2,1,2,2,3006448.2406231454,1125054.1477878338,11310.83,162.1800000000003,88.92469561201922
train,f9fc81aa,2,5598,1,1,1,0,2907770.391329959,1029340.8363967383,11178.740000000002,-175.84000000000015,-48.06645190950561
train,fa16d114,0,5686,1,0,1,0,2890555.3127193996,1021612.1073599885,10932.83,-139.4300000000003,-45.48068422371959
train,fa31da94,3,5027,2,3,1,0,3015153.386813351,1112014.4157775783,12187.59,-243.14999999999964,-51.718559446708504
train,fa667be2,1,7296,4,3,3,2,3008751.7613957715,1078641.118229143,12584.085,253.8799999999992,111.20313198624832
train,fae0c593,4,4403,2,0,3,2,2993933.569876362,1124116.3589946316,10877.36,186.34000000000015,108.02321907675633
train,fb03ae90,0,6431,1,2,2,2,2887503.752176159,1010801.8791032106,11433.13,149.51000000000022,75.95748563992221
train,fb0904bd,0,3181,0,0,3,2,2959607.754415176,1084834.2251661096,10967.83,128.29000000000087,130.7242659278821
train,fb3848a1,0,5919,1,0,3,2,2898567.4604402594,1028284.4283064003,10943.09,188.91000000000167,130.44462882233003
train,fb73b13a,1,5640,2,0,3,2,3007314.5191748156,1138476.3584300068,10794.92,402.3700000000008,120.0271614665029
train,fba7683c,1,407,4,2,3,2,3006237.2805782314,1098195.6871720115,11839.050000000001,2.0,108.36671782696352
train,fbd68d27,2,6829,1,1,1,0,2910122.3537698784,1036215.9585710946,11209.15,-207.1900000000005,-47.85419511243694
train,fc03f21f,2,4803,2,2,3,2,3002892.299082554,1106339.7270686876,11878.775000000001,227.61000000000058,111.60454196846419
train,fc0d20b2,4,3954,3,0,3,2,2932977.677694047,1068091.7162339864,10793.935000000001,196.21000000000095,130.57543758532276
train,fcfcc902,0,2791,0,2,1,0,2983990.5621093246,1091548.257965702,11405.8,-47.54999999999927,-67.57795384026049
train,fd3b4faa,2,5022,2,1,2,2,3006944.2430419778,1125163.7664807362,11339.145,168.34000000000015,89.22633563401104
train,fd710aea,3,4217,4,3,3,2,3008912.1901392615,1094825.6645201342,12163.065,99.78999999999905,117.93074735397786
train,fd8f77fa,1,5272,2,2,0,0,3004220.3358969805,1114177.8826228539,11399.345000000001,-195.65999999999985,-91.16428447775746
train,fde20ecf,1,4667,2,2,0,0,3023363.6079188846,1118180.8510695272,12038.740000000002,-123.08999999999833,-90.99538114690233
train,fdfd57da,0,5236,2,2,1,0,3001912.184129549,1113289.030063824,11368.48,-196.14000000000124,-89.38855427521202
train,febb4411,3,4247,4,3,1,0,3022811.2837147415,1085790.2333482073,12599.490000000002,-116.21999999999935,-52.049314175132146
train,fef8af96,0,3826,3,0,1,0,2931923.620812944,1055370.2445165745,11008.85,-69.47000000000116,-50.34424854204802
train,ff0aea78,2,3261,0,2,3,2,2983810.9161213827,1071057.986091238,11747.315,66.23999999999978,91.13244800502122
train,ff8bb73a,3,5927,3,1,3,2,2938065.9563689698,1061643.2892724902,11208.52,276.2399999999998,130.82039675100927
train,ffefef30,2,4570,5,3,1,0,2945430.783133468,1012370.4646550382,12757.27,-161.8100000000013,-75.42170258102442
