well_id,n_rows,lgbm_rmse,anchor_rmse,anchor_wins_by,mean_pred_delta
000d7d20,3836,11.009175981193552,7.454442102844319,-3.554733878349233,3.9616521293655937
00bbac68,6014,17.197603088121188,15.263052288602681,-1.9345507995185063,8.930962700650557
00e12e8b,4301,6.7276395888713,7.92458894231589,1.19694935344459,2.327526551068033
015fe0d2,4296,12.705735074141097,23.154889673287215,10.449154599146118,12.24900758890181
01869cd4,5557,8.854458190062108,10.618593023436276,1.7641348333741682,4.202568883678575
01982c1d,3941,10.694062640118121,6.33452473981023,-4.359537900307891,6.699848294809916
028d7b28,6234,20.15793613332236,7.393605105422137,-12.764331027900223,15.430051926273247
02e7fe5a,5108,6.2582399142941885,8.414429717261077,2.156189802966889,10.53722055616932
0390d174,4411,34.08211063830628,8.517417217402954,-25.56469342090333,29.330910405267737
03a935ae,2786,31.21446262002176,35.05448621305352,3.8400235930317628,-5.143484771229117
044af7d1,4519,6.341512942666041,9.868136513863366,3.526623571197325,10.106812901665755
0498acab,4798,4.629141575306965,5.996139045372776,1.3669974700658107,6.331527851334413
052d64df,2445,4.953271553092709,7.3962717049147795,2.44300015182207,-1.453140959298949
05948241,3879,6.5602109761712475,4.995769989509691,-1.5644409866615563,2.7052928424150005
059c8f24,6258,10.027105329933379,10.912174729109239,0.88506939917586,8.37904419475025
05a0ee4d,4348,14.624607010326283,18.344706956532814,3.720099946206531,-4.529147601574771
060ab2b8,6258,4.430466504902511,9.048312196834127,4.617845691931616,8.685735051426118
06df5958,3509,4.474543232544933,3.0884860085517194,-1.3860572239932138,2.33868325663328
071d7b45,3211,5.712790914700656,17.11579247751261,11.403001562811955,11.492679230446258
0849b4e2,5537,10.147641844374796,14.567522114617379,4.419880270242583,-9.278794260096486
084d66f9,3885,11.347934739973379,10.693040191903986,-0.6548945480693931,-2.4831763895139
08fecf00,5574,6.524647309222669,4.759806836739511,-1.764840472483158,-5.958678415711536
09053135,5907,4.683074255888855,13.261553626472297,8.578479370583441,8.580589737111069
09441b8d,5488,12.61380579031879,15.9390645279074,3.3252587375886105,-3.2229786743774578
0955cd6c,5195,8.283842633000438,8.023088122545198,-0.26075451045523934,0.7161545392722458
09ec2ca9,5885,12.421092848195112,6.13281698431714,-6.288275863877972,9.022939548369596
0a57a29c,5821,4.984232177179577,6.952723985070934,1.9684918078913567,8.620887627126216
0bbf5e67,4298,8.036650342492024,18.377119492009776,10.340469149517752,-10.324169170167178
0be01c24,4738,6.811939864674873,8.273369324203173,1.4614294595283006,2.204984105744625
0c1b160c,5054,6.82345601936845,8.432276859497074,1.6088208401286241,-1.3801353025724994
0d99f8e4,5823,4.960202271348253,9.343320012239094,4.383117740890841,-4.312734943726089
0dc5e64d,4879,16.305853475476358,18.008822359134772,1.7029688836584143,12.080805120111295
0dc835f3,4428,21.361048002769447,7.2297789729208715,-14.131269029848575,16.558083455361167
0dd99dc5,7342,8.731078886720693,8.234632190411654,-0.4964466963090395,10.680933200183098
0e5e560d,3253,6.319774560971075,10.293900986020363,3.9741264250492883,4.5502423256671785
109d9d70,4215,10.696319092318447,9.371137061320914,-1.3251820309975333,-2.3651652612152296
10a1281a,5609,5.602700588073092,3.5911852573850855,-2.0115153306880065,0.32806532056405646
10b89021,5414,17.37445562464698,14.721334704881999,-2.653120919764982,1.8853490224275928
10be2420,3271,2.139949341143684,13.259451874685324,11.11950253354164,-11.801938862540585
113011eb,3272,6.313806504531688,5.177910618587731,-1.135895885943957,3.720630863788597
1131525f,4159,11.97945593274662,14.670165574890584,2.6907096421439647,3.1074304189773123
11d0f5ac,4883,12.464146697301828,22.169205194123972,9.705058496822144,9.10048728569761
12203f2a,3261,7.867616851725429,13.762320645487467,5.894703793762038,-5.417991157236288
122bd617,4570,6.796582502312331,11.670160284769418,4.873577782457087,6.21930317364932
125be846,6510,15.1284184876977,18.441379950265283,3.312961462567582,-4.048983993328214
1285a37b,5597,9.151039926062191,5.549117512133954,-3.6019224139282375,3.7430470650102707
1295a25b,5551,10.108743069953093,9.716800903498608,-0.3919421664544842,-1.0665907475371585
12f0cd90,5947,10.391479681963142,7.895034499573364,-2.4964451823897784,8.600081079908797
137d1e44,4554,21.390349154640134,25.010172511867026,3.619823357226892,8.296841915796914
13ce113d,2966,2.5575064127455067,3.381014512965784,0.8235081002202773,-0.04459185339386865
13f598d9,7306,5.194424447355194,15.16858992587756,9.974165478522366,12.921410123341662
14a53cb3,6919,5.625071750077226,8.94761773897247,3.3225459888952438,10.448154971503294
14ab73fb,3649,19.486451717047846,14.81915286795364,-4.667298849094205,4.543290185082266
14ad5efb,5842,8.406973912588711,6.298504340917485,-2.1084695716712263,2.3105801812500473
14fee784,4910,21.522523358950316,21.419815878785553,-0.10270748016476361,3.2149498536594896
153552f5,4695,3.8191275435788246,5.161441840641978,1.3423142970631536,-2.821733917502416
1550491d,4563,6.946562906633284,21.167156242041475,14.220593335408191,-15.141824509308256
155887bb,5585,5.937428600019239,11.793313793912793,5.855885193893553,5.657585615922682
1590af81,3799,3.4776989180394424,5.560887269871239,2.083188351831797,2.441885666526914
15e154a1,6068,4.209621955993772,23.22648490243106,19.01686294643729,20.620782732043153
1619e2ca,4443,6.217742271631513,7.812315673810556,1.5945734021790425,-0.6378273785386771
16e4a047,4131,21.892662670677964,10.715407020528387,-11.177255650149577,8.923346770143755
173ed841,4883,14.900216185624213,17.58051747694951,2.6803012913252964,2.7772814439540627
1770d7c6,7240,5.754492161628462,12.332849608315879,6.578357446687417,7.0368140618165596
177622d7,3154,10.673895821962958,9.800349606500166,-0.8735462154627918,2.5979504239535998
18d24f7b,4558,6.331209891524736,7.530076271970659,1.1988663804459225,-0.6853094929223558
19137a89,6267,11.137983092392009,18.119920942456794,6.981937850064785,7.455354993221851
1944513c,4722,5.520143454745469,5.738736995920461,0.2185935411749922,-0.3838510252271438
197f8a5a,6310,27.91254841884033,24.61555435098563,-3.296994067854701,-5.032934930016362
19871e7f,5293,9.59610921251246,5.353880109906093,-4.242229102606366,6.279347110757602
198a5607,6251,6.525545343029903,9.944851115115334,3.4193057720854307,-4.3602243152043485
19fb4f7b,5620,8.532167704025099,11.089880426882702,2.5577127228576035,-7.482669248780544
1a518997,4606,11.443904553235905,10.76070073803029,-0.6832038152056157,-0.5500986166094334
1a68190b,4474,15.429445281091933,16.431826147748733,1.0023808666568002,-0.12196442584068687
1a730ac2,4605,8.725191702013579,16.350400725581075,7.625209023567496,7.084794716463242
1aaf1da0,4804,9.994952420400574,9.288199403984146,-0.7067530164164282,-0.17478049900774095
1b08ed48,5618,18.032199081049814,11.838490879530399,-6.193708201519415,6.137577825078123
1b1c5372,4261,22.104345593599167,17.833374900392585,-4.270970693206582,7.766059349115898
1b1eba53,4655,62.77994454255255,70.63937461968057,7.8594300771280174,7.7570888891166305
1b6ba517,6597,4.750043519675423,7.818279827064867,3.0682363073894434,-6.861522623024471
1b82b665,3806,6.790718816115422,6.106594455886377,-0.6841243602290454,2.941049149486495
1bcb2fcf,4524,4.666451418021017,6.2062031463179,1.5397517282968831,-5.157808951343347
1beca81d,5036,5.023258166407233,8.154769966888065,3.1315118004808316,-4.359672301888004
1d3fbf02,2694,5.05461245667093,5.906372283901897,0.8517598272309668,-1.9569683320199436
1d78281a,4949,7.263072237285008,11.881246003992382,4.618173766707375,4.384902770755396
1e30dedf,4071,12.577068312065345,12.137059232129838,-0.440009079935507,-1.1293443548589952
1e5e3573,5480,5.546000168280703,11.921759172625736,6.375759004345032,5.583563718673386
1f9afacb,5328,3.790887338549454,2.518404175433652,-1.272483163115802,4.676158960773239
1fdbba44,4911,9.366748399740603,5.835321753197851,-3.5314266465427515,-5.146650844648063
1fee2b62,4641,5.188447840647387,8.271183690259376,3.0827358496119883,2.491549213183548
20096916,5133,5.302376304225899,10.457150039432173,5.154773735206274,11.517476179109634
200d233d,3926,13.329389217327153,12.776233899276743,-0.5531553180504094,-0.8331767437592339
201661b5,5955,12.408097331261196,12.376074593108253,-0.032022738152942765,-3.120077674181606
203721ab,5730,9.035442488588897,10.037088673521446,1.0016461849325484,-13.767796878141773
20402d71,6372,12.07087677271309,11.661871660575386,-0.4090051121377041,0.3302680726161831
2043abc5,6958,8.916561579204204,18.043675019417094,9.12711344021289,11.612310142192337
204cc64b,4805,6.648888689740434,6.09488008126444,-0.5540086084759936,5.048053865090291
206b6193,6535,24.805639524346418,36.50899923584182,11.703359711495402,-12.102244972733386
2075c696,3188,9.360718710622388,21.898881254260402,12.538162543638014,14.028248367440414
22c5f93f,5172,10.247506619864705,7.091232323797548,-3.1562742960671573,6.144965294263529
230eaaa3,4690,19.605367244523652,25.322864048616943,5.71749680409329,4.505483359587569
2364716c,4316,6.953503886701197,19.668009235301668,12.71450534860047,12.183423272014979
23b9beb0,7340,4.284811839876917,5.499363741994015,1.2145519021170985,1.848741845369366
24d8997e,3442,6.682874993683509,5.6395027824068205,-1.0433722112766883,6.2148218374283815
25050f63,6124,13.574879375739897,37.996607342363916,24.42172796662402,25.56908283000237
25939962,4319,7.355198879088939,11.099661933822553,3.7444630547336137,4.098704946995493
25fd32b3,2885,4.634490812435679,3.1781649872704114,-1.4563258251652678,-1.2519506261588842
261785ee,3646,13.090351535405444,23.57894263400833,10.488591098602887,-10.547322201989914
264feceb,5665,7.127678493179915,10.863394363873287,3.7357158706933715,-4.684222885991089
26623a50,5735,11.70438332494011,21.675376849132046,9.970993524191936,-9.999031351648409
26d3a96a,4721,6.107750468410271,9.063491001698889,2.955740533288618,1.8964978248966997
272abef3,4135,16.187091325162164,10.023016592838678,-6.164074732323487,5.8095516833406124
27300fd5,5467,17.66569399481167,17.389589831741016,-0.2761041630706522,-0.4090421393183136
276b012a,4837,11.307217880496031,27.08665184488836,15.77943396439233,18.667551695842377
27c3155b,4958,47.07383249823612,18.11085336032788,-28.962979137908242,26.739109836908533
27ebb9b9,5766,6.374583689588513,9.988233062217338,3.6136493726288252,9.513848313407223
283269ac,2626,6.278221976338149,1.1159494538507433,-5.162272522487406,4.45724067084267
28473855,4290,3.2036174151049086,4.546502439117813,1.342885024012904,0.2958112839792411
28f4eda9,5266,7.646764101231996,12.159025419229918,4.512261317997922,5.694307762835815
29b24409,5587,8.845205694742607,13.756821410921399,4.911615716178792,5.7686431936287
29de15c8,3431,7.367815433717028,4.5857601721794286,-2.7820552615375993,2.9165225775342343
2ab29395,1852,2.521257765363758,2.45945596628769,-0.061801799076067976,-3.3024305092285706
2ac7cb6b,4990,19.014000753080563,19.596293256603055,0.582292503522492,-0.7440287217741501
2acc78d4,4266,10.095541435009405,13.626234402591441,3.530692967582036,6.82373879085179
2b034622,5203,7.052824341517967,6.805621396093291,-0.24720294542467602,-1.0498022763976964
2b06ad65,4256,3.1606600009433934,2.7463768040476424,-0.414283196895751,4.474369410016839
2b547943,3480,15.77315302620269,12.241457142013665,-3.531695884189025,-3.889713532735665
2be5c96a,4210,13.851979449316474,3.6618588662445717,-10.190120583071902,12.697312063658844
2bff06cf,7624,22.020413613880855,28.427941006681795,6.40752739280094,8.396640918486177
2c0c4a4e,4790,5.972344895819617,8.04594018660484,2.0735952907852226,10.658587011474001
2cee0cba,5500,5.889981603781235,10.665140786694133,4.775159182912898,-6.216915458441346
2d0c268a,4550,5.41557405094784,14.874791132341558,9.459217081393717,-9.481213287347982
2d179ded,7008,8.136476338211557,7.749754286132607,-0.38672205207894983,5.004897479833222
2d196986,6474,13.361843082436994,11.991317360702503,-1.3705257217344915,2.106459729930721
2d2d0c6b,5045,4.895670054997088,3.045945300727323,-1.8497247542697646,1.8249271668545044
2d35f86d,4896,16.763797207368043,11.216196779664774,-5.547600427703269,-11.724200887129731
2d9f6cb9,7338,7.001015916275229,9.908706063856238,2.9076901475810093,3.9407909956972005
2ddad940,5331,16.31175728948346,7.645816438023014,-8.665940851460444,10.680663094654848
2e29e833,5428,8.448339538060676,4.3076518266215045,-4.140687711439171,-6.6641219567843235
2e43c2ea,5698,7.301318371343225,7.487396669090343,0.18607829774711782,-1.9659686941369818
2e63d9de,4699,21.62168491458914,13.77390817425645,-7.847776740332689,11.952955750480653
2ee0235b,5556,4.202048974318043,6.80295371229703,2.600904737978987,-2.593642247666532
2f19d536,3088,6.3482303037596015,6.535598394413745,0.18736809065414306,-0.1799229056746024
2f8e53c3,2594,9.81126614296258,3.293055138227308,-6.518211004735273,-11.325822494878173
2fa01aa6,2174,16.894224085651157,18.77741961251621,1.8831955268650518,-0.5547456078615521
2fd68f7b,4730,45.38858922617354,60.74015262396321,15.351563397789668,14.150108514615324
2fe023be,4221,10.371893172037057,12.90931147808348,2.5374183060464226,1.1680178001496475
30d75030,3404,11.160702884800026,17.599318669377997,6.438615784577971,-3.800749777170861
310c71a5,5245,6.244483632856399,8.843313479056066,2.598829846199667,1.9925099570257732
32fe84c9,6408,17.454784527856983,22.250821979444407,4.796037451587424,-4.545888761003753
33c40295,4169,11.974128527396665,8.700789781165115,-3.27333874623155,-5.889999725782719
3407f5bf,3638,15.122086758852657,21.29388267466182,6.171795915809163,-10.11192894754216
3417285d,5449,22.97245590577503,34.42198868150785,11.44953277573282,11.93590834972227
347242c8,3595,1.8199241942999744,2.242023016039388,0.4220988217394137,0.38895413384491007
353e5502,6062,4.452261599805166,5.639360585146688,1.1870989853415228,2.5557760510499405
357c12f9,4079,5.436534507417348,5.624420852755269,0.1878863453379207,-1.1565322058148948
3584a6eb,4494,14.814221652634835,9.108318362664079,-5.705903289970756,5.482289005440773
35b30c7f,9579,15.708895817076368,19.15158789297762,3.4426920759012525,-4.53624145407856
35b3ef6a,3904,11.18384689616279,26.045383636758544,14.861536740595755,-13.750069377223438
367456ce,5569,5.378980945274663,12.622377103894497,7.243396158619833,10.884595370984082
368131f9,4991,16.48358892113959,20.875783169531438,4.392194248391849,6.970017748422228
368fe682,4936,15.240181860670118,13.878502686940966,-1.3616791737291525,-2.2506695019064975
3690a146,4073,5.600992433513095,7.130156510792888,1.529164077279793,-1.076316211925037
37344c2a,5197,13.868836089612994,13.239300394199656,-0.6295356954133382,-0.6849906806924778
373ef48b,3509,2.156857695796219,5.207191387759596,3.050333691963377,4.455992243578343
374be387,9965,7.56216542443936,6.712762639770746,-0.8494027846686141,2.7387709786176364
37d36812,4367,14.667984213982773,21.856313079076383,7.1883288650936095,7.191088890617033
38991fd4,4798,5.445329974376672,14.86604108751415,9.420711113137479,-10.851286177835593
389ae58f,6463,45.5772471069319,49.76304894845995,4.185801841528047,4.458641020395778
3932faa6,5452,13.880235866306394,13.157974615537267,-0.7222612507691277,5.235458783208729
398dce4b,3166,3.0454156650801836,4.559718484677409,1.514302819597225,-1.4626546022880254
39b51819,4231,1.8087820519385842,3.160351282946552,1.3515692310079677,2.8081447262154615
3a0af893,2927,6.293565795111548,18.6897660134781,12.396200218366552,14.589459420530092
3a223519,4583,14.81676063755333,9.401162306681243,-5.415598330872086,6.791662455926744
3a7dd95d,3072,25.716594343194803,13.010388611275376,-12.706205731919427,14.77945415000827
3a824aa7,4201,5.88260709955574,5.690131490731758,-0.1924756088239814,2.5064400847374837
3a86fe8d,5118,14.225148177282355,11.634711217695367,-2.590436959586988,2.0443832664551533
3aaa2b30,4711,6.917005304991351,17.520232328990414,10.603227023999063,9.601363971007384
3ac16ad0,5649,8.969931087564218,8.880546118495223,-0.08938496906899474,-3.603877771660436
3b21ea64,7376,8.205610365940835,8.368949948322665,0.16333958238183044,-2.053683876597669
3bbe1f5d,6918,9.960390337849425,10.572803005133604,0.612412667284179,-0.0608741471425177
3bfee975,3603,6.147581967339629,7.840543276658913,1.6929613093192843,0.35210100986033055
3c3dbcbc,5069,7.238541095433407,8.29349171896155,1.0549506235281427,4.890751403295063
3d96d897,5659,2.4038796903203834,3.6092906343486293,1.205410944028246,-1.8397242071017281
3df4b19e,4988,4.438837318012466,8.67249047497302,4.233653156960555,-3.685689639510776
3e011332,2723,18.03251565839979,17.42146062278745,-0.6110550356123419,-1.8577108883133517
3e678ea7,6858,15.573365259278381,10.229911981746914,-5.3434532775314665,-6.3115817182371075
3ef6372a,4727,6.150700247984362,6.229379944022544,0.07867969603818192,1.7577228672306133
3ef98781,3892,8.76886474296785,12.433878700657393,3.6650139576895437,-3.9990690011061436
3f603129,5051,15.004350681690376,29.712176284154232,14.707825602463856,35.39039457167715
404c4384,911,4.4204992660867966,3.6011694039210935,-0.819329862165703,7.19179532640412
4121c517,3723,6.992560648010599,11.223238561279205,4.230677913268606,4.378104927652564
41fb0192,2973,6.586153404334786,3.5577103110362645,-3.028443093298521,-3.238217912572065
42669188,4282,14.674703523412319,23.030677799344762,8.355974275932443,-9.124811097277824
42c538a1,3279,38.55232339126587,26.18883109705342,-12.363492294212453,-12.603929074041934
43b06c70,4846,4.50313198710198,8.769342298126745,4.266210311024764,8.889695584423546
43c7f85a,5978,10.869865224635662,11.180370167514397,0.310504942878735,-1.6187857732346609
43e16325,3720,41.65094311936031,45.776662453735184,4.125719334374871,3.0564898271254197
44441e54,4357,3.326881184151397,3.668929750345109,0.34204856619371204,-0.828825169431586
445af6c2,6041,24.37705963812081,29.954468486977532,5.577408848856724,-4.176230149190275
4463446c,3256,12.883041879322597,18.86029305975226,5.977251180429661,6.732547395588923
44a94013,4903,16.30822376550867,23.26260921867206,6.95438545316339,-6.461243743347783
45fb3e21,3649,17.945084032954636,25.15963005414619,7.2145460211915555,-6.850978175841802
460f859e,3336,18.940893885940465,20.01206991533264,1.0711760293921735,-8.195370940931015
4630ab92,3373,6.961897604688012,10.880550178687447,3.9186525739994345,-3.2386918309568515
463c38f2,4460,14.96819575896775,6.316346789980795,-8.651848968986956,13.849829192458559
4654e7de,5373,4.871097387483982,5.262206132576318,0.3911087450923363,4.515972791852086
466fc788,6197,12.29868606850407,16.96677982284487,4.6680937543408,6.217376511997513
46a301e9,8226,10.702884501346949,10.714122960128444,0.011238458781495098,0.14230259426365885
46a7190b,4215,19.251144847130433,13.31037471543342,-5.940770131697013,-6.103155414346711
46d24a09,4449,19.879790843941503,21.034427197140683,1.1546363531991801,1.0779825595286388
46d41ff6,7901,5.258102640295959,7.152719312990992,1.8946166726950322,4.354313647825046
46dfcfca,3606,8.655816418489348,23.306915931867923,14.651099513378576,25.544683069966105
47222616,4406,4.976086527513031,12.72802806095558,7.751941533442549,8.879120725949706
47ee27ab,6397,8.129212774997326,7.811133847911845,-0.31807892708548113,4.620463855245361
481de5fc,5952,13.704784652866174,13.661013098019078,-0.04377155484709583,0.1604907617646222
48c1f673,2917,12.022266044409477,18.480143096264484,6.457877051855007,6.406021963882332
4936af16,3991,7.533029311821744,5.12683088404085,-2.406198427780894,3.047338901455597
493b5b31,4671,18.01739692658525,20.806259253075513,2.788862326490264,1.8556531721287581
49dbc14c,3872,2.6881505516736066,5.472416193779096,2.784265642105489,-2.330270791632365
4a035ec2,2588,15.58294280419935,18.37817503927824,2.79523223507889,-3.6060915332188985
4a335117,5015,9.212869858954202,25.01473417971471,15.80186432076051,22.005005348913613
4a8ecc0b,5809,9.048457278487067,11.211904800768597,2.1634475222815297,0.19271352370203412
4b462989,3106,9.671960803009581,6.605024585467642,-3.0669362175419392,5.166668357111871
4b831d20,7312,8.800257415594695,16.40332593479727,7.603068519202575,-7.293013096030994
4c2208f5,5384,17.27843192225357,37.38188510729996,20.103453185046387,22.407921762179015
4c3168cf,4334,3.7788669281391454,4.398564145674671,0.6196972175355255,-0.04048685207423213
4c3df468,5392,10.900666425588442,20.730613836474724,9.829947410886282,11.239928661189634
4caa7289,5396,5.831298751237784,9.679853283039389,3.8485545318016046,7.626469232097725
4cd1ac61,4489,8.387597021885057,14.744577751415134,6.356980729530077,7.941499225765511
4cecf7b3,6019,13.78171174008815,8.796914734080126,-4.984797006008025,8.737174319398962
4ddde4c1,4472,5.806366557785154,4.584881244279585,-1.2214853135055685,2.1677949015817606
4e050c92,3705,6.0899115545900635,6.760683545123174,0.6707719905331109,-1.3736336432996281
4ed93db6,4657,6.683249161937887,9.134304566059011,2.4510554041211243,-3.6887021672112588
4f3eb9e9,4697,32.380348170973456,33.07892812639342,0.6985799554199659,-1.2355257114483393
4f4ac5ce,5162,7.892816364322264,8.250612102027123,0.3577957377048593,-3.221367189986504
4f4afcc6,5645,4.110062764226816,8.324204115356522,4.214141351129706,0.6222286889663219
4f69febf,5460,7.673375905374245,14.941245790403045,7.2678698850288,7.952310705181241
4fbe9c06,6287,10.021693904841403,12.700621635010842,2.6789277301694394,-3.3211953226064552
504c8b08,6367,14.883850583362292,20.6567768266876,5.772926243325308,-6.341130762916129
511e1db0,3821,5.1846017793930255,2.646655635093415,-2.5379461442996103,5.3970678818271365
512943b2,5029,4.540624012335935,4.032978673574936,-0.5076453387609989,0.9209924215831924
5138a660,3559,6.03931033749523,5.4780109058052355,-0.5612994316899949,1.8120221326381745
516088b7,6645,4.556473115258399,6.371603205164532,1.8151300899061331,1.533588637611663
521a7819,5200,13.251542604387653,25.361861575542044,12.11031897115439,-12.903518047327987
5254b6db,3274,10.969719252424657,7.293881229520888,-3.6758380229037684,-3.6570390984492334
529e88ca,3417,10.625945969646128,15.265625031718603,4.639679062072474,10.692455450578143
52f1e77a,4442,8.972421368214661,14.174880875648114,5.202459507433453,4.266438230267637
5305524b,4898,8.576731789532051,16.63490369332069,8.05817190378864,-12.816852946343607
53134831,5126,10.214479353565414,17.343954276390388,7.129474922824974,-7.153037105373876
5397ceb1,5255,8.097930748915669,9.25091584943266,1.1529851005169913,6.91562030497482
53f23031,8550,10.324114405693532,10.66798407051043,0.3438696648168982,0.607666124281266
543198e8,6503,15.206493080170963,20.51495618405221,5.308463103881246,9.005695261946379
54753541,4026,16.091001439884568,16.22277834812335,0.13177690823878052,-6.396381225939336
54a7e3c2,6155,6.413169929958558,11.037762426443331,4.624592496484773,4.40528788149262
5542c301,3591,6.7954927459409475,5.501114137426537,-1.2943786085144104,-4.953658753443465
5567d551,6889,7.764799769162673,10.289492216812466,2.5246924476497927,-9.54149183496252
55efee7f,4801,15.75956391561609,25.83515609352923,10.075592177913139,-13.135729736375875
5663b2b7,4972,14.623515396196243,16.28409405856329,1.6605786623670475,-0.7629164350791098
5693dde2,3488,5.8927318434532445,6.95783505375875,1.0651032103055051,-1.4088652853348127
56b00794,6065,29.963243599619318,29.944728017238926,-0.01851558238039175,1.6462148666889707
57796579,5890,11.718284487465127,12.813078334954168,1.0947938474890417,-0.7172485018597536
577eec7c,4539,11.997950661619942,18.875287599886814,6.877336938266872,8.493184394248992
57f05c51,4771,18.77811452092885,36.3244551404309,17.54634061950205,20.19794661205352
58850d2c,4995,15.56337243493337,14.887955622671049,-0.6754168122623216,0.45592167092048563
58fa8486,4475,11.105097135953246,11.865701003853058,0.7606038678998122,-0.3188361561950927
591cc951,4609,4.063764710182748,15.021994805073081,10.958230094890332,-12.694107369391954
593876b6,4842,7.958368982116968,12.278386863654298,4.320017881537329,15.115168668059066
59f8b2e8,3747,7.794345867732074,6.235385931133263,-1.5589599365988107,-8.096410895521412
5a1a8fd8,5260,10.238363395333225,13.165282167987698,2.9269187726544725,-1.7309357995018355
5a5269a9,6513,6.440011125187298,5.863105043604518,-0.5769060815827798,-3.5334295326585
5a5d1982,3894,4.733818794246077,7.106652935637849,2.372834141391772,-0.30642920671688334
5a63b5d1,6217,9.138498459905286,19.44924550712061,10.310747047215326,-11.648270370160207
5aa03df7,4871,4.73757824140801,6.58601427636249,1.8484360349544797,0.7220130311909136
5aa403d0,3118,18.752953412171106,25.684478606280763,6.931525194109657,7.575695895753434
5aef5c6c,3121,7.94138092045397,10.926258823623487,2.984877903169517,-3.5659241619048894
5b7b6324,6564,15.084383700383976,17.673226229685234,2.5888425293012585,2.3368627535303137
5bd25f59,4210,7.432966260924517,4.338412715856817,-3.0945535450676998,-8.330616896405932
5beded95,3057,12.322430465999672,16.64432832796459,4.321897861964919,-3.8905378717024193
5cb483ac,3852,9.327592073787889,6.114075023717169,-3.2135170500707195,-5.681702883061644
5cdd8dbc,4010,9.758248750425656,17.231660513857207,7.473411763431551,7.2927445270098925
5d11dfb5,5895,12.41593197245313,9.758377072411292,-2.6575549000418377,-8.432925211219485
5d7198fd,3368,7.112612490181648,13.36645546990557,6.253842979723923,-7.327158319678043
5def1ce5,6443,6.4094579566556495,8.052417616706911,1.642959660051262,0.004200380684155994
5eae34a8,4904,6.238073286975849,7.397484649492449,1.1594113625165994,-1.476792921031686
5f4d2a52,5225,39.260982080142945,56.914917258531396,17.65393517838845,17.286659280326234
5f6756c5,5931,6.016372807890437,8.573813859683462,2.557441051793025,1.6223836062772818
5f75f796,5562,9.885147785783616,9.239915906257119,-0.6452318795264969,0.4892686947627371
5fb1c15f,2860,13.654655738949591,18.291082508578185,4.636426769628594,5.435122187752764
5fffa282,4201,2.215680249163984,5.318148657346763,3.1024684081827787,-4.074295691092169
60e37807,2699,22.47807079132435,20.874268055180604,-1.603802736143745,-2.706670006964004
61f27424,6220,3.75363899834119,2.8150009994687166,-0.9386379988724736,2.4640129139360627
62569ae3,3588,4.764260808426379,8.163464251076302,3.399203442649923,-2.275300001912049
62a6f539,3693,6.47188596551158,7.864940463331049,1.3930544978194686,0.0772950726337789
633774dc,6233,14.477107397269243,14.212429924790966,-0.26467747247827766,-1.5419126437514477
63559d57,4069,5.635757458065329,5.894220519880757,0.2584630618154282,8.136554455955158
647f2a41,3881,9.802118382384535,6.546227092935274,-3.255891289449261,4.0717094220223355
65156b96,3221,11.072052515611706,6.076781706471203,-4.995270809140503,10.127245589717738
653612bc,4605,5.944670346233408,2.8332405605306503,-3.1114297857027573,7.619519695954813
656a067b,3051,10.259766145040993,14.667037832749068,4.407271687708075,8.377669288526494
65a5466a,4683,18.75110549893482,11.991020361693243,-6.7600851372415764,21.26874252326825
660d9546,4732,5.490377990829954,9.433757519583331,3.9433795287533773,-5.815365846306141
6767c111,6783,11.768555641870284,17.475154063370617,5.706598421500333,20.84337328136294
67847288,7429,7.0952143036843385,11.461290028070946,4.366075724386608,-5.189934611618151
67a8da4a,4911,7.221256652475814,14.48691836331104,7.265661710835225,8.101745918423644
684a6fc1,9818,9.928291875330698,24.030978453294004,14.102686577963306,15.635913741383275
698930d1,4741,7.293345181139572,10.389172214568049,3.0958270334284768,0.04698816417655301
699ea575,4120,6.577605023634637,10.392889600471305,3.8152845768366683,10.088642248214565
69c1bdad,2714,7.295987180659291,9.789958199101882,2.4939710184425907,6.45820309198069
69e41fa6,5772,3.7916178366995865,5.861732687565972,2.0701148508663856,-1.7468721920787882
6a0ff78e,6465,9.126294831138445,11.350827388917207,2.224532557778762,1.257418720779175
6a8fa194,3017,11.527462128197996,8.348329338921092,-3.1791327892769043,-3.2350971635824135
6ae68655,4204,12.99563939871393,5.259877371830794,-7.735762026883136,-10.615358294591477
6d1d74e1,5830,16.265163711525695,11.887571200184345,-4.37759251134135,8.929663641304712
6d590e26,6096,6.956500420870145,8.629685403348205,1.6731849824780598,-4.955295592740103
6d6d93af,3595,24.882450438542943,32.195372520142506,7.312922081599563,-7.195819560449426
6dbe4b60,4648,3.7328231839997676,8.699464045404161,4.966640861404393,5.738384095291313
6e6d122c,5632,5.08215413345419,9.11700946941914,4.0348553359649495,3.7424709427262113
6e9ccd38,8282,15.29367369229433,12.23949279951463,-3.0541808927796996,14.373004781647323
6ea22614,5971,8.236490481657283,6.4753183432909225,-1.7611721383663603,4.948885518233254
6ede926a,4938,4.169217723243975,7.686767373145472,3.5175496499014978,5.218700472270146
708caea9,6548,34.19286917226398,34.916458237909005,0.7235890656450223,0.9427860256717429
70925e23,5947,22.015928698124416,14.784803005082047,-7.231125693042369,2.359293595041747
70e1788b,9285,8.448655685409738,7.159206283115686,-1.2894494022940526,0.6598310969760818
71642c7d,4648,9.86563153295766,11.901230993511438,2.0355994605537777,16.74158149505406
71ccf778,2698,6.7700479549521315,5.388651839136806,-1.3813961158153258,1.6274153924888743
7224331b,6063,4.043262371000408,4.338260107312621,0.2949977363122134,1.54146419330394
722cf0d8,5143,9.325722426955707,11.127293106426961,1.8015706794712543,1.4173207898444893
7256229b,5415,8.692992704444567,6.6453924693055635,-2.0476002351390035,9.26872507739858
726f3dc2,6723,4.660563412404266,6.931383638655225,2.270820226250959,-0.7031033127484964
7271dd80,4340,2.378993529557266,8.313957865645467,5.934964336088201,-7.463604919354517
727a3a10,4397,11.011950321846255,12.36395803493887,1.3520077130926147,-9.598543585146459
729665c0,4263,5.304090311485621,8.662513145164612,3.3584228336789907,1.4645964981914537
729e9750,5919,6.99264691629363,8.825983755646552,1.8333368393529224,-0.4598468854381241
729f4217,6195,9.175500494694461,16.25171177822061,7.076211283526149,-7.777467073090865
72dd8501,5193,3.5058424921697444,6.0720820352358595,2.566239543066115,1.532991679145952
73348914,4221,5.639726367558716,10.691729206195715,5.052002838636999,10.175767078108414
739a914f,5505,21.333259069987744,13.540022100878758,-7.793236969108985,9.903682587384788
73b1447d,5670,7.931428782380755,13.404843871674935,5.473415089294179,2.589629767532453
74b6186b,3405,2.8386288294299504,9.007196786463387,6.168567957033437,11.169158368039916
75c20ec7,5361,7.038404054789732,11.054465755153933,4.016061700364201,2.779814540161577
75cd5f11,4946,5.678776048140295,5.260066074409697,-0.41870997373059815,1.3863363582808832
75d20a82,5067,13.711798883073644,17.230705080539593,3.518906197465949,-6.425272244617221
76201745,4448,7.712247631913379,7.881811891978768,0.16956426006538905,0.7216767449958011
764072a5,2949,5.898353923081611,6.358306065218297,0.4599521421366859,9.127817566452846
77b0d905,4174,3.3236133323697374,13.048365351893997,9.72475201952426,10.628596712144109
77e4821c,5393,15.204957295748114,19.218605395377665,4.013648099629551,4.53420103948622
7850c72e,5497,31.792844273147885,12.350659981673207,-19.44218429147468,28.861716148170547
78a4a386,5119,3.739558315836244,5.866186376682608,2.1266280608463637,2.2124087637241603
79507629,5302,4.854149157080486,12.57032003546627,7.7161708783857845,-13.131399363140359
796dbd4c,6248,8.743498203191226,4.867507118040292,-3.8759910851509343,6.571742286959494
7987f2f2,3705,12.647213410716304,12.030471815010397,-0.616741595705907,3.1724233544390303
7993a768,5487,2.7351819789578076,8.94458476658435,6.2094027876265425,7.500163533500196
7a5660b0,4998,18.278186179857006,13.453411559639392,-4.824774620217614,3.9907046755982383
7acda2df,3091,8.28041424745663,13.841227690699123,5.560813443242493,0.9165358747727483
7b2c7b3c,2584,7.373260728039499,6.17273385674935,-1.2005268712901493,0.004168726369945821
7b38844c,3749,6.355061307975548,7.388349907150671,1.0332885991751226,1.1052421082171084
7bb17b96,3922,12.546432218011798,17.009046194531738,4.46261397651994,4.1771981514459275
7c607683,5328,17.370401028032468,16.864753655466934,-0.5056473725655337,-0.06822963500791165
7cbbd047,5121,22.910276247850252,12.532698729088267,-10.377577518761985,30.782233492567034
7cd4bb31,6439,4.548854766046878,5.9143797077311655,1.3655249416842876,2.988348784648868
7d50373e,5122,8.143834010932778,14.288140886490114,6.144306875557335,-6.653710397609009
7d57c75d,4405,11.146925292287209,14.198113996829493,3.051188704542284,5.702588463117949
7e208414,4226,7.37687396746602,6.381931414565357,-0.994942552900663,1.4155843413256
7e721392,6174,37.946254296836486,40.331826473951956,2.3855721771154705,-2.4936120836101567
7ff89f8f,7337,9.561001250229978,14.155555516103233,4.5945542658732546,3.1958768122093524
8050c789,3077,9.852240516524873,7.786449457719408,-2.0657910588054644,4.8697690570148735
807f0298,3747,10.741496843536245,8.853825493010934,-1.887671350525311,-6.293307848851259
811f52b3,4836,4.306217966673773,4.598301010999275,0.29208304432550136,-1.0734962552431022
81bf5923,4543,30.21140311079144,31.31927935297995,1.1078762421885102,-2.8547502497150314
81fc01c6,5909,15.822847144049259,15.007610097527794,-0.8152370465214656,-0.4925100651606578
8255c867,3589,23.33793697524549,25.379544413656888,2.041607438411397,2.089011151577207
82aab6d2,6140,16.050121044286517,16.359385167102737,0.30926412281622007,0.0325786712469324
82fcf37c,6014,3.9033339814239993,6.562385974432521,2.659051993008522,4.435892009859966
833af382,3628,20.508551637833392,11.932419080398546,-8.576132557434846,10.927800664727583
8382f4b6,4967,26.471459933220213,35.957613544757436,9.486153611537222,-10.76230910430322
84633df4,4972,13.54854065601869,4.736172446701271,-8.812368209317418,-11.178647746237623
8478df29,4857,3.115140104277593,14.043024034272376,10.927883929994783,-12.14909663978592
84815d5a,3647,8.426486560194371,18.796385252137515,10.369898691943144,11.367767111259356
84c3b497,5312,22.87170348681918,18.960394713110585,-3.911308773708594,-7.9945735171975665
85380836,6618,5.090659922187233,14.16579981313258,9.075139890945348,8.605577509409317
8612b37f,5165,12.96475559708103,19.617069448970486,6.652313851889456,7.878548855748922
861e71df,4700,17.997415440998303,11.539564677986593,-6.4578507630117095,7.102906673963382
86454a6f,7964,56.979510891995375,70.26338513734783,13.28387424535245,14.100604890357573
8648abae,4244,4.501732598781521,6.857839767871924,2.3561071690904027,7.835846220901471
865033f8,3557,7.0884649881864625,5.940308678128904,-1.1481563100575585,-6.562466577045826
87695469,7003,9.46426999392335,7.051593014629924,-2.412676979293426,3.559573790636984
877ed19c,3708,5.549489362953554,3.961990141908008,-1.5874992210455456,2.16104474368357
87aa3730,5607,9.48805349573748,9.116484132166912,-0.37156936357056836,1.0490131788891215
884ecb5f,6724,13.113151422447421,19.928910115404566,6.815758692957145,6.905564253964071
8902c3f6,4959,6.5026895555026885,8.832044207317482,2.3293546518147936,4.170501146345753
896d15b9,4279,42.44926886974264,29.78460727060298,-12.66466159913966,-13.10609692227498
8995c945,6724,11.560879687562087,17.049572930743697,5.48869324318161,5.679777580711618
89969c7a,4947,6.448220358031496,8.235332474787521,1.7871121167560249,2.868567680723207
89f1085d,5994,14.389817533121736,27.630506752261244,13.240689219139508,-13.863952132152015
89f36adf,5292,4.14119922615997,4.477972454313123,0.33677322815315325,-1.3249792620861716
89fdb2f2,2031,6.037898273073095,1.6866180518953557,-4.351280221177739,-5.281081189597154
8a3da6d1,4593,9.757075944123505,9.412246097229765,-0.34482984689373986,2.479578413646302
8a89da23,3935,17.58379829003096,24.252456304947117,6.668658014916158,6.791426761691624
8a9c8932,4663,6.173945727641353,2.3969295087935425,-3.7770162188478107,-2.225740076431271
8ac2f237,5319,16.52626086960822,16.45119897844976,-0.07506189115845885,2.196148660139671
8b12bab6,5234,6.440946772613175,15.811256392108719,9.370309619495544,11.093963440286617
8b5be31b,5672,8.28020907004332,14.42858472653754,6.1483756564942205,-8.810378847895102
8b95d6d1,1731,2.5785494655952337,12.821591683060278,10.243042217465044,-10.715561625877012
8b9d8326,6163,10.538346542248483,6.582552988433189,-3.955793553815294,7.548604633332262
8bb9c1e6,4546,2.886708782181115,5.877089429163017,2.990380646981902,-2.764986887404152
8bda1a11,5981,9.884670497479734,12.860573075338545,2.975902577858811,0.34832659894564016
8bfa881d,4089,18.60373266329253,24.907656478671402,6.303923815378873,4.369062305522959
8c167025,5368,10.176793382853415,12.842100494100917,2.665307111247502,8.353921710680149
8c8348e8,3888,7.814515836026928,6.541121071059431,-1.273394764967497,3.547446644880244
8cc21f01,4044,5.625918941334483,5.692405675014437,0.06648673367995439,-0.8756364251506662
8cc800b3,6576,29.00311802495718,13.894631430456734,-15.108486594500445,13.68662435897095
8d5d46d7,5755,16.664382568983047,14.448678432466647,-2.2157041365164005,-2.6897969459563145
8d92cb49,3589,9.012294348278633,7.261615385751236,-1.750678962527397,-7.444259405815724
8f201368,6349,25.905374699284696,31.179492905922075,5.274118206637379,5.023265616799553
90386ee4,3840,5.296845540382068,10.152954610245539,4.856109069863471,6.393263912742814
91abc4c7,5848,5.626888055322975,7.02683994774031,1.3999518924173353,-0.5011314399400816
91b301ce,6570,36.9427459812971,35.315076932980844,-1.6276690483162568,8.397225099695412
91db7070,4073,34.98370264254811,40.80747690976154,5.82377426721343,6.125139083805521
925a7cd1,4517,6.305049273825505,4.612563792738408,-1.6924854810870968,-9.911200212583953
9283ae69,3371,6.564080268581073,6.173284378497139,-0.39079589008393345,-2.9074791597435077
9298ad5b,3964,9.839213286245007,13.089984763550598,3.250771477305591,7.102814137370778
9314ff13,2748,5.41088784755198,5.189815774469084,-0.22107207308289656,0.8912058856000246
93209a3d,4697,18.341448927131957,13.65809981076041,-4.683349116371547,-3.0709906292041897
939d9c34,5101,13.26039300059907,15.729081869192102,2.4686888685930324,-3.2046290253222662
93f5d2e6,3691,18.166422915366766,20.10571368100563,1.9392907656388623,-1.5616172699798547
940a48d9,3963,6.799993590638956,10.06328128166555,3.2632876910265933,-4.421990464531169
940e709a,3348,3.365728893485848,4.6519560575408425,1.2862271640549947,3.807957087046517
9426ec1e,2532,12.315237643130422,12.079413246018726,-0.23582439711169556,-0.04504416826417799
94467f50,3035,11.522354127637865,7.795325573109472,-3.7270285545283928,8.262374035730414
944f36b9,4630,4.687330583805686,6.513075857645095,1.8257452738394093,8.242120093737485
94d813a4,4847,32.645018947485426,36.730942118502206,4.0859231710167805,-3.5223396586558864
95b559e7,2887,16.981707157160002,20.38335913388356,3.4016519767235565,3.2470092054610564
95c8427f,6335,18.559594461983384,27.215687207592826,8.656092745609442,-9.140261239801262
96936c22,3346,8.850914033727845,4.079825343764616,-4.7710886899632285,7.290482339538021
96ae5806,9839,10.053361389844554,8.450669041365172,-1.6026923484793816,2.207549953824769
96b7eea1,4332,10.730300929095225,12.405056848354107,1.6747559192588817,1.7815166815993562
9719aa04,4871,8.314050593614793,7.07656345543121,-1.2374871381835826,-1.3886198545808974
974802e7,5843,12.190367675930123,13.80511563998303,1.614747964052908,-6.8984685496243285
97cd5bf9,3449,6.691008620245971,9.273936692075774,2.5829280718298024,-0.11822800125383708
98177ced,4772,8.440559837830017,5.779865915399804,-2.6606939224302133,2.828456397414017
9896fc0b,3595,14.274162863770378,15.814766850712997,1.5406039869426191,0.6576801063503678
98bc6f66,6063,11.813934473787217,17.645391862557158,5.831457388769941,6.359751697601917
992c99e8,4904,11.681146751408583,13.77905931963707,2.0979125682284874,-1.6944602583907504
992ce078,2879,5.2412377670212065,5.02484380821733,-0.21639395880387635,0.03177105003888299
99529c45,5840,16.424150186128028,21.675545088419643,5.251394902291615,-6.906308923000661
995ff498,4526,9.649083987709352,8.343710199277547,-1.3053737884318046,4.787972907161875
999daf80,3564,7.060830957827838,5.121625403452367,-1.9392055543754703,9.92362616629734
9a6b0392,4255,17.1620958224517,6.974051133501153,-10.188044688950548,12.150033313733426
9a8ae0d6,6294,7.865986564376529,5.937216688673599,-1.9287698757029297,3.8768861962277517
9a95e33f,6447,12.764245229961519,32.28932813245856,19.52508290249704,-22.16452488286922
9ab94eeb,4442,4.108508655189313,8.205724523051869,4.097215867862555,-2.5673734858827175
9ad5410a,4205,6.632290615795991,8.784377249544983,2.1520866337489917,-4.463916194640318
9ae248be,5271,10.037944000389379,8.107003944596206,-1.9309400557931724,-12.6478779149495
9af1ffd0,3525,10.420686216023356,18.128053838502368,7.707367622479012,-6.319882866244569
9b5b61c1,5532,3.4722979038588213,5.429982209622746,1.9576843057639244,4.682299532027205
9b9e3b49,5118,9.705186279371244,7.923721572593473,-1.7814647067777711,-8.477945427103023
9bd2bba3,7439,4.319333742488772,15.673287472863077,11.353953730374304,13.27373980207051
9c211c53,7265,6.922857517654268,6.466506541772609,-0.4563509758816595,-1.1905037119916713
9c350a6a,6052,20.139412056643742,17.397946606336834,-2.741465450306908,-3.5021447865444886
9c8375f7,3674,10.072456705257604,5.917156069883692,-4.155300635373912,7.921858108401148
9d072e4c,5107,10.70701990954836,9.990804668905984,-0.7162152406423754,0.6759545089377772
9d3ec64c,3480,5.507438148493109,9.187876827833358,3.6804386793402495,-4.50143380355063
9d4272e3,4030,10.009152864024342,17.76831335353228,7.75916048950794,8.102690997643982
9d5e14d4,5400,21.01404343115457,28.543156532728414,7.529113101573845,-7.741696180892773
9da441ba,5783,8.811485883883972,15.618529769468404,6.807043885584433,6.775741568633153
9dede370,6297,14.548266535938438,18.676124657054373,4.127858121115935,5.3341365909093765
9def2eb2,6003,8.003399119341195,7.253592864593499,-0.7498062547476954,7.556071866653995
9df1b1f9,4701,5.309104480334349,12.592269852167446,7.283165371833097,7.670463573139574
9dfff011,4319,8.168228852995414,4.8459695911212535,-3.3222592618741604,6.533393387985585
9e3e364d,4290,4.107956614619118,4.097267023631261,-0.010689590987857045,3.696078866968214
9efc812e,4450,9.520264806676881,7.747022854046375,-1.7732419526305057,-2.783022020932213
9f0c7bae,2542,3.0958750424353148,7.898258335635161,4.802383293199846,6.412132676354315
9ffce529,5212,4.983266788681768,11.084878093703349,6.1016113050215806,-4.318926580895602
a0383629,5832,5.495001152046694,8.416225361246278,2.9212242091995844,-2.5367396762110364
a056d01e,6557,11.860290769231565,8.584211201864289,-3.276079567367276,-7.777896031769293
a08d9e63,3685,15.226055449717272,21.46258569009769,6.236530240380418,5.169228239399556
a0b83014,5035,18.878119107395523,17.51843897699374,-1.3596801304017845,-1.5565378244885293
a0e92ed6,4897,7.188573396500612,8.114542367589692,0.9259689710890804,-3.655747524428853
a15bc102,3236,2.5364674343899094,2.578928597930721,0.04246116354081142,0.3978095141144176
a247e7cf,5674,3.930799688783584,4.201165296490171,0.2703656077065868,2.0093779750326894
a2e8e7f6,4760,13.126180830875228,10.698430341162505,-2.4277504897127233,-7.787377322087363
a3518960,4967,15.575343651453322,7.100675858286987,-8.474667793166335,9.574662838569663
a3f71395,5543,11.596220029541254,15.089395383508826,3.4931753539675725,-9.902496862392892
a4719920,5884,4.96135790546789,7.205451003735877,2.244093098267988,3.319761481090774
a48640d9,4532,11.528212410834671,21.626612771414322,10.098400360579651,10.165618332837195
a4cdbb0f,5204,9.799858685453,11.150021440885437,1.3501627554324376,-1.0609416393098192
a4f989c2,5385,7.557821546498546,10.578786672639087,3.020965126140541,-2.287119721531728
a5aa7973,4616,15.717463037563665,14.159778554983863,-1.557684482579802,3.3453424613000498
a5e6f7dc,5649,16.79071811982132,6.350818327780091,-10.43989979204123,11.933811998397397
a612d5a0,5329,8.78891682604564,19.256901319606147,10.467984493560508,11.626147835154534
a622ce4d,6298,14.572167791057664,14.236097814848373,-0.33606997620929135,-0.8946985707316921
a645da9a,5153,10.84938415916881,8.951092580974047,-1.8982915781947636,9.415399777436274
a692b17e,3566,4.855098512114646,13.138061444708827,8.282962932594181,8.17520598460188
a6b8ac67,5453,13.152812273857377,10.875902281234387,-2.27690999262299,-3.970691296897021
a6ed2eff,5275,7.727821582312957,8.632582794631363,0.9047612123184061,0.2758612564712336
a6f967fb,4670,10.30271686035905,13.762814229045636,3.4600973686865863,-3.273194367257045
a76db406,4672,3.886790702313163,3.7043201708377427,-0.18247053147542047,3.9208548907621013
a7744f5b,4377,7.489129369957395,13.084948643934053,5.595819273976659,12.584254695147107
a783cc24,1889,17.623505362161666,26.72523186448825,9.101726502326585,-10.61187585782871
a79fd2e7,4404,10.107450710082157,12.374341369091132,2.2668906590089755,-1.5864277071140163
a7fc3e6b,4764,11.531940577391989,18.149529358993682,6.617588781601693,8.12493045548459
a85bb86f,3099,8.962410176366584,7.873900707960967,-1.0885094684056167,-1.961142982027039
a85e4bc3,4581,7.392451881966166,9.638478456190704,2.2460265742245378,-2.1764880225499383
a87433c9,5721,8.211935498834052,9.580358514748033,1.3684230159139812,-1.4008764993448848
a8ed028a,5538,33.038335437633464,19.044521110452333,-13.99381432718113,-13.92042299227717
a959858c,4404,39.57532359836098,65.35865899088088,25.783335392519902,26.730840958082716
a9c9b150,3986,3.31430503236098,1.1630317709118394,-2.1512732614491408,-0.8664909937207276
aa95015b,4300,5.479164463505757,11.725050285011942,6.245885821506185,8.017088519993392
aaaf3c03,2997,16.780841647275153,15.079592231507316,-1.7012494157678368,-10.223600887940384
aaeffccb,2712,7.443638509047723,4.756126793123975,-2.6875117159237485,-8.309273019452727
ab112491,5185,25.579431401914235,28.204036984751497,2.624605582837262,2.8432455449066274
ab18d3fc,5694,13.646791229144284,16.597890792722144,2.951099563577859,-3.5613341727671104
ab3ced07,4250,9.845439915695453,9.797524442428841,-0.047915473266611386,1.486544393140526
ab6fe95d,5491,5.804419471731113,6.6795806397720465,0.8751611680409335,4.598228951714875
ab94878e,6004,4.611658940870372,6.090270250340663,1.478611309470291,0.5883919318260538
abf460d2,3217,3.9227702532148063,8.350877150110843,4.428106896896037,5.978997102935403
ac6f01d5,5004,13.65692096068882,15.962529701035821,2.305608740347001,-1.3927947472886237
ad2133a8,5729,17.0807016951768,28.088198915386187,11.007497220209387,-12.05654897312767
add9c322,3932,9.661052947281025,12.296784203800955,2.6357312565199305,-2.95189372911725
ae069086,4770,9.429926144050716,14.585517424947831,5.155591280897115,-5.09982318204536
ae0784a8,7823,6.943003131659924,10.87737509844777,3.934371966787846,10.466084119015317
ae35f33a,4450,5.879326180816696,5.0951729458693835,-0.7841532349473121,-1.7674171468148518
ae8959c3,4518,25.862293056311,19.76800976672305,-6.094283289587949,-4.582380867333616
aed44918,2719,3.8349220951134644,9.488704385906805,5.653782290793341,7.687167244766046
aee6393a,5865,4.388425638069854,4.665683726709421,0.27725808863956747,1.5006739354755054
af7a59ce,3024,7.642259013387127,4.115059728297358,-3.527199285089769,3.93148332529814
aff4e561,6026,9.058086710298731,10.851934253065428,1.793847542766697,2.0123977384357996
b04b58a3,3402,10.581339256641597,13.058667367524363,2.477328110882766,1.9345731580700016
b0d42b0d,4971,22.918197131857443,19.797243019186585,-3.1209541126708586,-4.023232625815861
b0f53bf4,2755,6.1788986563006985,9.231328022549082,3.0524293662483837,-3.922307319287215
b19b0395,5813,5.3915534166689065,10.045237735851847,4.653684319182941,-7.616695486354828
b1efb8a4,5998,5.255353775885691,8.506706925766984,3.251353149881293,4.476031393857227
b32902c0,3808,7.581436085524329,5.155416417213564,-2.426019668310765,-2.393516643907225
b32e4903,5770,6.082047659880362,5.863958705383137,-0.2180889544972251,-3.587157261980808
b3388334,6080,12.482674260927707,14.23010661853958,1.7474323576118724,-11.444200642007294
b37fd114,8161,21.13654197034995,24.97877020046922,3.8422282301192716,3.8141078041852303
b38e3116,6211,6.471351289142048,6.404438939196513,-0.06691234994553508,8.455904197541582
b4d8dd4f,4259,9.826915372245152,17.098418824477594,7.271503452232443,-0.5020580369191451
b4f37e6e,2992,8.727350506273286,14.94895263643877,6.2216021301654845,5.875065393109961
b56bc0aa,5602,9.48685442165868,8.788528154094545,-0.698326267564136,-0.6240284742453159
b585b4fa,4294,7.048232763420831,9.973817813617734,2.9255850501969025,-7.2430778220974
b5aa9634,7326,10.13809594071742,11.47866217552782,1.3405662348103995,1.3196572985683173
b7974e66,5558,4.978828511761699,6.972963992749996,1.9941354809882972,1.4081638577676334
b7cdcecb,6168,7.312761845657776,9.274351431311539,1.9615895856537628,6.505310149063698
b7fea9ef,3866,12.509781178427652,11.148074644872509,-1.361706533555143,-0.273216828277428
b85f7b06,3803,2.4686474940094363,3.569865119414346,1.1012176254049098,1.2048582527079612
b881d27e,4009,10.17096593829252,18.785154458691416,8.614188520398896,9.221378340714816
b8c49c1a,4319,3.9976730229956687,8.256954162110757,4.259281139115089,0.0054668142317004665
b95e7121,6306,28.141947365519982,3.4204599760598935,-24.721487389460087,29.486248455800975
b977be4a,5917,17.094907006802945,18.57837175934225,1.4834647525393052,8.124055219661695
ba48188d,4166,43.24545278989685,50.93720227649117,7.691749486594318,-5.542455434799631
bb2cdd83,3825,4.294072864651596,3.017674077265869,-1.2763987873857277,-2.7266665768585723
bb337fa0,6873,12.763144106382782,24.083821271230853,11.320677164848071,12.153518527866169
bb682ebd,4139,27.08619666967577,19.87022580202752,-7.215970867648249,-6.186445403195321
bc4381e2,4955,4.0292962407112825,12.598370947658928,8.569074706947646,9.192181308188657
bcebcc5f,6258,5.337890190360994,24.241537215571864,18.90364702521087,19.803483449123323
bd2c2f34,9823,14.258591701842573,5.663541608648027,-8.595050093194546,14.274031582740138
bd4ae5da,5006,5.809303495365664,14.052431666337634,8.243128170971971,-8.94737815877469
bd6f0e19,5140,11.459990311638496,10.118149844909517,-1.3418404667289785,-1.6392161756203685
bd8f847e,4961,9.583337691629586,7.389741905257485,-2.193595786372101,8.440289138787815
be063506,4500,4.2210099518928255,9.685884513043288,5.464874561150462,-7.994474755937696
be35c8f2,4226,6.690959057174925,4.674735185385168,-2.016223871789757,3.2940208722169464
be83e781,3221,9.818591915561939,3.1537973198868037,-6.664794595675135,10.884426711067418
beda8696,5912,11.394462486042766,9.819955216289504,-1.574507269753262,9.237353514792769
bf39bc20,3303,7.909465611863307,8.401808199266226,0.49234258740291903,-1.059035622216734
bf70b410,6347,11.101306330285302,18.920279724233612,7.81897339394831,-10.82520252428868
bffe3082,5723,18.531758770026634,16.598918029974968,-1.9328407400516667,-4.319912139564743
c03b9305,4255,8.328794984761162,7.1171172090817905,-1.2116777756793713,6.0367607315789975
c03d4aed,4641,5.271569781251113,12.583094329136486,7.311524547885373,8.704164017193982
c03fba65,3699,28.187816154825388,22.739971638302574,-5.447844516522814,4.682692836658433
c07fd0cd,4191,4.966512088284756,4.052934357090802,-0.9135777311939544,1.7090439459778606
c1708b88,6315,26.91377522900736,18.304767828554887,-8.609007400452473,7.0624931356866
c1d046f4,5513,5.2567993752697335,7.700112298091984,2.4433129228222503,3.153719226721656
c2717d4f,4721,10.19150934584771,8.452559650622254,-1.7389496952254557,-3.3734612840003266
c2c4db09,6039,6.879960652857309,9.028322821306517,2.148362168449208,5.505100291542828
c2c6fc71,7119,9.395146533892138,11.767462410523247,2.3723158766311094,16.862133075130107
c36625df,4742,6.503199406566892,8.003204999077816,1.5000055925109246,-1.8679893225210569
c3957531,5316,10.84928487353158,12.518722274768233,1.669437401236653,7.947866966586638
c42fe306,5095,8.839029574570109,11.279308916635767,2.440279342065658,0.5981328181748555
c43812e2,5527,8.495443889488811,7.016864008504025,-1.4785798809847863,-11.215158505511903
c472c0b5,3054,5.675023030989486,8.28128095427446,2.606257923284973,2.248937483962276
c47e0767,4356,16.209737039527802,21.47720905393819,5.267472014410387,4.8276955242564465
c50b42f6,6014,9.254831004350029,8.604265674370385,-0.6505653299796439,-2.1692384057278122
c593337f,5208,20.264752637621278,23.822334034025907,3.557581396404629,-5.204808038923035
c59b6c4a,5499,28.509988190756197,20.952603428128082,-7.557384762628114,6.764743437093525
c66be2b8,4154,19.775639515410706,22.226756512262092,2.451116996851386,-1.8243582347407723
c6797dd7,4664,2.9748772218860924,5.82900989050451,2.854132668618418,2.871403014347369
c6b782a4,4877,7.6707002530222494,12.807882966584375,5.137182713562125,-5.9633729513903555
c6c96179,4004,2.2674697357444002,8.772647918302802,6.505178182558401,7.070666960863075
c70c0e01,4312,7.063285205683602,8.964901066736223,1.9016158610526208,-2.5013798376062772
c84c65be,8496,7.982054970585094,9.738388019795911,1.7563330492108173,3.221119228257954
c8d9680c,6281,39.06513784072173,42.77043899776709,3.705301157045355,3.092368504004279
c908edd0,5293,4.345351174230591,8.765028360555872,4.4196771863252815,-3.194843357307958
c9578d27,4487,14.224112624302457,10.306756368182521,-3.9173562561199358,-7.425916330884087
c96c018a,6236,13.63640425734758,12.859960619036775,-0.7764436383108055,-1.093802508668951
c99f9fae,6361,5.899696539385343,5.40523137400998,-0.4944651653753631,0.21143191092826186
c9e6734f,4735,12.310889594083314,10.310371611471203,-2.000517982612111,-6.808375814252402
c9e980e8,4359,19.925004314411062,9.741734918381256,-10.183269396029806,10.798487426972352
c9fedcf3,3517,5.620806765453767,7.471714606706554,1.8509078412527868,2.3771865115747475
cad13e8f,4848,8.072851980638744,17.022296131058066,8.949444150419323,-9.75031043308693
cb34231f,5609,5.733581181208254,5.418906491757253,-0.3146746894510004,-5.316908534237724
cb879f40,6315,7.4758828564716335,8.79643766880234,1.3205548123307072,-4.772321483688408
cbb406b5,6328,12.160822686519678,11.364887497962812,-0.7959351885568662,-2.032930660127976
cbe51de1,3963,8.620167410566037,15.022202061672788,6.402034651106751,6.434789704117949
cbe62450,6258,17.380085073827,18.607063412926227,1.226978339099226,0.5042756581260901
cc08aa63,3274,9.167918383746581,12.988941242217614,3.821022858471032,3.337309521362757
cc8a1d57,6638,14.348278320342997,27.55539015081038,13.207111830467381,-14.39472487404266
ccedb12b,4401,8.080129145850252,10.609060511646556,2.5289313657963035,9.047695799938523
cd7f1687,4232,7.202165590789372,10.573162838089827,3.370997247300455,-5.879251132429871
cda7eb37,5973,8.185476643068066,10.042623008757838,1.857146365689772,4.339068462741844
cdc31d65,4840,5.387032450963493,7.482412321764383,2.0953798708008904,2.0032857221578926
cdc60a53,5878,7.327027298273642,8.315926094659538,0.9888987963858957,-1.6258779915769794
ce55ba43,4104,9.723374601030406,14.30444944852245,4.581074847492044,4.318581996052905
ce8399b7,1615,8.527563398750004,3.363562739626084,-5.1640006591239205,4.942271301805011
cf50c9d1,4858,19.129879917934574,31.56819712560828,12.438317207673705,-12.647164505849172
d00e7eb9,5704,19.043776956971772,7.907003476643952,-11.13677348032782,11.54399418917708
d011f41b,2267,11.066373189335941,10.86185548345431,-0.20451770588163143,1.7216741206465267
d07aed8f,2957,2.6857489209179004,5.402411556483793,2.7166626355658927,4.199903014843262
d085e611,6191,9.107705868863448,10.083729659420946,0.9760237905574982,0.16279981310999425
d0a0e7b5,3816,8.81976098632169,11.676903707262621,2.8571427209409315,2.936677061683696
d0a43760,4041,9.051276305779032,4.249353040412356,-4.801923265366676,-6.355769017207268
d0cb63ae,5223,26.371289021747945,19.937391369771746,-6.433897651976199,6.912749824292375
d114d9c2,6206,12.72541765406518,7.69852853923108,-5.026889114834101,5.84487289228514
d1457cc5,6920,8.129361066194111,8.115732473647405,-0.013628592546705676,3.5259561109551854
d1ecf309,6168,9.552617059312178,9.37828460834895,-0.17433245096322736,-2.8178338356015455
d1ee630d,6290,6.703445397927218,12.219780010195931,5.516334612268714,5.774824133031269
d217e0c5,3838,5.871269718263748,5.20363871867946,-0.6676309995842882,0.39004459039577954
d24ff243,5641,9.111182851017132,3.584579952704873,-5.526602898312259,-8.186119569587401
d273674e,3899,7.052016537740264,3.400366201632784,-3.65165033610748,5.290864797902877
d2f3b1ab,5581,12.20206674720685,17.357707330254247,5.155640583047397,2.9254688934322903
d3df146b,5787,7.94926629648963,11.69933929625434,3.7500729997647104,4.76923349631502
d40f61d5,4039,3.9360523255530704,4.553018133859985,0.6169658083069147,1.9034565749776136
d41beaf2,4753,7.730130188520102,16.335502961206803,8.605372772686701,-8.043117691284076
d463e527,4767,8.413201853263503,8.591154291112087,0.1779524378485835,0.025502042387712653
d4f60a28,4501,5.806519145242556,6.183126130423007,0.37660698518045077,0.4860864124295468
d50c649a,4873,4.422951536748625,6.81996221614117,2.3970106793925448,1.5107883148351677
d543916f,4799,8.989754887741126,10.200221672654065,1.2104667849129385,0.5334595892203878
d5df0ff5,4032,6.791147462838576,16.351335751344372,9.560188288505795,-10.47558701984084
d60430e6,2511,2.8286138094895237,7.849172504180856,5.020558694691333,-5.4663887796543005
d63196fe,4510,17.49447735706132,19.525114489586926,2.030637132525605,-2.401006727767681
d6c320d9,5452,12.457603807548146,11.20598215508914,-1.251621652459006,-1.4405799343128687
d6dd7330,6193,7.018601895714068,11.822832979899944,4.804231084185877,6.150541104565947
d7ba4f9d,6023,12.666181030031954,5.098116159708834,-7.56806487032312,7.527270030374464
d7eb0be8,5401,15.086122499604423,32.82610912419109,17.73998662458667,25.619152264669363
d84b621b,3994,16.754303039320973,21.82037371732548,5.0660706780045075,-5.522568162107306
d90aa14c,10018,8.644537121061637,11.994352891576652,3.349815770515015,2.9915107544570914
d924e971,3184,33.589092738941,32.7702837302337,-0.8188090087072979,-0.38414352384447265
d9ae59b2,3648,13.746020825458784,5.0470807715641435,-8.69894005389464,8.9011681824996
d9d6d94d,4919,10.41563379812172,9.3857291463184,-1.029904651803319,3.9965602158640214
d9eca87b,6373,15.722346603110278,26.443315428754445,10.720968825644167,-13.69891156368963
da2d4d7c,2114,2.4717021917442112,3.5771941153487132,1.105491923604502,2.9587707222860935
da3bfe4e,5549,24.955758212878496,30.20824343453741,5.252485221658912,-5.296707005511652
da3cf798,5844,8.444463061642248,16.905110806271015,8.460647744628767,9.187973554872729
da940160,5132,4.414788183224187,11.224828130654686,6.810039947430499,7.263764031320463
dafc88c3,5572,12.584030993122054,6.877339398362787,-5.706691594759267,-6.319697113636543
dbee6c86,7369,4.023421022633607,4.395928954072107,0.37250793143850025,-0.3133077082084612
dc5fbe29,5203,6.12745259332999,7.9201039214922035,1.7926513281622132,-5.214001731503131
dc7da28f,4774,19.196294064686462,10.223244436669471,-8.973049628016991,-9.367126468408062
dc7f9757,4360,11.91724307054198,9.810154572145091,-2.107088498396889,2.9159796742348876
dd168de0,3304,3.6091044656740343,2.9913571830542716,-0.6177472826197627,2.2675813347219944
dd64382d,3124,3.9221917531162944,4.262126959206316,0.33993520609002115,0.5207661401792659
dd6bc5b2,3602,4.731345772394966,11.780956097388067,7.049610324993101,5.643202214404468
dd7d638e,4301,3.373914928014442,6.017680647613085,2.6437657195986435,-2.757966647869663
ddc790ff,4726,10.695281456201052,5.724817380990974,-4.970464075210078,6.0046240012000505
df71d1ff,6228,13.32138570572291,12.742621639442314,-0.5787640662805966,1.8727367974463927
df73b8f3,5311,15.237328722627415,15.617554195793542,0.3802254731661261,0.5132536766297818
df8290be,3972,8.81445139487309,13.009724784668556,4.1952733897954655,1.944770311069501
e0079ed1,3471,2.9696292378657945,8.069511840769099,5.099882602903305,7.554318428993915
e03b45fd,5342,14.83289013375775,15.75182643192855,0.9189362981707987,5.668949567712246
e0f36d98,4976,8.701982642266763,14.253156162438394,5.551173520171631,6.098124355812635
e149204f,6097,4.854708123046584,4.546152895643239,-0.3085552274033452,1.1775501601230411
e14d641e,3184,12.20993202930469,6.820600870242808,-5.389331159061882,7.786906538346442
e161bd0c,2949,3.823607586242913,4.33499689746737,0.5113893112244572,-1.4622314911845646
e201fd6d,5070,17.394458061096874,16.371250707380042,-1.0232073537168311,1.6326131237952461
e25f1537,3177,9.910134851616052,13.005049007414012,3.0949141557979605,-8.405606715600777
e2fc7745,3692,10.899702798506553,13.341394284804746,2.4416914862981933,0.6303515864066024
e32da4ec,4689,7.877449477753309,10.850139553093255,2.972690075339946,2.915909595288534
e3b34f5b,5455,6.870898435640918,10.347045761247115,3.4761473256061963,-5.705682181304288
e45a2a62,5007,15.829704716234367,19.872920518687707,4.043215802453339,3.388718967173855
e46f4ef4,7195,4.475181777108591,4.926550809338883,0.4513690322302919,-0.6058058233723397
e4726608,4733,5.308050862707737,6.271487164710907,0.9634363020031698,-0.29344622805968434
e5864244,4469,8.906062164999899,26.806032670999695,17.899970505999796,26.21866090980514
e5c92e59,4295,11.768252748756243,7.71135994039849,-4.056892808357754,-14.905364915683492
e5ff9fd2,2354,6.301551282478063,8.891230852152741,2.5896795696746784,3.6576977485330473
e6c55748,4472,6.62438040172901,9.397103554297912,2.7727231525689016,0.5119988439959258
e730c32b,4728,12.723061228218993,11.654671854511827,-1.0683893737071664,-0.49830306516138695
e737965a,5955,12.312756087654282,9.897022674368223,-2.415733413286059,6.955650025623148
e748dd88,4812,3.7574022347320613,4.989931749983482,1.2325295152514206,0.1174440332215505
e7818f7a,5371,11.677440667911398,6.312633342217896,-5.364807325693502,5.994630089428984
e7c36e81,3531,9.481569744194436,7.349841849963589,-2.1317278942308473,4.590502625703262
e7d0c1de,4711,7.4751319817444974,6.860255388151551,-0.6148765935929461,1.0084134179348805
e85074c5,5675,8.68342505131279,11.347685731962262,2.6642606806494715,2.8944213754580357
e97032ad,3530,10.244566081905393,11.959144677460708,1.7145785955553148,1.307738601887421
e9949a23,4559,11.34045993856818,11.580872171010277,0.24041223244209675,2.7405220290033503
ea0b99b7,9239,5.865884219890485,12.15975654126152,6.293872321371036,12.079104857935357
ea3a0e38,10052,9.183045211403106,9.232672132138228,0.04962692073512187,-10.250042646252195
ea41324e,5025,4.478868930492694,5.294230079936561,0.8153611494438673,-0.6694280613924948
eabc711b,5348,16.632990080766508,11.698478022871637,-4.934512057894871,6.9638402191213125
eac10e86,6067,11.317947484071393,5.617579051148656,-5.700368432922737,-15.19112442502306
eafb863e,3568,6.203764760658688,13.457858083605023,7.254093322946336,8.34385670653701
eb06a4e7,4535,7.496388159544256,9.669099026629615,2.1727108670853594,0.3025696587076557
eb640a35,6037,10.329216317530234,9.969896905690025,-0.3593194118402092,6.744858910991867
eb934281,5971,6.030555765783261,3.1374200876783114,-2.89313567810495,3.9412909682119683
eba6605e,4410,14.902676110670424,15.631712662756936,0.7290365520865123,-0.7579987407598829
ebe69318,4976,5.020745365503542,4.825325809935079,-0.19541955556846258,-1.561233953978265
ec0d597b,4616,13.076688929796052,16.44325138720608,3.3665624574100264,6.376446508954803
ec13af42,5462,14.257602153252293,10.906432170405786,-3.351169982846507,-6.933786594218457
ecdab904,6147,12.557417132408926,16.918396989500764,4.360979857091838,4.119894925312677
ecdaf714,6592,14.742134579620517,15.351875762973165,0.6097411833526483,0.39444745564291245
ed6436d6,2945,8.184579776092185,1.6175417954726792,-6.5670379806195065,9.071400684339318
ed6e6e54,6048,8.407404863914294,11.951935194527213,3.5445303306129183,5.559890679154922
edf885a3,3117,12.052255133099068,12.288723348140039,0.23646821504097026,-1.763381036168001
ee0300f7,4544,28.827557657280042,25.680311432467565,-3.147246224812477,-1.5762664742710628
ee288beb,4638,26.078879223577502,27.522025330807587,1.4431461072300849,0.2872051774115486
ee4aecac,5265,3.448314785168157,10.778813139095936,7.330498353927779,8.80117627937456
eeda36f5,4797,7.242190024472454,5.470124457464137,-1.7720655670083172,1.9342640430959657
eeed308d,3899,5.932827412798974,9.69013148078532,3.757304067986346,4.899087531197743
ef04658e,4104,9.969421918220016,15.448044048107809,5.478622129887793,5.565439952578142
ef8e3ed0,5224,16.254969088325215,14.635089490374893,-1.6198795979503213,2.3991822507914318
efde6ac3,4559,12.051856535775768,10.202375669006345,-1.8494808667694222,0.8923909726450306
efe96181,4012,24.64269313353936,27.539517372291407,2.896824238752046,-5.046851190276061
f0188a48,4170,8.968581102404265,6.015986492439641,-2.952594609964624,6.572281723598354
f021b650,3739,4.5735055259700195,6.684494210561717,2.110988684591698,-3.6576553600460247
f03f10fe,4145,4.967032773717164,9.378929872264584,4.41189709854742,-3.9577549456356187
f053a1b9,4108,8.384869502677988,10.028295659116962,1.6434261564389736,-1.7970545782134615
f074d277,2453,10.8146999193869,12.187719616802815,1.3730196974159146,1.0287564680865913
f07d7037,5563,5.484622169275879,7.4960867974462735,2.011464628170394,10.850356226636022
f08774c3,3900,14.405621189408087,11.44575716149874,-2.9598640279093473,-7.546649869345792
f140c2fa,4082,12.180394580718747,13.3161842942989,1.1357897135801522,-0.777904534108433
f16e25e3,4651,2.661103250198669,2.9647800324346743,0.30367678223600514,0.8548206019397526
f2d4c8c9,6249,7.499868611873056,4.229551942410153,-3.270316669462903,5.49769439243419
f321a31c,5141,11.850026486313991,12.557281531880928,0.7072550455669369,0.40093750774276693
f40cd091,5166,7.891093050712601,7.728760684292187,-0.16233236642041415,-2.3779335164541067
f439a621,2821,14.39959426704428,6.65613263851673,-7.743461628527551,-14.657047454616718
f49fdea3,5391,34.29997911766901,12.40626946494166,-21.893709652727352,-18.86270457083373
f4d12d23,3701,17.49751704489115,16.062842467413066,-1.4346745774780842,0.8283568811589508
f56d3ace,5432,8.283466125215776,6.90314793936432,-1.380318185851456,-1.4876041615100624
f5859199,5790,10.431136300076242,15.921573253079503,5.490436953003261,6.594341567360237
f5d8aab6,4444,20.412353620647345,15.698547978741031,-4.713805641906314,3.9629023965412085
f631da6e,4093,4.676340324323395,8.782664213746434,4.106323889423039,-4.163025949608345
f6824bb0,5015,6.985225030908892,20.837423542758717,13.852198511849824,-12.588468678667008
f6bc699b,3752,7.85572120505276,10.622157035929634,2.7664358308768744,1.3490441327839324
f6d009f4,6715,37.5946903900854,47.03924865295554,9.444558262870146,12.105489639255467
f72b268f,6404,8.174093566590361,12.93812397222547,4.7640304056351095,14.028416809214953
f8662c22,5429,7.106472657477614,15.629207250700455,8.522734593222841,10.84401383604062
f88ddb26,4990,41.423868120041696,51.40308485650886,9.979216736467166,-10.416596383695625
f8afa78a,6032,11.746763237948374,14.720946843240096,2.9741836052917225,2.8459398929181297
f8f59188,4807,6.513848789235128,6.924261008500594,0.41041221926546534,2.6354767759177293
f9fc81aa,5598,7.041300672669995,8.639067487231838,1.5977668145618429,0.764115051239731
fa16d114,5686,19.65140840477283,20.815118518803075,1.1637101140302448,-0.0783571750178279
fa31da94,5027,11.621781625132899,5.188297076747949,-6.43348454838495,8.559275138552808
fa667be2,7296,3.976721682773626,8.802015991385062,4.825294308611436,-6.585382382888627
fae0c593,4403,10.706561026307787,10.97095627674098,0.2643952504331928,-5.788267192818304
fb03ae90,6431,31.361221808325244,42.88755217158539,11.526330363260147,-10.93279348670098
fb0904bd,3181,2.673200908157828,1.7987576836953807,-0.8744432244624474,-1.3742226674576992
fb3848a1,5919,7.8918058429246045,9.958923975567506,2.067118132642902,1.694679532948299
fb73b13a,5640,12.83892488464511,9.977934385041513,-2.860990499603597,-6.041936516293319
fba7683c,407,3.9645526527278965,2.555309739035002,-1.4092429136928946,2.5728884779960803
fbd68d27,6829,18.185861793684523,22.09543667740266,3.909574883718136,-3.8873756047647507
fc03f21f,4803,8.206763489363722,12.90913373270699,4.702370243343269,-14.275950662706832
fc0d20b2,3954,7.058626113350473,11.932087953866953,4.873461840516479,-10.958584077934264
fcfcc902,2791,3.033933515814124,8.80765155445474,5.773718038640616,-6.020262541200887
fd3b4faa,5022,3.8622452114966137,7.446926041471426,3.584680829974812,3.100808491634889
fd710aea,4217,2.815097778867733,7.203999750290396,4.388901971422662,5.329410564386819
fd8f77fa,5272,16.83887334830111,27.415343744152285,10.576470395851175,10.700319766209793
fde20ecf,4667,11.56013339724121,16.31905728866344,4.758923891422231,4.952522811052946
fdfd57da,5236,8.525754249034554,4.29522046585047,-4.230533783184084,10.571610550409487
febb4411,4247,10.871909129281098,13.027667980552959,2.1557588512718606,-3.8363291609945214
fef8af96,3826,39.76669882378651,44.55173272632465,4.785033902538139,-3.139189708515587
ff0aea78,3261,28.41458163217051,30.697786830378174,2.283205198207664,2.0383202105269183
ff8bb73a,5927,14.140742421211257,9.861864748200674,-4.278877673010584,-15.93379264892664
ffefef30,4570,7.496251714642814,7.035568765607176,-0.4606829490356379,3.1766921308854488
