well_id,hidden_length,final_delta_z,mean_pred_delta,guard_rule
000d7d20,3836,100.03000000000065,3.9616521293655937,no_guard
00bbac68,6014,176.5,8.930962700650557,no_guard
00e12e8b,4301,144.8199999999997,2.327526551068033,no_guard
015fe0d2,4296,-176.89999999999964,12.24900758890181,strong_guard
01869cd4,5557,-213.75,4.202568883678575,strong_guard
01982c1d,3941,160.0,6.699848294809916,no_guard
028d7b28,6234,-236.9499999999989,15.430051926273247,strong_guard
02e7fe5a,5108,79.11000000000058,10.53722055616932,no_guard
0390d174,4411,-177.95000000000073,29.330910405267737,strong_guard
03a935ae,2786,91.84000000000015,-5.143484771229117,no_guard
044af7d1,4519,-136.46000000000095,10.106812901665755,strong_guard
0498acab,4798,-137.14999999999964,6.331527851334413,strong_guard
052d64df,2445,76.92000000000007,-1.453140959298949,no_guard
05948241,3879,154.1200000000008,2.7052928424150005,no_guard
059c8f24,6258,-222.67000000000007,8.37904419475025,strong_guard
05a0ee4d,4348,191.4400000000005,-4.529147601574771,no_guard
060ab2b8,6258,148.28000000000065,8.685735051426118,no_guard
06df5958,3509,-131.15999999999985,2.33868325663328,no_guard
071d7b45,3211,136.10000000000036,11.492679230446258,no_guard
0849b4e2,5537,-132.8199999999997,-9.278794260096486,strong_guard
084d66f9,3885,-121.55999999999949,-2.4831763895139,no_guard
08fecf00,5574,-146.5599999999995,-5.958678415711536,strong_guard
09053135,5907,-176.75,8.580589737111069,strong_guard
09441b8d,5488,196.39999999999964,-3.2229786743774578,no_guard
0955cd6c,5195,-118.31999999999971,0.7161545392722458,strong_guard
09ec2ca9,5885,174.6999999999989,9.022939548369596,no_guard
0a57a29c,5821,171.66000000000167,8.620887627126216,no_guard
0bbf5e67,4298,-104.1299999999992,-10.324169170167178,strong_guard
0be01c24,4738,-175.59000000000015,2.204984105744625,strong_guard
0c1b160c,5054,-149.26000000000022,-1.3801353025724994,strong_guard
0d99f8e4,5823,-159.64000000000124,-4.312734943726089,strong_guard
0dc5e64d,4879,-252.40000000000146,12.080805120111295,strong_guard
0dc835f3,4428,211.01999999999862,16.558083455361167,no_guard
0dd99dc5,7342,242.54000000000087,10.680933200183098,no_guard
0e5e560d,3253,125.27000000000044,4.5502423256671785,no_guard
109d9d70,4215,164.28999999999905,-2.3651652612152296,no_guard
10a1281a,5609,179.52999999999884,0.32806532056405646,no_guard
10b89021,5414,130.8000000000011,1.8853490224275928,no_guard
10be2420,3271,172.61000000000058,-11.801938862540585,no_guard
113011eb,3272,-134.8100000000013,3.720630863788597,no_guard
1131525f,4159,-119.3700000000008,3.1074304189773123,strong_guard
11d0f5ac,4883,138.85999999999876,9.10048728569761,no_guard
12203f2a,3261,123.78999999999905,-5.417991157236288,no_guard
122bd617,4570,163.52000000000044,6.21930317364932,no_guard
125be846,6510,236.48999999999978,-4.048983993328214,no_guard
1285a37b,5597,191.03999999999905,3.7430470650102707,no_guard
1295a25b,5551,-193.9400000000005,-1.0665907475371585,strong_guard
12f0cd90,5947,-302.8099999999995,8.600081079908797,strong_guard
137d1e44,4554,132.95000000000073,8.296841915796914,no_guard
13ce113d,2966,95.47000000000116,-0.04459185339386865,no_guard
13f598d9,7306,214.67999999999847,12.921410123341662,no_guard
14a53cb3,6919,169.8799999999992,10.448154971503294,no_guard
14ab73fb,3649,-9.789999999999054,4.543290185082266,no_guard
14ad5efb,5842,-295.1999999999989,2.3105801812500473,strong_guard
14fee784,4910,185.02000000000044,3.2149498536594896,no_guard
153552f5,4695,172.4400000000005,-2.821733917502416,no_guard
1550491d,4563,187.40999999999985,-15.141824509308256,no_guard
155887bb,5585,118.05000000000109,5.657585615922682,no_guard
1590af81,3799,141.11000000000058,2.441885666526914,no_guard
15e154a1,6068,-162.17999999999847,20.620782732043153,strong_guard
1619e2ca,4443,-132.63999999999942,-0.6378273785386771,strong_guard
16e4a047,4131,110.0,8.923346770143755,no_guard
173ed841,4883,173.72000000000116,2.7772814439540627,no_guard
1770d7c6,7240,256.2399999999998,7.0368140618165596,no_guard
177622d7,3154,98.03000000000065,2.5979504239535998,no_guard
18d24f7b,4558,174.6900000000005,-0.6853094929223558,no_guard
19137a89,6267,-245.4300000000003,7.455354993221851,strong_guard
1944513c,4722,156.39999999999964,-0.3838510252271438,no_guard
197f8a5a,6310,168.88000000000102,-5.032934930016362,no_guard
19871e7f,5293,176.75,6.279347110757602,no_guard
198a5607,6251,226.5600000000013,-4.3602243152043485,no_guard
19fb4f7b,5620,217.89999999999964,-7.482669248780544,no_guard
1a518997,4606,-156.38000000000102,-0.5500986166094334,strong_guard
1a68190b,4474,-148.8099999999995,-0.12196442584068687,strong_guard
1a730ac2,4605,-158.90999999999985,7.084794716463242,strong_guard
1aaf1da0,4804,202.32999999999993,-0.17478049900774095,no_guard
1b08ed48,5618,164.28000000000065,6.137577825078123,no_guard
1b1c5372,4261,-160.77999999999884,7.766059349115898,strong_guard
1b1eba53,4655,-94.14999999999964,7.7570888891166305,mild_guard
1b6ba517,6597,218.51000000000022,-6.861522623024471,no_guard
1b82b665,3806,-149.72999999999956,2.941049149486495,no_guard
1bcb2fcf,4524,145.63000000000102,-5.157808951343347,no_guard
1beca81d,5036,-141.57000000000153,-4.359672301888004,strong_guard
1d3fbf02,2694,-68.20000000000073,-1.9569683320199436,no_guard
1d78281a,4949,-166.17000000000007,4.384902770755396,strong_guard
1e30dedf,4071,263.78999999999905,-1.1293443548589952,no_guard
1e5e3573,5480,-131.3100000000013,5.583563718673386,strong_guard
1f9afacb,5328,152.15999999999985,4.676158960773239,no_guard
1fdbba44,4911,230.85000000000036,-5.146650844648063,no_guard
1fee2b62,4641,137.51999999999862,2.491549213183548,no_guard
20096916,5133,149.02000000000044,11.517476179109634,no_guard
200d233d,3926,-106.59000000000015,-0.8331767437592339,no_guard
201661b5,5955,206.48000000000138,-3.120077674181606,no_guard
203721ab,5730,-100.56999999999971,-13.767796878141773,strong_guard
20402d71,6372,121.6200000000008,0.3302680726161831,no_guard
2043abc5,6958,248.8700000000008,11.612310142192337,no_guard
204cc64b,4805,168.6299999999992,5.048053865090291,no_guard
206b6193,6535,268.02999999999884,-12.102244972733386,no_guard
2075c696,3188,-138.42000000000007,14.028248367440414,no_guard
22c5f93f,5172,147.21000000000095,6.144965294263529,no_guard
230eaaa3,4690,-180.9300000000003,4.505483359587569,strong_guard
2364716c,4316,-190.6900000000005,12.183423272014979,strong_guard
23b9beb0,7340,-234.42000000000007,1.848741845369366,strong_guard
24d8997e,3442,101.93000000000029,6.2148218374283815,no_guard
25050f63,6124,133.1800000000003,25.56908283000237,no_guard
25939962,4319,136.46999999999935,4.098704946995493,no_guard
25fd32b3,2885,-47.75,-1.2519506261588842,no_guard
261785ee,3646,171.73999999999978,-10.547322201989914,no_guard
264feceb,5665,210.88999999999942,-4.684222885991089,no_guard
26623a50,5735,271.0599999999995,-9.999031351648409,no_guard
26d3a96a,4721,186.82999999999993,1.8964978248966997,no_guard
272abef3,4135,-153.27999999999884,5.8095516833406124,strong_guard
27300fd5,5467,196.71000000000095,-0.4090421393183136,no_guard
276b012a,4837,-164.22999999999956,18.667551695842377,strong_guard
27c3155b,4958,-99.76999999999862,26.739109836908533,mild_guard
27ebb9b9,5766,169.1800000000003,9.513848313407223,no_guard
283269ac,2626,89.45999999999913,4.45724067084267,no_guard
28473855,4290,124.78999999999905,0.2958112839792411,no_guard
28f4eda9,5266,96.11000000000058,5.694307762835815,no_guard
29b24409,5587,188.3000000000011,5.7686431936287,no_guard
29de15c8,3431,89.68000000000029,2.9165225775342343,no_guard
2ab29395,1852,-48.67999999999847,-3.3024305092285706,no_guard
2ac7cb6b,4990,262.7300000000014,-0.7440287217741501,no_guard
2acc78d4,4266,-129.21000000000095,6.82373879085179,strong_guard
2b034622,5203,189.86000000000058,-1.0498022763976964,no_guard
2b06ad65,4256,127.27000000000044,4.474369410016839,no_guard
2b547943,3480,-101.75,-3.889713532735665,no_guard
2be5c96a,4210,-152.4300000000003,12.697312063658844,strong_guard
2bff06cf,7624,355.4499999999989,8.396640918486177,no_guard
2c0c4a4e,4790,-169.36000000000058,10.658587011474001,strong_guard
2cee0cba,5500,-171.0,-6.216915458441346,strong_guard
2d0c268a,4550,170.21000000000095,-9.481213287347982,no_guard
2d179ded,7008,162.17999999999847,5.004897479833222,no_guard
2d196986,6474,177.17000000000007,2.106459729930721,no_guard
2d2d0c6b,5045,-91.67000000000007,1.8249271668545044,mild_guard
2d35f86d,4896,212.77000000000044,-11.724200887129731,no_guard
2d9f6cb9,7338,201.0599999999995,3.9407909956972005,no_guard
2ddad940,5331,-190.29000000000087,10.680663094654848,strong_guard
2e29e833,5428,207.07999999999993,-6.6641219567843235,no_guard
2e43c2ea,5698,187.17000000000007,-1.9659686941369818,no_guard
2e63d9de,4699,-87.8700000000008,11.952955750480653,mild_guard
2ee0235b,5556,201.76000000000022,-2.593642247666532,no_guard
2f19d536,3088,105.03000000000065,-0.1799229056746024,no_guard
2f8e53c3,2594,-62.56000000000131,-11.325822494878173,no_guard
2fa01aa6,2174,-73.31000000000131,-0.5547456078615521,no_guard
2fd68f7b,4730,-250.10999999999876,14.150108514615324,strong_guard
2fe023be,4221,195.65999999999985,1.1680178001496475,no_guard
30d75030,3404,165.38999999999942,-3.800749777170861,no_guard
310c71a5,5245,206.47999999999956,1.9925099570257732,no_guard
32fe84c9,6408,-123.79999999999927,-4.545888761003753,strong_guard
33c40295,4169,155.71999999999935,-5.889999725782719,no_guard
3407f5bf,3638,-86.08999999999833,-10.11192894754216,no_guard
3417285d,5449,112.18000000000029,11.93590834972227,no_guard
347242c8,3595,-158.1900000000005,0.38895413384491007,no_guard
353e5502,6062,230.8099999999995,2.5557760510499405,no_guard
357c12f9,4079,152.04999999999927,-1.1565322058148948,no_guard
3584a6eb,4494,120.48999999999978,5.482289005440773,no_guard
35b30c7f,9579,-340.66999999999825,-4.53624145407856,strong_guard
35b3ef6a,3904,208.3100000000013,-13.750069377223438,no_guard
367456ce,5569,-246.60999999999876,10.884595370984082,strong_guard
368131f9,4991,188.25,6.970017748422228,no_guard
368fe682,4936,150.89999999999964,-2.2506695019064975,no_guard
3690a146,4073,-110.0,-1.076316211925037,strong_guard
37344c2a,5197,-74.51999999999862,-0.6849906806924778,mild_guard
373ef48b,3509,-123.46999999999935,4.455992243578343,no_guard
374be387,9965,253.92000000000007,2.7387709786176364,no_guard
37d36812,4367,96.27000000000044,7.191088890617033,no_guard
38991fd4,4798,200.03999999999905,-10.851286177835593,no_guard
389ae58f,6463,-188.46999999999935,4.458641020395778,strong_guard
3932faa6,5452,132.5600000000013,5.235458783208729,no_guard
398dce4b,3166,119.43999999999869,-1.4626546022880254,no_guard
39b51819,4231,162.63000000000102,2.8081447262154615,no_guard
3a0af893,2927,112.84999999999854,14.589459420530092,no_guard
3a223519,4583,-155.9300000000003,6.791662455926744,strong_guard
3a7dd95d,3072,-44.86000000000058,14.77945415000827,no_guard
3a824aa7,4201,118.38000000000102,2.5064400847374837,no_guard
3a86fe8d,5118,-148.96000000000095,2.0443832664551533,strong_guard
3aaa2b30,4711,-195.84000000000015,9.601363971007384,strong_guard
3ac16ad0,5649,-146.64000000000124,-3.603877771660436,strong_guard
3b21ea64,7376,201.07000000000153,-2.053683876597669,no_guard
3bbe1f5d,6918,-247.5,-0.0608741471425177,strong_guard
3bfee975,3603,-92.69000000000051,0.35210100986033055,no_guard
3c3dbcbc,5069,125.60000000000036,4.890751403295063,no_guard
3d96d897,5659,-201.96000000000095,-1.8397242071017281,strong_guard
3df4b19e,4988,149.67999999999847,-3.685689639510776,no_guard
3e011332,2723,134.27000000000044,-1.8577108883133517,no_guard
3e678ea7,6858,-136.64999999999964,-6.3115817182371075,strong_guard
3ef6372a,4727,-122.69000000000051,1.7577228672306133,strong_guard
3ef98781,3892,104.85000000000036,-3.9990690011061436,no_guard
3f603129,5051,-196.67000000000007,35.39039457167715,strong_guard
404c4384,911,27.469999999999345,7.19179532640412,no_guard
4121c517,3723,145.70000000000073,4.378104927652564,no_guard
41fb0192,2973,-119.97999999999956,-3.238217912572065,no_guard
42669188,4282,183.27000000000044,-9.124811097277824,no_guard
42c538a1,3279,36.05000000000109,-12.603929074041934,no_guard
43b06c70,4846,245.60000000000036,8.889695584423546,no_guard
43c7f85a,5978,-210.15999999999985,-1.6187857732346609,strong_guard
43e16325,3720,-114.29999999999927,3.0564898271254197,no_guard
44441e54,4357,-112.76000000000022,-0.828825169431586,strong_guard
445af6c2,6041,-176.64000000000124,-4.176230149190275,strong_guard
4463446c,3256,-148.29999999999927,6.732547395588923,no_guard
44a94013,4903,220.70000000000073,-6.461243743347783,no_guard
45fb3e21,3649,142.63999999999942,-6.850978175841802,no_guard
460f859e,3336,-35.969999999999345,-8.195370940931015,no_guard
4630ab92,3373,101.84000000000015,-3.2386918309568515,no_guard
463c38f2,4460,189.89000000000124,13.849829192458559,no_guard
4654e7de,5373,-173.39000000000124,4.515972791852086,strong_guard
466fc788,6197,148.0,6.217376511997513,no_guard
46a301e9,8226,-250.32999999999993,0.14230259426365885,strong_guard
46a7190b,4215,-62.38000000000102,-6.103155414346711,mild_guard
46d24a09,4449,207.39999999999964,1.0779825595286388,no_guard
46d41ff6,7901,-266.2000000000007,4.354313647825046,strong_guard
46dfcfca,3606,-83.19999999999891,25.544683069966105,no_guard
47222616,4406,105.20000000000073,8.879120725949706,no_guard
47ee27ab,6397,222.47999999999956,4.620463855245361,no_guard
481de5fc,5952,203.38999999999942,0.1604907617646222,no_guard
48c1f673,2917,170.26000000000022,6.406021963882332,no_guard
4936af16,3991,-134.71999999999935,3.047338901455597,no_guard
493b5b31,4671,-123.41000000000167,1.8556531721287581,strong_guard
49dbc14c,3872,-118.77999999999884,-2.330270791632365,no_guard
4a035ec2,2588,-82.11999999999898,-3.6060915332188985,no_guard
4a335117,5015,-214.6800000000003,22.005005348913613,strong_guard
4a8ecc0b,5809,156.25,0.19271352370203412,no_guard
4b462989,3106,173.41000000000167,5.166668357111871,no_guard
4b831d20,7312,294.59000000000015,-7.293013096030994,no_guard
4c2208f5,5384,44.30000000000109,22.407921762179015,no_guard
4c3168cf,4334,124.80999999999949,-0.04048685207423213,no_guard
4c3df468,5392,-284.77999999999884,11.239928661189634,strong_guard
4caa7289,5396,157.42000000000007,7.626469232097725,no_guard
4cd1ac61,4489,220.73000000000138,7.941499225765511,no_guard
4cecf7b3,6019,205.03000000000065,8.737174319398962,no_guard
4ddde4c1,4472,156.75,2.1677949015817606,no_guard
4e050c92,3705,-106.07999999999993,-1.3736336432996281,no_guard
4ed93db6,4657,127.35000000000036,-3.6887021672112588,no_guard
4f3eb9e9,4697,99.27999999999884,-1.2355257114483393,no_guard
4f4ac5ce,5162,144.09000000000015,-3.221367189986504,no_guard
4f4afcc6,5645,-189.35000000000036,0.6222286889663219,strong_guard
4f69febf,5460,130.59000000000015,7.952310705181241,no_guard
4fbe9c06,6287,-216.78999999999905,-3.3211953226064552,strong_guard
504c8b08,6367,164.14000000000124,-6.341130762916129,no_guard
511e1db0,3821,-198.15999999999985,5.3970678818271365,no_guard
512943b2,5029,-158.22000000000116,0.9209924215831924,strong_guard
5138a660,3559,-141.1999999999989,1.8120221326381745,no_guard
516088b7,6645,246.73999999999978,1.533588637611663,no_guard
521a7819,5200,198.14999999999964,-12.903518047327987,no_guard
5254b6db,3274,100.97000000000116,-3.6570390984492334,no_guard
529e88ca,3417,259.02000000000044,10.692455450578143,no_guard
52f1e77a,4442,-124.73999999999978,4.266438230267637,strong_guard
5305524b,4898,210.38000000000102,-12.816852946343607,no_guard
53134831,5126,-93.32999999999993,-7.153037105373876,mild_guard
5397ceb1,5255,-198.3000000000011,6.91562030497482,strong_guard
53f23031,8550,-261.3299999999999,0.607666124281266,strong_guard
543198e8,6503,339.4300000000003,9.005695261946379,no_guard
54753541,4026,-144.67000000000007,-6.396381225939336,strong_guard
54a7e3c2,6155,218.85000000000036,4.40528788149262,no_guard
5542c301,3591,170.73999999999978,-4.953658753443465,no_guard
5567d551,6889,253.3099999999995,-9.54149183496252,no_guard
55efee7f,4801,201.23999999999978,-13.135729736375875,no_guard
5663b2b7,4972,157.84000000000015,-0.7629164350791098,no_guard
5693dde2,3488,-180.65999999999985,-1.4088652853348127,no_guard
56b00794,6065,-125.30999999999949,1.6462148666889707,strong_guard
57796579,5890,237.0599999999995,-0.7172485018597536,no_guard
577eec7c,4539,-184.02000000000044,8.493184394248992,strong_guard
57f05c51,4771,-128.78000000000065,20.19794661205352,strong_guard
58850d2c,4995,70.79999999999927,0.45592167092048563,no_guard
58fa8486,4475,143.07999999999993,-0.3188361561950927,no_guard
591cc951,4609,221.8799999999992,-12.694107369391954,no_guard
593876b6,4842,-161.14999999999964,15.115168668059066,strong_guard
59f8b2e8,3747,-161.10000000000036,-8.096410895521412,no_guard
5a1a8fd8,5260,-123.63999999999942,-1.7309357995018355,strong_guard
5a5269a9,6513,-315.8299999999999,-3.5334295326585,strong_guard
5a5d1982,3894,-141.84000000000015,-0.30642920671688334,no_guard
5a63b5d1,6217,94.94000000000051,-11.648270370160207,no_guard
5aa03df7,4871,-175.46000000000095,0.7220130311909136,strong_guard
5aa403d0,3118,145.53000000000065,7.575695895753434,no_guard
5aef5c6c,3121,-47.8799999999992,-3.5659241619048894,no_guard
5b7b6324,6564,209.07999999999993,2.3368627535303137,no_guard
5bd25f59,4210,270.2600000000002,-8.330616896405932,no_guard
5beded95,3057,-90.8700000000008,-3.8905378717024193,no_guard
5cb483ac,3852,-113.06999999999971,-5.681702883061644,no_guard
5cdd8dbc,4010,99.55999999999949,7.2927445270098925,no_guard
5d11dfb5,5895,239.8000000000011,-8.432925211219485,no_guard
5d7198fd,3368,182.95999999999913,-7.327158319678043,no_guard
5def1ce5,6443,-215.71000000000095,0.004200380684155994,strong_guard
5eae34a8,4904,-142.95000000000073,-1.476792921031686,strong_guard
5f4d2a52,5225,160.28999999999905,17.286659280326234,no_guard
5f6756c5,5931,249.25,1.6223836062772818,no_guard
5f75f796,5562,180.39999999999964,0.4892686947627371,no_guard
5fb1c15f,2860,136.71000000000095,5.435122187752764,no_guard
5fffa282,4201,-116.1299999999992,-4.074295691092169,strong_guard
60e37807,2699,115.27000000000044,-2.706670006964004,no_guard
61f27424,6220,199.85000000000036,2.4640129139360627,no_guard
62569ae3,3588,-86.90000000000146,-2.275300001912049,no_guard
62a6f539,3693,113.69000000000051,0.0772950726337789,no_guard
633774dc,6233,208.45000000000073,-1.5419126437514477,no_guard
63559d57,4069,-208.71999999999935,8.136554455955158,strong_guard
647f2a41,3881,-146.36999999999898,4.0717094220223355,no_guard
65156b96,3221,-190.23999999999978,10.127245589717738,no_guard
653612bc,4605,-104.81000000000131,7.619519695954813,strong_guard
656a067b,3051,125.34000000000015,8.377669288526494,no_guard
65a5466a,4683,-193.95999999999913,21.26874252326825,strong_guard
660d9546,4732,-112.27000000000044,-5.815365846306141,strong_guard
6767c111,6783,421.7599999999984,20.84337328136294,no_guard
67847288,7429,240.3199999999997,-5.189934611618151,no_guard
67a8da4a,4911,156.86999999999898,8.101745918423644,no_guard
684a6fc1,9818,-231.36000000000058,15.635913741383275,strong_guard
698930d1,4741,151.01000000000022,0.04698816417655301,no_guard
699ea575,4120,88.7400000000016,10.088642248214565,no_guard
69c1bdad,2714,89.55000000000109,6.45820309198069,no_guard
69e41fa6,5772,-127.93000000000029,-1.7468721920787882,strong_guard
6a0ff78e,6465,-193.42000000000007,1.257418720779175,strong_guard
6a8fa194,3017,116.92000000000007,-3.2350971635824135,no_guard
6ae68655,4204,182.98999999999978,-10.615358294591477,no_guard
6d1d74e1,5830,-261.7399999999998,8.929663641304712,strong_guard
6d590e26,6096,246.47000000000116,-4.955295592740103,no_guard
6d6d93af,3595,-138.03999999999905,-7.195819560449426,no_guard
6dbe4b60,4648,-161.17000000000007,5.738384095291313,strong_guard
6e6d122c,5632,-165.73999999999978,3.7424709427262113,strong_guard
6e9ccd38,8282,200.9499999999989,14.373004781647323,no_guard
6ea22614,5971,-224.88999999999942,4.948885518233254,strong_guard
6ede926a,4938,144.54999999999927,5.218700472270146,no_guard
708caea9,6548,416.3899999999994,0.9427860256717429,no_guard
70925e23,5947,92.54000000000087,2.359293595041747,no_guard
70e1788b,9285,211.95000000000073,0.6598310969760818,no_guard
71642c7d,4648,-171.60000000000036,16.74158149505406,strong_guard
71ccf778,2698,90.55999999999949,1.6274153924888743,no_guard
7224331b,6063,243.88000000000102,1.54146419330394,no_guard
722cf0d8,5143,150.23999999999978,1.4173207898444893,no_guard
7256229b,5415,-224.36999999999898,9.26872507739858,strong_guard
726f3dc2,6723,207.90000000000146,-0.7031033127484964,no_guard
7271dd80,4340,-136.17000000000007,-7.463604919354517,strong_guard
727a3a10,4397,8.429999999998472,-9.598543585146459,no_guard
729665c0,4263,-166.78999999999905,1.4645964981914537,strong_guard
729e9750,5919,-222.22999999999956,-0.4598468854381241,strong_guard
729f4217,6195,-192.77000000000044,-7.777467073090865,strong_guard
72dd8501,5193,137.34000000000015,1.532991679145952,no_guard
73348914,4221,-171.1899999999987,10.175767078108414,strong_guard
739a914f,5505,-209.42999999999847,9.903682587384788,strong_guard
73b1447d,5670,-212.5600000000013,2.589629767532453,strong_guard
74b6186b,3405,134.21999999999935,11.169158368039916,no_guard
75c20ec7,5361,189.23999999999978,2.779814540161577,no_guard
75cd5f11,4946,-138.20999999999913,1.3863363582808832,strong_guard
75d20a82,5067,139.5500000000011,-6.425272244617221,no_guard
76201745,4448,-184.5699999999997,0.7216767449958011,strong_guard
764072a5,2949,92.14999999999964,9.127817566452846,no_guard
77b0d905,4174,116.41999999999825,10.628596712144109,no_guard
77e4821c,5393,-129.92000000000007,4.53420103948622,strong_guard
7850c72e,5497,-194.7400000000016,28.861716148170547,strong_guard
78a4a386,5119,169.92000000000007,2.2124087637241603,no_guard
79507629,5302,191.97999999999956,-13.131399363140359,no_guard
796dbd4c,6248,-256.64999999999964,6.571742286959494,strong_guard
7987f2f2,3705,-189.27000000000044,3.1724233544390303,no_guard
7993a768,5487,95.56999999999971,7.500163533500196,no_guard
7a5660b0,4998,135.32999999999993,3.9907046755982383,no_guard
7acda2df,3091,-73.97999999999956,0.9165358747727483,no_guard
7b2c7b3c,2584,103.15999999999985,0.004168726369945821,no_guard
7b38844c,3749,-123.82999999999993,1.1052421082171084,no_guard
7bb17b96,3922,-167.1900000000005,4.1771981514459275,no_guard
7c607683,5328,178.3199999999997,-0.06822963500791165,no_guard
7cbbd047,5121,-261.78000000000065,30.782233492567034,strong_guard
7cd4bb31,6439,-231.09000000000015,2.988348784648868,strong_guard
7d50373e,5122,-85.80000000000109,-6.653710397609009,mild_guard
7d57c75d,4405,-145.09000000000015,5.702588463117949,strong_guard
7e208414,4226,-113.93000000000029,1.4155843413256,strong_guard
7e721392,6174,118.95000000000073,-2.4936120836101567,no_guard
7ff89f8f,7337,185.82999999999993,3.1958768122093524,no_guard
8050c789,3077,97.17000000000007,4.8697690570148735,no_guard
807f0298,3747,250.29999999999927,-6.293307848851259,no_guard
811f52b3,4836,186.71000000000095,-1.0734962552431022,no_guard
81bf5923,4543,41.17000000000007,-2.8547502497150314,no_guard
81fc01c6,5909,218.5,-0.4925100651606578,no_guard
8255c867,3589,42.70000000000073,2.089011151577207,no_guard
82aab6d2,6140,238.46999999999935,0.0325786712469324,no_guard
82fcf37c,6014,90.56999999999971,4.435892009859966,no_guard
833af382,3628,77.46000000000095,10.927800664727583,no_guard
8382f4b6,4967,173.03000000000065,-10.76230910430322,no_guard
84633df4,4972,227.63000000000102,-11.178647746237623,no_guard
8478df29,4857,232.90999999999985,-12.14909663978592,no_guard
84815d5a,3647,88.93000000000029,11.367767111259356,no_guard
84c3b497,5312,168.70999999999913,-7.9945735171975665,no_guard
85380836,6618,184.5599999999995,8.605577509409317,no_guard
8612b37f,5165,225.5,7.878548855748922,no_guard
861e71df,4700,-151.20000000000073,7.102906673963382,strong_guard
86454a6f,7964,-307.71000000000095,14.100604890357573,strong_guard
8648abae,4244,-189.85999999999876,7.835846220901471,strong_guard
865033f8,3557,109.31000000000131,-6.562466577045826,no_guard
87695469,7003,235.0600000000013,3.559573790636984,no_guard
877ed19c,3708,-145.5,2.16104474368357,no_guard
87aa3730,5607,-210.5599999999995,1.0490131788891215,strong_guard
884ecb5f,6724,-225.72000000000116,6.905564253964071,strong_guard
8902c3f6,4959,-136.90999999999985,4.170501146345753,strong_guard
896d15b9,4279,175.72000000000116,-13.10609692227498,no_guard
8995c945,6724,428.8100000000013,5.679777580711618,no_guard
89969c7a,4947,206.23999999999978,2.868567680723207,no_guard
89f1085d,5994,259.02000000000044,-13.863952132152015,no_guard
89f36adf,5292,-103.19000000000051,-1.3249792620861716,strong_guard
89fdb2f2,2031,-53.090000000000146,-5.281081189597154,no_guard
8a3da6d1,4593,186.67000000000007,2.479578413646302,no_guard
8a89da23,3935,-121.21999999999935,6.791426761691624,no_guard
8a9c8932,4663,142.76000000000022,-2.225740076431271,no_guard
8ac2f237,5319,156.70000000000073,2.196148660139671,no_guard
8b12bab6,5234,115.0,11.093963440286617,no_guard
8b5be31b,5672,260.8000000000011,-8.810378847895102,no_guard
8b95d6d1,1731,-35.42999999999847,-10.715561625877012,no_guard
8b9d8326,6163,-174.79999999999927,7.548604633332262,strong_guard
8bb9c1e6,4546,162.76000000000022,-2.764986887404152,no_guard
8bda1a11,5981,-209.6200000000008,0.34832659894564016,strong_guard
8bfa881d,4089,75.11000000000058,4.369062305522959,no_guard
8c167025,5368,-133.51000000000022,8.353921710680149,strong_guard
8c8348e8,3888,-40.20000000000073,3.547446644880244,no_guard
8cc21f01,4044,-108.30999999999949,-0.8756364251506662,strong_guard
8cc800b3,6576,-343.5799999999999,13.68662435897095,strong_guard
8d5d46d7,5755,205.70999999999913,-2.6897969459563145,no_guard
8d92cb49,3589,141.39999999999964,-7.444259405815724,no_guard
8f201368,6349,184.71999999999935,5.023265616799553,no_guard
90386ee4,3840,-145.33999999999833,6.393263912742814,no_guard
91abc4c7,5848,189.23000000000138,-0.5011314399400816,no_guard
91b301ce,6570,282.27000000000044,8.397225099695412,no_guard
91db7070,4073,-195.1999999999989,6.125139083805521,strong_guard
925a7cd1,4517,176.01000000000022,-9.911200212583953,no_guard
9283ae69,3371,166.25,-2.9074791597435077,no_guard
9298ad5b,3964,117.10999999999876,7.102814137370778,no_guard
9314ff13,2748,112.39999999999964,0.8912058856000246,no_guard
93209a3d,4697,251.63000000000102,-3.0709906292041897,no_guard
939d9c34,5101,132.14999999999964,-3.2046290253222662,no_guard
93f5d2e6,3691,-87.51999999999862,-1.5616172699798547,no_guard
940a48d9,3963,-104.82999999999993,-4.421990464531169,no_guard
940e709a,3348,158.63999999999942,3.807957087046517,no_guard
9426ec1e,2532,-81.21999999999935,-0.04504416826417799,no_guard
94467f50,3035,142.65999999999985,8.262374035730414,no_guard
944f36b9,4630,-189.3099999999995,8.242120093737485,strong_guard
94d813a4,4847,191.8199999999997,-3.5223396586558864,no_guard
95b559e7,2887,-65.63999999999942,3.2470092054610564,no_guard
95c8427f,6335,169.64999999999964,-9.140261239801262,no_guard
96936c22,3346,83.27000000000044,7.290482339538021,no_guard
96ae5806,9839,-328.0100000000002,2.207549953824769,strong_guard
96b7eea1,4332,182.98999999999978,1.7815166815993562,no_guard
9719aa04,4871,195.40999999999985,-1.3886198545808974,no_guard
974802e7,5843,202.57999999999993,-6.8984685496243285,no_guard
97cd5bf9,3449,123.31999999999971,-0.11822800125383708,no_guard
98177ced,4772,-115.09000000000015,2.828456397414017,strong_guard
9896fc0b,3595,-125.68000000000029,0.6576801063503678,no_guard
98bc6f66,6063,161.02000000000044,6.359751697601917,no_guard
992c99e8,4904,146.92000000000007,-1.6944602583907504,no_guard
992ce078,2879,109.93999999999869,0.03177105003888299,no_guard
99529c45,5840,169.45999999999913,-6.906308923000661,no_guard
995ff498,4526,146.76000000000022,4.787972907161875,no_guard
999daf80,3564,109.26000000000022,9.92362616629734,no_guard
9a6b0392,4255,-147.29999999999927,12.150033313733426,strong_guard
9a8ae0d6,6294,172.84000000000015,3.8768861962277517,no_guard
9a95e33f,6447,196.64999999999964,-22.16452488286922,no_guard
9ab94eeb,4442,187.54999999999927,-2.5673734858827175,no_guard
9ad5410a,4205,211.09000000000015,-4.463916194640318,no_guard
9ae248be,5271,262.130000000001,-12.6478779149495,no_guard
9af1ffd0,3525,167.07999999999993,-6.319882866244569,no_guard
9b5b61c1,5532,-172.36999999999898,4.682299532027205,strong_guard
9b9e3b49,5118,221.97999999999956,-8.477945427103023,no_guard
9bd2bba3,7439,214.76000000000022,13.27373980207051,no_guard
9c211c53,7265,275.10999999999876,-1.1905037119916713,no_guard
9c350a6a,6052,-103.43000000000029,-3.5021447865444886,strong_guard
9c8375f7,3674,55.77000000000044,7.921858108401148,no_guard
9d072e4c,5107,-157.60000000000036,0.6759545089377772,strong_guard
9d3ec64c,3480,-152.28000000000065,-4.50143380355063,no_guard
9d4272e3,4030,113.67999999999847,8.102690997643982,no_guard
9d5e14d4,5400,229.52000000000044,-7.741696180892773,no_guard
9da441ba,5783,-279.46999999999935,6.775741568633153,strong_guard
9dede370,6297,228.5699999999997,5.3341365909093765,no_guard
9def2eb2,6003,-228.5500000000011,7.556071866653995,strong_guard
9df1b1f9,4701,182.77000000000044,7.670463573139574,no_guard
9dfff011,4319,78.60000000000036,6.533393387985585,no_guard
9e3e364d,4290,-183.5500000000011,3.696078866968214,strong_guard
9efc812e,4450,-5.5,-2.783022020932213,no_guard
9f0c7bae,2542,-63.43999999999869,6.412132676354315,no_guard
9ffce529,5212,170.20000000000073,-4.318926580895602,no_guard
a0383629,5832,-173.09000000000015,-2.5367396762110364,strong_guard
a056d01e,6557,-187.01000000000022,-7.777896031769293,strong_guard
a08d9e63,3685,-156.28000000000065,5.169228239399556,no_guard
a0b83014,5035,-121.8799999999992,-1.5565378244885293,strong_guard
a0e92ed6,4897,177.54999999999927,-3.655747524428853,no_guard
a15bc102,3236,116.76999999999862,0.3978095141144176,no_guard
a247e7cf,5674,-173.89000000000124,2.0093779750326894,strong_guard
a2e8e7f6,4760,-129.86999999999898,-7.787377322087363,strong_guard
a3518960,4967,163.85000000000036,9.574662838569663,no_guard
a3f71395,5543,303.0799999999999,-9.902496862392892,no_guard
a4719920,5884,-198.72999999999956,3.319761481090774,strong_guard
a48640d9,4532,-103.77999999999884,10.165618332837195,strong_guard
a4cdbb0f,5204,188.39999999999964,-1.0609416393098192,no_guard
a4f989c2,5385,-167.28000000000065,-2.287119721531728,strong_guard
a5aa7973,4616,201.26000000000022,3.3453424613000498,no_guard
a5e6f7dc,5649,-269.75,11.933811998397397,strong_guard
a612d5a0,5329,-173.4399999999987,11.626147835154534,strong_guard
a622ce4d,6298,-306.7300000000014,-0.8946985707316921,strong_guard
a645da9a,5153,-245.88999999999942,9.415399777436274,strong_guard
a692b17e,3566,113.43000000000029,8.17520598460188,no_guard
a6b8ac67,5453,235.98999999999978,-3.970691296897021,no_guard
a6ed2eff,5275,132.3199999999997,0.2758612564712336,no_guard
a6f967fb,4670,-107.0,-3.273194367257045,strong_guard
a76db406,4672,-116.69999999999891,3.9208548907621013,strong_guard
a7744f5b,4377,-153.11000000000058,12.584254695147107,strong_guard
a783cc24,1889,-11.280000000000655,-10.61187585782871,no_guard
a79fd2e7,4404,187.02000000000044,-1.5864277071140163,no_guard
a7fc3e6b,4764,-215.54999999999927,8.12493045548459,strong_guard
a85bb86f,3099,128.11000000000058,-1.961142982027039,no_guard
a85e4bc3,4581,-208.0,-2.1764880225499383,strong_guard
a87433c9,5721,-163.96999999999935,-1.4008764993448848,strong_guard
a8ed028a,5538,88.60000000000036,-13.92042299227717,no_guard
a959858c,4404,-276.4800000000014,26.730840958082716,strong_guard
a9c9b150,3986,160.23999999999978,-0.8664909937207276,no_guard
aa95015b,4300,-163.6900000000005,8.017088519993392,strong_guard
aaaf3c03,2997,111.68999999999869,-10.223600887940384,no_guard
aaeffccb,2712,-53.69000000000051,-8.309273019452727,no_guard
ab112491,5185,122.8799999999992,2.8432455449066274,no_guard
ab18d3fc,5694,-159.76000000000022,-3.5613341727671104,strong_guard
ab3ced07,4250,124.02999999999884,1.486544393140526,no_guard
ab6fe95d,5491,176.45999999999822,4.598228951714875,no_guard
ab94878e,6004,267.52000000000044,0.5883919318260538,no_guard
abf460d2,3217,73.20999999999913,5.978997102935403,no_guard
ac6f01d5,5004,-110.36999999999898,-1.3927947472886237,strong_guard
ad2133a8,5729,155.17000000000007,-12.05654897312767,no_guard
add9c322,3932,138.85000000000036,-2.95189372911725,no_guard
ae069086,4770,217.13999999999942,-5.09982318204536,no_guard
ae0784a8,7823,-258.1399999999994,10.466084119015317,strong_guard
ae35f33a,4450,-146.4499999999989,-1.7674171468148518,strong_guard
ae8959c3,4518,237.11000000000058,-4.582380867333616,no_guard
aed44918,2719,88.69000000000051,7.687167244766046,no_guard
aee6393a,5865,-125.76000000000022,1.5006739354755054,strong_guard
af7a59ce,3024,-89.67000000000007,3.93148332529814,no_guard
aff4e561,6026,101.19000000000051,2.0123977384357996,no_guard
b04b58a3,3402,-132.8199999999997,1.9345731580700016,no_guard
b0d42b0d,4971,218.67000000000007,-4.023232625815861,no_guard
b0f53bf4,2755,93.70000000000073,-3.922307319287215,no_guard
b19b0395,5813,-105.86000000000058,-7.616695486354828,strong_guard
b1efb8a4,5998,148.61000000000058,4.476031393857227,no_guard
b32902c0,3808,132.26999999999862,-2.393516643907225,no_guard
b32e4903,5770,179.51000000000022,-3.587157261980808,no_guard
b3388334,6080,194.59000000000015,-11.444200642007294,no_guard
b37fd114,8161,-253.34000000000015,3.8141078041852303,strong_guard
b38e3116,6211,157.27000000000044,8.455904197541582,no_guard
b4d8dd4f,4259,119.51000000000022,-0.5020580369191451,no_guard
b4f37e6e,2992,-83.84000000000015,5.875065393109961,no_guard
b56bc0aa,5602,208.72999999999956,-0.6240284742453159,no_guard
b585b4fa,4294,189.8199999999997,-7.2430778220974,no_guard
b5aa9634,7326,257.6399999999994,1.3196572985683173,no_guard
b7974e66,5558,150.40999999999985,1.4081638577676334,no_guard
b7cdcecb,6168,-277.3000000000011,6.505310149063698,strong_guard
b7fea9ef,3866,-167.38999999999942,-0.273216828277428,no_guard
b85f7b06,3803,-178.26999999999862,1.2048582527079612,no_guard
b881d27e,4009,-155.53999999999905,9.221378340714816,strong_guard
b8c49c1a,4319,-124.89000000000124,0.0054668142317004665,strong_guard
b95e7121,6306,-332.10999999999876,29.486248455800975,strong_guard
b977be4a,5917,-302.64999999999964,8.124055219661695,strong_guard
ba48188d,4166,233.15999999999985,-5.542455434799631,no_guard
bb2cdd83,3825,136.47999999999956,-2.7266665768585723,no_guard
bb337fa0,6873,222.57999999999993,12.153518527866169,no_guard
bb682ebd,4139,162.36000000000058,-6.186445403195321,no_guard
bc4381e2,4955,130.40999999999985,9.192181308188657,no_guard
bcebcc5f,6258,-190.54000000000087,19.803483449123323,strong_guard
bd2c2f34,9823,248.4400000000005,14.274031582740138,no_guard
bd4ae5da,5006,208.0,-8.94737815877469,no_guard
bd6f0e19,5140,-157.72999999999956,-1.6392161756203685,strong_guard
bd8f847e,4961,-217.04999999999927,8.440289138787815,strong_guard
be063506,4500,181.42000000000007,-7.994474755937696,no_guard
be35c8f2,4226,140.09000000000015,3.2940208722169464,no_guard
be83e781,3221,-119.30999999999949,10.884426711067418,no_guard
beda8696,5912,106.04999999999927,9.237353514792769,no_guard
bf39bc20,3303,-57.14000000000124,-1.059035622216734,no_guard
bf70b410,6347,147.27999999999884,-10.82520252428868,no_guard
bffe3082,5723,-182.90999999999985,-4.319912139564743,strong_guard
c03b9305,4255,178.86000000000058,6.0367607315789975,no_guard
c03d4aed,4641,-173.61000000000058,8.704164017193982,strong_guard
c03fba65,3699,138.98999999999978,4.682692836658433,no_guard
c07fd0cd,4191,-131.14999999999964,1.7090439459778606,strong_guard
c1708b88,6315,-281.59000000000015,7.0624931356866,strong_guard
c1d046f4,5513,-175.9300000000003,3.153719226721656,strong_guard
c2717d4f,4721,156.07999999999993,-3.3734612840003266,no_guard
c2c4db09,6039,-324.15999999999985,5.505100291542828,strong_guard
c2c6fc71,7119,-204.86000000000058,16.862133075130107,strong_guard
c36625df,4742,191.45999999999913,-1.8679893225210569,no_guard
c3957531,5316,101.92000000000007,7.947866966586638,no_guard
c42fe306,5095,153.27000000000044,0.5981328181748555,no_guard
c43812e2,5527,239.82999999999993,-11.215158505511903,no_guard
c472c0b5,3054,169.76000000000022,2.248937483962276,no_guard
c47e0767,4356,108.73999999999978,4.8276955242564465,no_guard
c50b42f6,6014,-135.20000000000073,-2.1692384057278122,strong_guard
c593337f,5208,187.0600000000013,-5.204808038923035,no_guard
c59b6c4a,5499,140.57000000000153,6.764743437093525,no_guard
c66be2b8,4154,181.32999999999993,-1.8243582347407723,no_guard
c6797dd7,4664,-111.03000000000065,2.871403014347369,strong_guard
c6b782a4,4877,201.78000000000065,-5.9633729513903555,no_guard
c6c96179,4004,-133.84000000000015,7.070666960863075,strong_guard
c70c0e01,4312,-169.86000000000058,-2.5013798376062772,strong_guard
c84c65be,8496,310.14999999999964,3.221119228257954,no_guard
c8d9680c,6281,236.14000000000124,3.092368504004279,no_guard
c908edd0,5293,147.32999999999993,-3.194843357307958,no_guard
c9578d27,4487,183.5599999999995,-7.425916330884087,no_guard
c96c018a,6236,-230.09000000000015,-1.093802508668951,strong_guard
c99f9fae,6361,-275.64000000000124,0.21143191092826186,strong_guard
c9e6734f,4735,-54.8799999999992,-6.808375814252402,mild_guard
c9e980e8,4359,-156.79000000000087,10.798487426972352,strong_guard
c9fedcf3,3517,-106.88000000000102,2.3771865115747475,no_guard
cad13e8f,4848,-105.09000000000015,-9.75031043308693,strong_guard
cb34231f,5609,-139.64999999999964,-5.316908534237724,strong_guard
cb879f40,6315,264.5100000000002,-4.772321483688408,no_guard
cbb406b5,6328,203.29000000000087,-2.032930660127976,no_guard
cbe51de1,3963,-183.90999999999985,6.434789704117949,no_guard
cbe62450,6258,252.02000000000044,0.5042756581260901,no_guard
cc08aa63,3274,107.86000000000058,3.337309521362757,no_guard
cc8a1d57,6638,197.96999999999935,-14.39472487404266,no_guard
ccedb12b,4401,150.92000000000007,9.047695799938523,no_guard
cd7f1687,4232,167.46999999999935,-5.879251132429871,no_guard
cda7eb37,5973,167.09000000000015,4.339068462741844,no_guard
cdc31d65,4840,-123.8700000000008,2.0032857221578926,strong_guard
cdc60a53,5878,200.8099999999995,-1.6258779915769794,no_guard
ce55ba43,4104,127.26999999999862,4.318581996052905,no_guard
ce8399b7,1615,-72.34999999999854,4.942271301805011,no_guard
cf50c9d1,4858,224.70999999999913,-12.647164505849172,no_guard
d00e7eb9,5704,-181.23000000000138,11.54399418917708,strong_guard
d011f41b,2267,-70.8799999999992,1.7216741206465267,no_guard
d07aed8f,2957,-35.61000000000058,4.199903014843262,no_guard
d085e611,6191,-235.71000000000095,0.16279981310999425,strong_guard
d0a0e7b5,3816,95.21999999999935,2.936677061683696,no_guard
d0a43760,4041,-25.860000000000582,-6.355769017207268,no_guard
d0cb63ae,5223,352.7699999999986,6.912749824292375,no_guard
d114d9c2,6206,110.57999999999993,5.84487289228514,no_guard
d1457cc5,6920,150.42000000000007,3.5259561109551854,no_guard
d1ecf309,6168,186.42000000000007,-2.8178338356015455,no_guard
d1ee630d,6290,-300.7399999999998,5.774824133031269,strong_guard
d217e0c5,3838,-136.6900000000005,0.39004459039577954,no_guard
d24ff243,5641,-98.63999999999942,-8.186119569587401,mild_guard
d273674e,3899,96.20999999999913,5.290864797902877,no_guard
d2f3b1ab,5581,-169.6900000000005,2.9254688934322903,strong_guard
d3df146b,5787,-168.89999999999964,4.76923349631502,strong_guard
d40f61d5,4039,-117.72999999999956,1.9034565749776136,strong_guard
d41beaf2,4753,203.73999999999978,-8.043117691284076,no_guard
d463e527,4767,159.1899999999987,0.025502042387712653,no_guard
d4f60a28,4501,-153.46999999999935,0.4860864124295468,strong_guard
d50c649a,4873,228.5,1.5107883148351677,no_guard
d543916f,4799,-162.38000000000102,0.5334595892203878,strong_guard
d5df0ff5,4032,178.48999999999978,-10.47558701984084,no_guard
d60430e6,2511,84.14999999999964,-5.4663887796543005,no_guard
d63196fe,4510,150.28000000000065,-2.401006727767681,no_guard
d6c320d9,5452,-174.1299999999992,-1.4405799343128687,strong_guard
d6dd7330,6193,166.46999999999935,6.150541104565947,no_guard
d7ba4f9d,6023,-234.1200000000008,7.527270030374464,strong_guard
d7eb0be8,5401,66.11999999999898,25.619152264669363,no_guard
d84b621b,3994,127.25,-5.522568162107306,no_guard
d90aa14c,10018,322.0100000000002,2.9915107544570914,no_guard
d924e971,3184,109.5,-0.38414352384447265,no_guard
d9ae59b2,3648,-157.4499999999989,8.9011681824996,no_guard
d9d6d94d,4919,153.38000000000102,3.9965602158640214,no_guard
d9eca87b,6373,179.82999999999993,-13.69891156368963,no_guard
da2d4d7c,2114,-64.23000000000138,2.9587707222860935,no_guard
da3bfe4e,5549,-93.70000000000073,-5.296707005511652,mild_guard
da3cf798,5844,237.63999999999942,9.187973554872729,no_guard
da940160,5132,112.01000000000022,7.263764031320463,no_guard
dafc88c3,5572,-107.20000000000073,-6.319697113636543,strong_guard
dbee6c86,7369,231.5500000000011,-0.3133077082084612,no_guard
dc5fbe29,5203,-141.76999999999862,-5.214001731503131,strong_guard
dc7da28f,4774,-107.11000000000058,-9.367126468408062,strong_guard
dc7f9757,4360,124.11000000000058,2.9159796742348876,no_guard
dd168de0,3304,140.86000000000058,2.2675813347219944,no_guard
dd64382d,3124,122.77000000000044,0.5207661401792659,no_guard
dd6bc5b2,3602,-131.57999999999993,5.643202214404468,no_guard
dd7d638e,4301,123.6200000000008,-2.757966647869663,no_guard
ddc790ff,4726,136.27000000000044,6.0046240012000505,no_guard
df71d1ff,6228,-281.47000000000116,1.8727367974463927,strong_guard
df73b8f3,5311,-214.71999999999935,0.5132536766297818,strong_guard
df8290be,3972,124.72000000000116,1.944770311069501,no_guard
e0079ed1,3471,-138.88000000000102,7.554318428993915,no_guard
e03b45fd,5342,303.7099999999991,5.668949567712246,no_guard
e0f36d98,4976,-138.82999999999993,6.098124355812635,strong_guard
e149204f,6097,-227.1800000000003,1.1775501601230411,strong_guard
e14d641e,3184,109.28000000000065,7.786906538346442,no_guard
e161bd0c,2949,-92.16999999999825,-1.4622314911845646,no_guard
e201fd6d,5070,165.34000000000015,1.6326131237952461,no_guard
e25f1537,3177,174.0,-8.405606715600777,no_guard
e2fc7745,3692,132.86000000000058,0.6303515864066024,no_guard
e32da4ec,4689,120.80999999999949,2.915909595288534,no_guard
e3b34f5b,5455,-169.46999999999935,-5.705682181304288,strong_guard
e45a2a62,5007,171.36999999999898,3.388718967173855,no_guard
e46f4ef4,7195,-116.65999999999985,-0.6058058233723397,strong_guard
e4726608,4733,143.96999999999935,-0.29344622805968434,no_guard
e5864244,4469,-196.10000000000036,26.21866090980514,strong_guard
e5c92e59,4295,205.59999999999854,-14.905364915683492,no_guard
e5ff9fd2,2354,66.01000000000022,3.6576977485330473,no_guard
e6c55748,4472,-134.28999999999905,0.5119988439959258,strong_guard
e730c32b,4728,165.20999999999913,-0.49830306516138695,no_guard
e737965a,5955,201.14999999999964,6.955650025623148,no_guard
e748dd88,4812,-94.73000000000138,0.1174440332215505,mild_guard
e7818f7a,5371,-265.1900000000005,5.994630089428984,strong_guard
e7c36e81,3531,122.51000000000022,4.590502625703262,no_guard
e7d0c1de,4711,-157.4400000000005,1.0084134179348805,strong_guard
e85074c5,5675,-106.46999999999935,2.8944213754580357,strong_guard
e97032ad,3530,112.90999999999985,1.307738601887421,no_guard
e9949a23,4559,111.10000000000036,2.7405220290033503,no_guard
ea0b99b7,9239,-317.22999999999956,12.079104857935357,strong_guard
ea3a0e38,10052,-228.1999999999989,-10.250042646252195,strong_guard
ea41324e,5025,-158.77000000000044,-0.6694280613924948,strong_guard
eabc711b,5348,107.27000000000044,6.9638402191213125,no_guard
eac10e86,6067,-117.40000000000146,-15.19112442502306,strong_guard
eafb863e,3568,48.01000000000022,8.34385670653701,no_guard
eb06a4e7,4535,154.67000000000007,0.3025696587076557,no_guard
eb640a35,6037,-231.95000000000073,6.744858910991867,strong_guard
eb934281,5971,152.14999999999964,3.9412909682119683,no_guard
eba6605e,4410,-85.6299999999992,-0.7579987407598829,mild_guard
ebe69318,4976,-116.31999999999971,-1.561233953978265,strong_guard
ec0d597b,4616,-95.89999999999964,6.376446508954803,mild_guard
ec13af42,5462,-122.01000000000022,-6.933786594218457,strong_guard
ecdab904,6147,220.82999999999993,4.119894925312677,no_guard
ecdaf714,6592,240.65999999999985,0.39444745564291245,no_guard
ed6436d6,2945,80.46000000000095,9.071400684339318,no_guard
ed6e6e54,6048,175.85000000000036,5.559890679154922,no_guard
edf885a3,3117,95.3799999999992,-1.763381036168001,no_guard
ee0300f7,4544,-114.77000000000044,-1.5762664742710628,strong_guard
ee288beb,4638,-166.1800000000003,0.2872051774115486,strong_guard
ee4aecac,5265,-207.6299999999992,8.80117627937456,strong_guard
eeda36f5,4797,-178.13999999999942,1.9342640430959657,strong_guard
eeed308d,3899,-138.5500000000011,4.899087531197743,no_guard
ef04658e,4104,139.10999999999876,5.565439952578142,no_guard
ef8e3ed0,5224,156.60999999999876,2.3991822507914318,no_guard
efde6ac3,4559,-165.0600000000013,0.8923909726450306,strong_guard
efe96181,4012,-147.8199999999997,-5.046851190276061,strong_guard
f0188a48,4170,-227.3799999999992,6.572281723598354,strong_guard
f021b650,3739,185.82999999999993,-3.6576553600460247,no_guard
f03f10fe,4145,-102.43000000000029,-3.9577549456356187,strong_guard
f053a1b9,4108,125.17999999999847,-1.7970545782134615,no_guard
f074d277,2453,101.48999999999978,1.0287564680865913,no_guard
f07d7037,5563,128.90000000000146,10.850356226636022,no_guard
f08774c3,3900,141.45999999999913,-7.546649869345792,no_guard
f140c2fa,4082,153.4399999999987,-0.777904534108433,no_guard
f16e25e3,4651,134.59000000000015,0.8548206019397526,no_guard
f2d4c8c9,6249,151.26000000000022,5.49769439243419,no_guard
f321a31c,5141,-187.3700000000008,0.40093750774276693,strong_guard
f40cd091,5166,217.92000000000007,-2.3779335164541067,no_guard
f439a621,2821,173.13000000000102,-14.657047454616718,no_guard
f49fdea3,5391,229.1200000000008,-18.86270457083373,no_guard
f4d12d23,3701,86.23000000000138,0.8283568811589508,no_guard
f56d3ace,5432,-174.97999999999956,-1.4876041615100624,strong_guard
f5859199,5790,295.0100000000002,6.594341567360237,no_guard
f5d8aab6,4444,175.98000000000138,3.9629023965412085,no_guard
f631da6e,4093,157.0,-4.163025949608345,no_guard
f6824bb0,5015,208.25,-12.588468678667008,no_guard
f6bc699b,3752,-137.42999999999847,1.3490441327839324,no_guard
f6d009f4,6715,383.880000000001,12.105489639255467,no_guard
f72b268f,6404,-236.79999999999927,14.028416809214953,strong_guard
f8662c22,5429,-188.84000000000015,10.84401383604062,strong_guard
f88ddb26,4990,-54.70000000000073,-10.416596383695625,mild_guard
f8afa78a,6032,-226.51000000000022,2.8459398929181297,strong_guard
f8f59188,4807,162.1800000000003,2.6354767759177293,no_guard
f9fc81aa,5598,-175.84000000000015,0.764115051239731,strong_guard
fa16d114,5686,-139.4300000000003,-0.0783571750178279,strong_guard
fa31da94,5027,-243.14999999999964,8.559275138552808,strong_guard
fa667be2,7296,253.8799999999992,-6.585382382888627,no_guard
fae0c593,4403,186.34000000000015,-5.788267192818304,no_guard
fb03ae90,6431,149.51000000000022,-10.93279348670098,no_guard
fb0904bd,3181,128.29000000000087,-1.3742226674576992,no_guard
fb3848a1,5919,188.91000000000167,1.694679532948299,no_guard
fb73b13a,5640,402.3700000000008,-6.041936516293319,no_guard
fba7683c,407,2.0,2.5728884779960803,no_guard
fbd68d27,6829,-207.1900000000005,-3.8873756047647507,strong_guard
fc03f21f,4803,227.61000000000058,-14.275950662706832,no_guard
fc0d20b2,3954,196.21000000000095,-10.958584077934264,no_guard
fcfcc902,2791,-47.54999999999927,-6.020262541200887,no_guard
fd3b4faa,5022,168.34000000000015,3.100808491634889,no_guard
fd710aea,4217,99.78999999999905,5.329410564386819,no_guard
fd8f77fa,5272,-195.65999999999985,10.700319766209793,strong_guard
fde20ecf,4667,-123.08999999999833,4.952522811052946,strong_guard
fdfd57da,5236,-196.14000000000124,10.571610550409487,strong_guard
febb4411,4247,-116.21999999999935,-3.8363291609945214,strong_guard
fef8af96,3826,-69.47000000000116,-3.139189708515587,no_guard
ff0aea78,3261,66.23999999999978,2.0383202105269183,no_guard
ff8bb73a,5927,276.2399999999998,-15.93379264892664,no_guard
ffefef30,4570,-161.8100000000013,3.1766921308854488,strong_guard
