well_id,n,anchor_rmse,pf_rmse,best_cand
000d7d20,3836,7.454442102844319,3.8062308014815867,1
00bbac68,6014,15.263052288602681,4.975147395315178,1
00e12e8b,4301,7.92458894231589,8.856115514948272,0
015fe0d2,4296,23.154889673287215,6.905418035693122,1
01869cd4,5557,10.618593023436276,16.468293790421548,2
01982c1d,3941,6.33452473981023,6.782518645295881,0
028d7b28,6234,7.393605105422137,15.685014555773115,2
02e7fe5a,5108,8.414429717261077,5.968863691034579,0
0390d174,4411,8.517417217402954,3.6630348135560697,1
03a935ae,2786,35.05448621305352,1.2333166935897941,0
044af7d1,4519,9.868136513863366,1.9092799603529298,0
0498acab,4798,5.996139045372776,4.127426514139591,2
052d64df,2445,7.3962717049147795,2.092604215453298,0
05948241,3879,4.995769989509691,2.3418289446224327,2
059c8f24,6258,10.912174729109239,4.795838100719835,0
05a0ee4d,4348,18.344706956532814,9.323818632854266,0
060ab2b8,6258,9.048312196834127,2.489699336199127,0
06df5958,3509,3.0884860085517194,7.398409813413503,0
071d7b45,3211,17.11579247751261,5.221117065497049,0
0849b4e2,5537,14.567522114617379,4.127110219343753,1
084d66f9,3885,10.693040191903986,3.8074375090976202,1
08fecf00,5574,4.759806836739511,5.555502085390929,2
09053135,5907,13.261553626472297,7.710494829843226,0
09441b8d,5488,15.9390645279074,2.0515510725314727,2
0955cd6c,5195,8.023088122545198,4.969522946995565,0
09ec2ca9,5885,6.13281698431714,9.763229628724304,0
0a57a29c,5821,6.952723985070934,7.299729164321218,0
0bbf5e67,4298,18.377119492009776,1.3983043839931983,0
0be01c24,4738,8.273369324203173,2.3899011959742884,1
0c1b160c,5054,8.432276859497074,13.507543564207301,2
0d99f8e4,5823,9.343320012239094,4.659423130814412,0
0dc5e64d,4879,18.008822359134772,15.684983465544518,2
0dc835f3,4428,7.2297789729208715,5.031908011343932,0
0dd99dc5,7342,8.234632190411654,3.9055107711526467,1
0e5e560d,3253,10.293900986020363,6.999850941432013,0
109d9d70,4215,9.371137061320914,16.724798622255186,2
10a1281a,5609,3.5911852573850855,10.29894329956564,0
10b89021,5414,14.721334704881999,1.4956090454769315,0
10be2420,3271,13.259451874685324,4.120680732951539,1
113011eb,3272,5.177910618587731,28.869447222298902,1
1131525f,4159,14.670165574890584,2.3875205163118207,0
11d0f5ac,4883,22.169205194123972,22.63687288136845,2
12203f2a,3261,13.762320645487467,6.115939795662772,1
122bd617,4570,11.670160284769418,18.234668211674318,2
125be846,6510,18.441379950265283,19.614068180560224,1
1285a37b,5597,5.549117512133954,5.504340591979583,0
1295a25b,5551,9.716800903498608,6.9289087525376285,0
12f0cd90,5947,7.895034499573364,5.583455045430582,0
137d1e44,4554,25.010172511867026,23.66945814188415,0
13ce113d,2966,3.381014512965784,3.463871650493208,2
13f598d9,7306,15.16858992587756,6.89445184136132,2
14a53cb3,6919,8.94761773897247,2.3505163666225686,1
14ab73fb,3649,14.81915286795364,2.1627604916706376,1
14ad5efb,5842,6.298504340917485,5.680782817109388,2
14fee784,4910,21.419815878785553,9.942923122307777,0
153552f5,4695,5.161441840641978,6.511182650527255,1
1550491d,4563,21.167156242041475,13.687910808429884,1
155887bb,5585,11.793313793912793,3.125107689123372,2
1590af81,3799,5.560887269871239,11.907368873629817,1
15e154a1,6068,23.22648490243106,8.269254196874599,0
1619e2ca,4443,7.812315673810556,3.6978181068387954,0
16e4a047,4131,10.715407020528387,2.4852057462470514,0
173ed841,4883,17.58051747694951,23.30621076363295,1
1770d7c6,7240,12.332849608315879,12.691006021460206,0
177622d7,3154,9.800349606500166,5.204381640990558,0
18d24f7b,4558,7.530076271970659,2.8633948916732206,1
19137a89,6267,18.119920942456794,7.447794164592933,1
1944513c,4722,5.738736995920461,2.7283148768735432,0
197f8a5a,6310,24.61555435098563,9.47594485825944,2
19871e7f,5293,5.353880109906093,14.203199912901768,0
198a5607,6251,9.944851115115334,3.778378209423572,1
19fb4f7b,5620,11.089880426882702,8.314738119995505,1
1a518997,4606,10.76070073803029,1.3210434618043745,1
1a68190b,4474,16.431826147748733,28.389879868937488,2
1a730ac2,4605,16.350400725581075,7.685648589661756,2
1aaf1da0,4804,9.288199403984146,6.759302655922425,0
1b08ed48,5618,11.838490879530399,3.2280788981600064,2
1b1c5372,4261,17.833374900392585,27.26476973710196,0
1b1eba53,4655,70.63937461968057,54.80016800422182,1
1b6ba517,6597,7.818279827064867,11.20950249416933,2
1b82b665,3806,6.106594455886377,21.10039967928978,1
1bcb2fcf,4524,6.2062031463179,6.3811872656783,0
1beca81d,5036,8.154769966888065,16.522771012505675,1
1d3fbf02,2694,5.906372283901897,17.29719872808859,0
1d78281a,4949,11.881246003992382,9.248764565245198,2
1e30dedf,4071,12.137059232129838,7.381000681884657,1
1e5e3573,5480,11.921759172625736,5.492498236287907,0
1f9afacb,5328,2.518404175433652,3.8479754674585864,1
1fdbba44,4911,5.835321753197851,35.44173243998634,0
1fee2b62,4641,8.271183690259376,9.80539633842667,2
20096916,5133,10.457150039432173,3.9350333305555605,2
200d233d,3926,12.776233899276743,7.355056998301763,1
201661b5,5955,12.376074593108253,15.839147752907577,0
203721ab,5730,10.037088673521446,3.1293791158256496,2
20402d71,6372,11.661871660575386,7.477722278793194,0
2043abc5,6958,18.043675019417094,21.38020468685989,1
204cc64b,4805,6.09488008126444,5.842495375664848,2
206b6193,6535,36.50899923584182,113.64043993226191,2
2075c696,3188,21.898881254260402,3.940223597782654,0
22c5f93f,5172,7.091232323797548,1.9404979023113607,1
230eaaa3,4690,25.322864048616943,1.9420746319319029,2
2364716c,4316,19.668009235301668,5.782218122127096,2
23b9beb0,7340,5.499363741994015,1.3812060093244611,2
24d8997e,3442,5.6395027824068205,1.5532946992596364,2
25050f63,6124,37.996607342363916,3.3846858494807606,2
25939962,4319,11.099661933822553,5.145604036532361,1
25fd32b3,2885,3.1781649872704114,1.0997860335524225,1
261785ee,3646,23.57894263400833,7.878593557333733,0
264feceb,5665,10.863394363873287,1.666490061534337,2
26623a50,5735,21.675376849132046,10.549026646480145,1
26d3a96a,4721,9.063491001698889,8.038545101044473,1
272abef3,4135,10.023016592838678,5.328056245243252,1
27300fd5,5467,17.389589831741016,6.956224253353666,2
276b012a,4837,27.08665184488836,13.608742648143938,1
27c3155b,4958,18.11085336032788,4.325310778328337,1
27ebb9b9,5766,9.988233062217338,2.371993295384546,1
283269ac,2626,1.1159494538507433,7.830582169283628,1
28473855,4290,4.546502439117813,2.9473317824419674,1
28f4eda9,5266,12.159025419229918,2.6233214996249927,2
29b24409,5587,13.756821410921399,2.0618581093986137,2
29de15c8,3431,4.5857601721794286,3.136820293069964,0
2ab29395,1852,2.45945596628769,2.7046551650883845,2
2ac7cb6b,4990,19.596293256603055,8.990293390843947,2
2acc78d4,4266,13.626234402591441,2.504970418650503,0
2b034622,5203,6.805621396093291,10.20537730825847,1
2b06ad65,4256,2.7463768040476424,3.7235224091456827,1
2b547943,3480,12.241457142013665,2.7020707825018873,0
2be5c96a,4210,3.6618588662445717,8.218173390260835,1
2bff06cf,7624,28.427941006681795,9.8101277595889,0
2c0c4a4e,4790,8.04594018660484,2.6093463461773982,2
2cee0cba,5500,10.665140786694133,4.545612468199402,0
2d0c268a,4550,14.874791132341558,2.7321567216740323,1
2d179ded,7008,7.749754286132607,3.4388956579463477,2
2d196986,6474,11.991317360702503,8.146946126414333,2
2d2d0c6b,5045,3.045945300727323,3.9662715785465714,0
2d35f86d,4896,11.216196779664774,22.84540848953775,0
2d9f6cb9,7338,9.908706063856238,6.69387523296397,2
2ddad940,5331,7.645816438023014,9.568768492045434,1
2e29e833,5428,4.3076518266215045,5.486807907957834,0
2e43c2ea,5698,7.487396669090343,2.393278706619233,0
2e63d9de,4699,13.77390817425645,15.856550221053299,1
2ee0235b,5556,6.80295371229703,5.755487417038753,0
2f19d536,3088,6.535598394413745,3.6354996151333467,0
2f8e53c3,2594,3.293055138227308,4.2865485269212895,0
2fa01aa6,2174,18.77741961251621,6.238272277948564,1
2fd68f7b,4730,60.74015262396321,10.027458869589072,2
2fe023be,4221,12.90931147808348,4.055223847633442,2
30d75030,3404,17.599318669377997,3.7210203478003843,2
310c71a5,5245,8.843313479056066,3.2625848202477084,2
32fe84c9,6408,22.250821979444407,3.418812061758774,0
33c40295,4169,8.700789781165115,2.385172043920237,1
3407f5bf,3638,21.29388267466182,22.84957500373389,1
3417285d,5449,34.42198868150785,45.71993612064683,1
347242c8,3595,2.242023016039388,6.748758203939364,0
353e5502,6062,5.639360585146688,5.154736789514488,0
357c12f9,4079,5.624420852755269,2.766719874753396,0
3584a6eb,4494,9.108318362664079,3.1581335546689715,2
35b30c7f,9579,19.15158789297762,5.402575166870791,1
35b3ef6a,3904,26.045383636758544,9.508049957504575,1
367456ce,5569,12.622377103894497,6.987782036646293,1
368131f9,4991,20.875783169531438,29.622171360115118,1
368fe682,4936,13.878502686940966,34.995914235579555,2
3690a146,4073,7.130156510792888,3.9784357305164866,1
37344c2a,5197,13.239300394199656,10.466493926331593,1
373ef48b,3509,5.207191387759596,12.134326979149753,2
374be387,9965,6.712762639770746,3.9023879737814746,2
37d36812,4367,21.856313079076383,11.771904515841241,0
38991fd4,4798,14.86604108751415,10.340859759635805,1
389ae58f,6463,49.76304894845995,7.947875437419097,2
3932faa6,5452,13.157974615537267,3.2803821600309337,1
398dce4b,3166,4.559718484677409,3.6310537959036284,2
39b51819,4231,3.160351282946552,3.7247771148176545,2
3a0af893,2927,18.6897660134781,6.508811909982937,2
3a223519,4583,9.401162306681243,6.068035792053333,2
3a7dd95d,3072,13.010388611275376,3.6692822153906253,0
3a824aa7,4201,5.690131490731758,2.5539173514530016,2
3a86fe8d,5118,11.634711217695367,5.5073065824713945,2
3aaa2b30,4711,17.520232328990414,7.514307659885169,0
3ac16ad0,5649,8.880546118495223,6.884245627506388,0
3b21ea64,7376,8.368949948322665,8.025256990324328,1
3bbe1f5d,6918,10.572803005133604,1.239302996654573,2
3bfee975,3603,7.840543276658913,5.8918296294177575,2
3c3dbcbc,5069,8.29349171896155,4.741589633608708,2
3d96d897,5659,3.6092906343486293,2.9603038488412112,2
3df4b19e,4988,8.67249047497302,10.968291482117664,2
3e011332,2723,17.42146062278745,20.696243482842508,2
3e678ea7,6858,10.229911981746914,8.744083320752823,2
3ef6372a,4727,6.229379944022544,2.8856588740849403,1
3ef98781,3892,12.433878700657393,5.6093334579787735,2
3f603129,5051,29.712176284154232,2.774883335820453,0
404c4384,911,3.6011694039210935,1.5753043679708414,1
4121c517,3723,11.223238561279205,7.3068836646511635,0
41fb0192,2973,3.5577103110362645,7.3988149243849355,0
42669188,4282,23.030677799344762,3.080348180990637,2
42c538a1,3279,26.18883109705342,0.7862226774119643,0
43b06c70,4846,8.769342298126745,17.019465996684733,1
43c7f85a,5978,11.180370167514397,3.5178372313376647,0
43e16325,3720,45.776662453735184,3.5399610200526093,2
44441e54,4357,3.668929750345109,1.4146576533805613,2
445af6c2,6041,29.954468486977532,9.15762786098374,2
4463446c,3256,18.86029305975226,6.675881145320449,2
44a94013,4903,23.26260921867206,9.271232161061503,2
45fb3e21,3649,25.15963005414619,8.536131086620543,1
460f859e,3336,20.01206991533264,3.4090911279565823,0
4630ab92,3373,10.880550178687447,4.251151547885898,1
463c38f2,4460,6.316346789980795,6.543075283898636,2
4654e7de,5373,5.262206132576318,7.942833501636175,0
466fc788,6197,16.96677982284487,3.9842099690993233,2
46a301e9,8226,10.714122960128444,1.6348538782131863,2
46a7190b,4215,13.31037471543342,4.947612644718752,1
46d24a09,4449,21.034427197140683,4.00896576988985,0
46d41ff6,7901,7.152719312990992,6.325748990441062,1
46dfcfca,3606,23.306915931867923,5.140131676814271,0
47222616,4406,12.72802806095558,6.80174693571387,2
47ee27ab,6397,7.811133847911845,4.155975263902709,1
481de5fc,5952,13.661013098019078,3.6006922921460993,2
48c1f673,2917,18.480143096264484,16.904732906738793,0
4936af16,3991,5.12683088404085,4.618076055380311,2
493b5b31,4671,20.806259253075513,8.187794683048159,0
49dbc14c,3872,5.472416193779096,16.859138723137907,2
4a035ec2,2588,18.37817503927824,3.6347597619309986,2
4a335117,5015,25.01473417971471,4.92374831969004,0
4a8ecc0b,5809,11.211904800768597,4.1372093705354205,0
4b462989,3106,6.605024585467642,12.401350844579321,1
4b831d20,7312,16.40332593479727,9.307624827525618,0
4c2208f5,5384,37.38188510729996,36.636008921921004,0
4c3168cf,4334,4.398564145674671,4.9932191373422254,0
4c3df468,5392,20.730613836474724,5.482257723380352,1
4caa7289,5396,9.679853283039389,32.7687905475963,1
4cd1ac61,4489,14.744577751415134,8.714531281799236,0
4cecf7b3,6019,8.796914734080126,8.724128005160798,2
4ddde4c1,4472,4.584881244279585,5.339404197839338,1
4e050c92,3705,6.760683545123174,8.848563931913167,2
4ed93db6,4657,9.134304566059011,16.95305058944611,2
4f3eb9e9,4697,33.07892812639342,4.112335699827007,1
4f4ac5ce,5162,8.250612102027123,5.336042495539885,0
4f4afcc6,5645,8.324204115356522,8.281836983724894,0
4f69febf,5460,14.941245790403045,2.215769098195757,2
4fbe9c06,6287,12.700621635010842,3.5926740266292105,0
504c8b08,6367,20.6567768266876,4.337654399909114,1
511e1db0,3821,2.646655635093415,1.7745712482428588,2
512943b2,5029,4.032978673574936,2.3745012103558225,0
5138a660,3559,5.4780109058052355,4.274492709090656,0
516088b7,6645,6.371603205164532,7.402180176735644,2
521a7819,5200,25.361861575542044,7.523525961443703,1
5254b6db,3274,7.293881229520888,5.868153550226503,0
529e88ca,3417,15.265625031718603,26.4297940891531,0
52f1e77a,4442,14.174880875648114,28.571700837339314,2
5305524b,4898,16.63490369332069,13.093674222207333,0
53134831,5126,17.343954276390388,9.472652889367517,1
5397ceb1,5255,9.25091584943266,2.586747121363522,0
53f23031,8550,10.66798407051043,2.1543558610798343,0
543198e8,6503,20.51495618405221,26.766363132132124,0
54753541,4026,16.22277834812335,20.599131939957346,1
54a7e3c2,6155,11.037762426443331,10.61405889778437,2
5542c301,3591,5.501114137426537,7.19850433326793,0
5567d551,6889,10.289492216812466,9.865188728189038,0
55efee7f,4801,25.83515609352923,16.533290510644573,1
5663b2b7,4972,16.28409405856329,5.3067405823577305,0
5693dde2,3488,6.95783505375875,4.581812595061808,0
56b00794,6065,29.944728017238926,7.303703301494475,2
57796579,5890,12.813078334954168,5.343645439386878,0
577eec7c,4539,18.875287599886814,10.028352402746092,2
57f05c51,4771,36.3244551404309,27.78075794386558,0
58850d2c,4995,14.887955622671049,8.117670414721342,0
58fa8486,4475,11.865701003853058,5.164176072932825,0
591cc951,4609,15.021994805073081,8.429706822476804,0
593876b6,4842,12.278386863654298,1.1888584454144016,0
59f8b2e8,3747,6.235385931133263,4.57037119524408,0
5a1a8fd8,5260,13.165282167987698,1.9903452852247738,0
5a5269a9,6513,5.863105043604518,8.036532905396571,2
5a5d1982,3894,7.106652935637849,2.317912967837753,1
5a63b5d1,6217,19.44924550712061,5.9920534385699975,0
5aa03df7,4871,6.58601427636249,5.236782544602373,1
5aa403d0,3118,25.684478606280763,20.365190891880758,2
5aef5c6c,3121,10.926258823623487,11.144623837844174,0
5b7b6324,6564,17.673226229685234,5.432374007647313,2
5bd25f59,4210,4.338412715856817,5.949003563272396,0
5beded95,3057,16.64432832796459,3.137783656115499,0
5cb483ac,3852,6.114075023717169,4.994109510076885,1
5cdd8dbc,4010,17.231660513857207,2.092197049378341,2
5d11dfb5,5895,9.758377072411292,7.220625169778453,2
5d7198fd,3368,13.36645546990557,2.26607160236988,1
5def1ce5,6443,8.052417616706911,7.1866675384956,0
5eae34a8,4904,7.397484649492449,2.1464530255875856,0
5f4d2a52,5225,56.914917258531396,43.68550546389058,1
5f6756c5,5931,8.573813859683462,6.6258735752727285,0
5f75f796,5562,9.239915906257119,15.113037641720027,2
5fb1c15f,2860,18.291082508578185,1.5909460378975604,2
5fffa282,4201,5.318148657346763,12.359121143722582,1
60e37807,2699,20.874268055180604,7.349103324973153,0
61f27424,6220,2.8150009994687166,7.466731610378165,1
62569ae3,3588,8.163464251076302,6.128300231660029,1
62a6f539,3693,7.864940463331049,3.718534632451124,2
633774dc,6233,14.212429924790966,7.463959976808261,2
63559d57,4069,5.894220519880757,6.398019539580595,1
647f2a41,3881,6.546227092935274,3.8202899476407652,1
65156b96,3221,6.076781706471203,5.816115982119353,2
653612bc,4605,2.8332405605306503,3.256993720591642,1
656a067b,3051,14.667037832749068,5.720745699458062,0
65a5466a,4683,11.991020361693243,11.78189234921511,2
660d9546,4732,9.433757519583331,3.2238135832555814,0
6767c111,6783,17.475154063370617,15.022411576707317,0
67847288,7429,11.461290028070946,11.21320176719042,0
67a8da4a,4911,14.48691836331104,7.1977203073641185,1
684a6fc1,9818,24.030978453294004,6.1946898675729365,2
698930d1,4741,10.389172214568049,3.312702341400031,0
699ea575,4120,10.392889600471305,5.57162999719054,0
69c1bdad,2714,9.789958199101882,11.152670783369272,2
69e41fa6,5772,5.861732687565972,6.878144118468106,0
6a0ff78e,6465,11.350827388917207,5.4348582239123475,1
6a8fa194,3017,8.348329338921092,15.97773403327713,0
6ae68655,4204,5.259877371830794,15.52649550874049,2
6d1d74e1,5830,11.887571200184345,27.049002252484005,1
6d590e26,6096,8.629685403348205,8.469369003606708,2
6d6d93af,3595,32.195372520142506,6.768047043674899,1
6dbe4b60,4648,8.699464045404161,7.11594550497184,2
6e6d122c,5632,9.11700946941914,5.898903194046177,2
6e9ccd38,8282,12.23949279951463,2.6646436303824874,0
6ea22614,5971,6.4753183432909225,4.199411376059426,1
6ede926a,4938,7.686767373145472,4.333833045719072,0
708caea9,6548,34.916458237909005,42.98823409830442,2
70925e23,5947,14.784803005082047,31.931818065263524,0
70e1788b,9285,7.159206283115686,4.224184814569691,0
71642c7d,4648,11.901230993511438,3.439602400116608,1
71ccf778,2698,5.388651839136806,4.219934852683871,1
7224331b,6063,4.338260107312621,11.208054348554512,1
722cf0d8,5143,11.127293106426961,4.528084261602493,1
7256229b,5415,6.6453924693055635,9.605453535374345,1
726f3dc2,6723,6.931383638655225,4.3216718358852555,2
7271dd80,4340,8.313957865645467,3.7245471069628953,1
727a3a10,4397,12.36395803493887,5.274203809433522,0
729665c0,4263,8.662513145164612,3.039354511337101,2
729e9750,5919,8.825983755646552,2.8371421575095166,1
729f4217,6195,16.25171177822061,3.3272023248849534,0
72dd8501,5193,6.0720820352358595,1.7384114272045477,2
73348914,4221,10.691729206195715,19.209126192026396,2
739a914f,5505,13.540022100878758,5.189874746313142,0
73b1447d,5670,13.404843871674935,6.716793663573511,2
74b6186b,3405,9.007196786463387,4.491475024673567,2
75c20ec7,5361,11.054465755153933,4.906935282902105,0
75cd5f11,4946,5.260066074409697,3.865006805054586,0
75d20a82,5067,17.230705080539593,6.242202972985323,0
76201745,4448,7.881811891978768,5.53001708238452,0
764072a5,2949,6.358306065218297,10.106176398256826,0
77b0d905,4174,13.048365351893997,6.044044527578316,2
77e4821c,5393,19.218605395377665,6.075244330190216,1
7850c72e,5497,12.350659981673207,19.73535311333967,2
78a4a386,5119,5.866186376682608,4.653785215388498,2
79507629,5302,12.57032003546627,4.544047391804154,1
796dbd4c,6248,4.867507118040292,9.648900712075594,0
7987f2f2,3705,12.030471815010397,25.11428201369636,2
7993a768,5487,8.94458476658435,10.650018562814271,2
7a5660b0,4998,13.453411559639392,10.129930256876687,1
7acda2df,3091,13.841227690699123,2.530781064787113,1
7b2c7b3c,2584,6.17273385674935,3.4177041417245015,0
7b38844c,3749,7.388349907150671,8.975118527876996,0
7bb17b96,3922,17.009046194531738,5.278629668439869,1
7c607683,5328,16.864753655466934,4.033631500049374,2
7cbbd047,5121,12.532698729088267,4.2120388956452,0
7cd4bb31,6439,5.9143797077311655,3.022784460463109,1
7d50373e,5122,14.288140886490114,4.074671230155844,0
7d57c75d,4405,14.198113996829493,12.316460856492032,1
7e208414,4226,6.381931414565357,7.900157975970306,0
7e721392,6174,40.331826473951956,8.018858415605425,2
7ff89f8f,7337,14.155555516103233,12.082609688086961,0
8050c789,3077,7.786449457719408,2.3287321046218414,1
807f0298,3747,8.853825493010934,5.032684307922203,2
811f52b3,4836,4.598301010999275,6.144771653523989,1
81bf5923,4543,31.31927935297995,31.574509809117238,2
81fc01c6,5909,15.007610097527794,17.050326512405427,1
8255c867,3589,25.379544413656888,4.159448233787495,1
82aab6d2,6140,16.359385167102737,5.491725648299182,1
82fcf37c,6014,6.562385974432521,3.0003903080117995,0
833af382,3628,11.932419080398546,6.818192109383558,2
8382f4b6,4967,35.957613544757436,3.5664660721880797,1
84633df4,4972,4.736172446701271,16.717044308751856,2
8478df29,4857,14.043024034272376,9.657375985795394,2
84815d5a,3647,18.796385252137515,14.386096365184011,2
84c3b497,5312,18.960394713110585,24.904342619699744,2
85380836,6618,14.16579981313258,5.372996237732861,1
8612b37f,5165,19.617069448970486,28.221563589556293,0
861e71df,4700,11.539564677986593,12.568963752898338,2
86454a6f,7964,70.26338513734783,56.01911880251554,1
8648abae,4244,6.857839767871924,12.06001830966474,2
865033f8,3557,5.940308678128904,3.030270366075,0
87695469,7003,7.051593014629924,6.067068082806958,1
877ed19c,3708,3.961990141908008,7.1351820437936455,1
87aa3730,5607,9.116484132166912,2.1509377457915915,2
884ecb5f,6724,19.928910115404566,1.941084063733845,1
8902c3f6,4959,8.832044207317482,11.170121769958763,2
896d15b9,4279,29.78460727060298,6.055240435913935,0
8995c945,6724,17.049572930743697,12.20699637098079,2
89969c7a,4947,8.235332474787521,9.639192518877557,0
89f1085d,5994,27.630506752261244,7.595373012048759,0
89f36adf,5292,4.477972454313123,6.457651420763865,0
89fdb2f2,2031,1.6866180518953557,2.7032107920209003,0
8a3da6d1,4593,9.412246097229765,8.32301452674343,2
8a89da23,3935,24.252456304947117,2.5998202937498243,1
8a9c8932,4663,2.3969295087935425,2.8984024682957172,0
8ac2f237,5319,16.45119897844976,4.904397940077638,1
8b12bab6,5234,15.811256392108719,9.48014712596566,0
8b5be31b,5672,14.42858472653754,6.718219789224176,1
8b95d6d1,1731,12.821591683060278,9.985673850050121,0
8b9d8326,6163,6.582552988433189,9.952640219003353,0
8bb9c1e6,4546,5.877089429163017,6.316587824400902,1
8bda1a11,5981,12.860573075338545,2.6771827304587257,2
8bfa881d,4089,24.907656478671402,8.423655481854961,0
8c167025,5368,12.842100494100917,16.87546789038206,1
8c8348e8,3888,6.541121071059431,6.426491024317794,1
8cc21f01,4044,5.692405675014437,17.0763358304944,1
8cc800b3,6576,13.894631430456734,24.199668567672372,0
8d5d46d7,5755,14.448678432466647,7.34960221197581,0
8d92cb49,3589,7.261615385751236,3.6393031375056744,2
8f201368,6349,31.179492905922075,6.156138912219387,2
90386ee4,3840,10.152954610245539,6.1602112715805655,0
91abc4c7,5848,7.02683994774031,3.026935925603047,2
91b301ce,6570,35.315076932980844,51.68613437344528,1
91db7070,4073,40.80747690976154,38.010214379219875,0
925a7cd1,4517,4.612563792738408,5.678930699019014,0
9283ae69,3371,6.173284378497139,17.27505772235402,0
9298ad5b,3964,13.089984763550598,6.177194782843467,0
9314ff13,2748,5.189815774469084,3.9091394080595547,0
93209a3d,4697,13.65809981076041,7.818555040417899,0
939d9c34,5101,15.729081869192102,12.884968747881262,1
93f5d2e6,3691,20.10571368100563,23.296740427862684,1
940a48d9,3963,10.06328128166555,5.52447900932473,1
940e709a,3348,4.6519560575408425,17.11852908427927,1
9426ec1e,2532,12.079413246018726,2.490956479018001,1
94467f50,3035,7.795325573109472,17.56773500686919,1
944f36b9,4630,6.513075857645095,3.8467063763293354,2
94d813a4,4847,36.730942118502206,15.434511707202102,0
95b559e7,2887,20.38335913388356,3.020991223963414,2
95c8427f,6335,27.215687207592826,3.3176074651957217,0
96936c22,3346,4.079825343764616,2.7866656170866646,1
96ae5806,9839,8.450669041365172,14.24557856467175,0
96b7eea1,4332,12.405056848354107,8.337579404398886,0
9719aa04,4871,7.07656345543121,3.0942930171063407,2
974802e7,5843,13.80511563998303,4.8436151756349055,2
97cd5bf9,3449,9.273936692075774,4.192190023857795,0
98177ced,4772,5.779865915399804,9.38995074495992,2
9896fc0b,3595,15.814766850712997,7.367189924616224,2
98bc6f66,6063,17.645391862557158,3.140842140903688,1
992c99e8,4904,13.77905931963707,4.981880159581139,0
992ce078,2879,5.02484380821733,8.317590586952088,0
99529c45,5840,21.675545088419643,5.9536500216157355,0
995ff498,4526,8.343710199277547,7.040677657754189,2
999daf80,3564,5.121625403452367,4.135202415710543,0
9a6b0392,4255,6.974051133501153,5.361946076874503,2
9a8ae0d6,6294,5.937216688673599,4.495636687463833,0
9a95e33f,6447,32.28932813245856,9.072322233117205,2
9ab94eeb,4442,8.205724523051869,7.995913878858764,2
9ad5410a,4205,8.784377249544983,2.7826058243118528,2
9ae248be,5271,8.107003944596206,3.2238953644062165,0
9af1ffd0,3525,18.128053838502368,9.126556682360269,0
9b5b61c1,5532,5.429982209622746,10.048536741180936,2
9b9e3b49,5118,7.923721572593473,7.8012500727374805,2
9bd2bba3,7439,15.673287472863077,1.50885638442109,2
9c211c53,7265,6.466506541772609,3.0936448037998967,1
9c350a6a,6052,17.397946606336834,7.972796721788739,0
9c8375f7,3674,5.917156069883692,3.477149789174006,2
9d072e4c,5107,9.990804668905984,9.008260586796956,2
9d3ec64c,3480,9.187876827833358,6.896057581846076,2
9d4272e3,4030,17.76831335353228,16.212971413734987,2
9d5e14d4,5400,28.543156532728414,2.6161733031300827,1
9da441ba,5783,15.618529769468404,3.4377049942426776,1
9dede370,6297,18.676124657054373,4.6964399359081455,1
9def2eb2,6003,7.253592864593499,11.381773466132087,2
9df1b1f9,4701,12.592269852167446,7.42972134166532,1
9dfff011,4319,4.8459695911212535,5.79555792943332,2
9e3e364d,4290,4.097267023631261,12.9639231066242,0
9efc812e,4450,7.747022854046375,7.936046750658999,2
9f0c7bae,2542,7.898258335635161,8.078535329066145,1
9ffce529,5212,11.084878093703349,3.1561505776659504,1
a0383629,5832,8.416225361246278,2.3916044571982487,0
a056d01e,6557,8.584211201864289,3.804928461874129,2
a08d9e63,3685,21.46258569009769,5.1629388487923045,1
a0b83014,5035,17.51843897699374,3.70761529823708,1
a0e92ed6,4897,8.114542367589692,7.751295868252545,0
a15bc102,3236,2.578928597930721,6.792786963721411,2
a247e7cf,5674,4.201165296490171,4.971563745499957,0
a2e8e7f6,4760,10.698430341162505,15.877081061263885,1
a3518960,4967,7.100675858286987,12.976387059853925,2
a3f71395,5543,15.089395383508826,2.3058350550839903,0
a4719920,5884,7.205451003735877,2.0016659041047493,1
a48640d9,4532,21.626612771414322,2.9399789097108915,0
a4cdbb0f,5204,11.150021440885437,2.0353095259359963,0
a4f989c2,5385,10.578786672639087,34.524112027907414,2
a5aa7973,4616,14.159778554983863,6.84913527747556,2
a5e6f7dc,5649,6.350818327780091,9.679349425378195,2
a612d5a0,5329,19.256901319606147,2.3865240113343926,2
a622ce4d,6298,14.236097814848373,6.056685737367146,2
a645da9a,5153,8.951092580974047,4.75866651916997,0
a692b17e,3566,13.138061444708827,4.5753619937975545,0
a6b8ac67,5453,10.875902281234387,2.357804249619786,1
a6ed2eff,5275,8.632582794631363,5.459126756297888,1
a6f967fb,4670,13.762814229045636,13.511658158327563,0
a76db406,4672,3.7043201708377427,17.0916689631169,0
a7744f5b,4377,13.084948643934053,1.81558720877156,2
a783cc24,1889,26.72523186448825,2.5933882433719,1
a79fd2e7,4404,12.374341369091132,4.540831097427391,0
a7fc3e6b,4764,18.149529358993682,7.647401536742942,1
a85bb86f,3099,7.873900707960967,4.290039782307746,1
a85e4bc3,4581,9.638478456190704,4.992465650927739,1
a87433c9,5721,9.580358514748033,14.307177014692963,0
a8ed028a,5538,19.044521110452333,4.237836023481534,2
a959858c,4404,65.35865899088088,2.7079413048294465,1
a9c9b150,3986,1.1630317709118394,3.0209070610933844,1
aa95015b,4300,11.725050285011942,2.219106915718159,1
aaaf3c03,2997,15.079592231507316,5.32147938498096,0
aaeffccb,2712,4.756126793123975,3.9665588246308032,2
ab112491,5185,28.204036984751497,28.40542590520557,1
ab18d3fc,5694,16.597890792722144,16.094680222307048,1
ab3ced07,4250,9.797524442428841,5.558594218613714,2
ab6fe95d,5491,6.6795806397720465,6.441406660597718,0
ab94878e,6004,6.090270250340663,12.291178693954176,0
abf460d2,3217,8.350877150110843,17.265472764750836,1
ac6f01d5,5004,15.962529701035821,3.2954299641547085,1
ad2133a8,5729,28.088198915386187,5.868985105268206,2
add9c322,3932,12.296784203800955,6.1642695528760445,1
ae069086,4770,14.585517424947831,8.613135850669687,2
ae0784a8,7823,10.87737509844777,2.0715879420627132,0
ae35f33a,4450,5.0951729458693835,5.342039873787013,0
ae8959c3,4518,19.76800976672305,3.496283930586376,1
aed44918,2719,9.488704385906805,19.960419656053258,0
aee6393a,5865,4.665683726709421,10.93110395793251,0
af7a59ce,3024,4.115059728297358,0.7100579494655246,2
aff4e561,6026,10.851934253065428,6.523647541702664,0
b04b58a3,3402,13.058667367524363,15.434706797781434,2
b0d42b0d,4971,19.797243019186585,15.80938451173447,2
b0f53bf4,2755,9.231328022549082,8.177587940192783,0
b19b0395,5813,10.045237735851847,7.618801130705155,1
b1efb8a4,5998,8.506706925766984,8.494561613173355,2
b32902c0,3808,5.155416417213564,17.227832703233222,2
b32e4903,5770,5.863958705383137,12.7719420476102,1
b3388334,6080,14.23010661853958,18.27210857971391,2
b37fd114,8161,24.97877020046922,5.204092869820329,0
b38e3116,6211,6.404438939196513,9.97176568271174,0
b4d8dd4f,4259,17.098418824477594,15.431544418383858,1
b4f37e6e,2992,14.94895263643877,1.912109058812284,2
b56bc0aa,5602,8.788528154094545,5.624950485344045,1
b585b4fa,4294,9.973817813617734,10.447440164350564,0
b5aa9634,7326,11.47866217552782,4.61170800638776,0
b7974e66,5558,6.972963992749996,4.786944316209691,1
b7cdcecb,6168,9.274351431311539,2.709967439800602,2
b7fea9ef,3866,11.148074644872509,10.790560451569991,2
b85f7b06,3803,3.569865119414346,14.344390533781137,0
b881d27e,4009,18.785154458691416,3.0925371295941386,1
b8c49c1a,4319,8.256954162110757,31.11547271602909,0
b95e7121,6306,3.4204599760598935,2.6042111269501484,2
b977be4a,5917,18.57837175934225,3.5318246739628076,0
ba48188d,4166,50.93720227649117,8.615021638692383,2
bb2cdd83,3825,3.017674077265869,3.3232390037183586,0
bb337fa0,6873,24.083821271230853,3.0570544048235995,0
bb682ebd,4139,19.87022580202752,34.800195491411934,2
bc4381e2,4955,12.598370947658928,6.674553372833291,2
bcebcc5f,6258,24.241537215571864,7.835494531607189,0
bd2c2f34,9823,5.663541608648027,4.264864666681031,0
bd4ae5da,5006,14.052431666337634,3.8622028016809784,1
bd6f0e19,5140,10.118149844909517,3.8593478997266084,1
bd8f847e,4961,7.389741905257485,4.461281587800442,0
be063506,4500,9.685884513043288,7.8001225619694114,1
be35c8f2,4226,4.674735185385168,5.693884711884415,2
be83e781,3221,3.1537973198868037,9.946812783548761,2
beda8696,5912,9.819955216289504,4.246647649808404,0
bf39bc20,3303,8.401808199266226,3.3833676768020826,1
bf70b410,6347,18.920279724233612,13.107242632512907,1
bffe3082,5723,16.598918029974968,1.898450324327006,0
c03b9305,4255,7.1171172090817905,11.117541573185642,2
c03d4aed,4641,12.583094329136486,2.771155956321656,0
c03fba65,3699,22.739971638302574,3.424328457441607,1
c07fd0cd,4191,4.052934357090802,13.771212451696744,0
c1708b88,6315,18.304767828554887,27.60703320383669,0
c1d046f4,5513,7.700112298091984,13.11632338145868,0
c2717d4f,4721,8.452559650622254,9.59716504321973,1
c2c4db09,6039,9.028322821306517,7.736800550222174,0
c2c6fc71,7119,11.767462410523247,8.684350235539247,2
c36625df,4742,8.003204999077816,4.90601767550891,1
c3957531,5316,12.518722274768233,17.259915330421002,0
c42fe306,5095,11.279308916635767,9.525149523049707,0
c43812e2,5527,7.016864008504025,3.8597791435623776,2
c472c0b5,3054,8.28128095427446,3.799259509155914,2
c47e0767,4356,21.47720905393819,8.25730504014508,1
c50b42f6,6014,8.604265674370385,2.74020502528647,0
c593337f,5208,23.822334034025907,2.5403853858188152,0
c59b6c4a,5499,20.952603428128082,6.538608833547073,1
c66be2b8,4154,22.226756512262092,12.211924654556618,0
c6797dd7,4664,5.82900989050451,11.774562894232016,1
c6b782a4,4877,12.807882966584375,6.220490539574728,2
c6c96179,4004,8.772647918302802,3.6079541873389633,1
c70c0e01,4312,8.964901066736223,10.480071800492189,0
c84c65be,8496,9.738388019795911,9.96030361424337,0
c8d9680c,6281,42.77043899776709,4.5027227442019555,0
c908edd0,5293,8.765028360555872,3.2162771597711846,1
c9578d27,4487,10.306756368182521,5.06657236305437,0
c96c018a,6236,12.859960619036775,2.528287283767445,1
c99f9fae,6361,5.40523137400998,6.539802039814904,2
c9e6734f,4735,10.310371611471203,4.138703561371672,0
c9e980e8,4359,9.741734918381256,5.396038243523664,1
c9fedcf3,3517,7.471714606706554,2.978531677812566,1
cad13e8f,4848,17.022296131058066,3.910044095636422,0
cb34231f,5609,5.418906491757253,7.475670266927397,2
cb879f40,6315,8.79643766880234,6.169609965462733,2
cbb406b5,6328,11.364887497962812,5.8116576036623675,0
cbe51de1,3963,15.022202061672788,8.258306094460213,0
cbe62450,6258,18.607063412926227,7.5635776911223855,0
cc08aa63,3274,12.988941242217614,7.54665783732384,0
cc8a1d57,6638,27.55539015081038,1.4239474503529088,2
ccedb12b,4401,10.609060511646556,12.46778344880618,1
cd7f1687,4232,10.573162838089827,5.85548147407097,1
cda7eb37,5973,10.042623008757838,2.613369234928681,0
cdc31d65,4840,7.482412321764383,5.987172344439149,0
cdc60a53,5878,8.315926094659538,3.9972396978511306,2
ce55ba43,4104,14.30444944852245,3.5586770997717236,1
ce8399b7,1615,3.363562739626084,1.70616341884329,2
cf50c9d1,4858,31.56819712560828,8.412816051336266,2
d00e7eb9,5704,7.907003476643952,3.413079091484949,0
d011f41b,2267,10.86185548345431,23.552360309705886,2
d07aed8f,2957,5.402411556483793,3.496600585037295,1
d085e611,6191,10.083729659420946,9.162803138892293,0
d0a0e7b5,3816,11.676903707262621,5.95933648330698,0
d0a43760,4041,4.249353040412356,3.8089028276750754,0
d0cb63ae,5223,19.937391369771746,7.129544816593184,2
d114d9c2,6206,7.69852853923108,2.3145289553149744,1
d1457cc5,6920,8.115732473647405,7.287237880946624,0
d1ecf309,6168,9.37828460834895,5.52305929078896,0
d1ee630d,6290,12.219780010195931,3.5393493247547556,2
d217e0c5,3838,5.20363871867946,4.919452820685948,2
d24ff243,5641,3.584579952704873,1.7346886817134932,2
d273674e,3899,3.400366201632784,4.269866387589444,1
d2f3b1ab,5581,17.357707330254247,13.542813455606586,2
d3df146b,5787,11.69933929625434,4.377550531483785,2
d40f61d5,4039,4.553018133859985,1.608671221260711,2
d41beaf2,4753,16.335502961206803,3.491500344989914,0
d463e527,4767,8.591154291112087,20.833348233933865,2
d4f60a28,4501,6.183126130423007,8.799326850705647,0
d50c649a,4873,6.81996221614117,8.284018554943785,0
d543916f,4799,10.200221672654065,13.131858957390405,0
d5df0ff5,4032,16.351335751344372,4.061072913653599,0
d60430e6,2511,7.849172504180856,7.406830412340739,0
d63196fe,4510,19.525114489586926,3.2216441207555406,0
d6c320d9,5452,11.20598215508914,2.853683559204582,0
d6dd7330,6193,11.822832979899944,11.135761409390891,2
d7ba4f9d,6023,5.098116159708834,4.824553925530567,0
d7eb0be8,5401,32.82610912419109,13.043806471181037,1
d84b621b,3994,21.82037371732548,17.318956398024326,0
d90aa14c,10018,11.994352891576652,14.960621267825198,1
d924e971,3184,32.7702837302337,26.314868756071142,0
d9ae59b2,3648,5.0470807715641435,12.328645512779493,0
d9d6d94d,4919,9.3857291463184,6.308757573154835,2
d9eca87b,6373,26.443315428754445,2.6499867679725857,2
da2d4d7c,2114,3.5771941153487132,4.45841549771691,0
da3bfe4e,5549,30.20824343453741,5.413935187358094,0
da3cf798,5844,16.905110806271015,12.20413761941451,1
da940160,5132,11.224828130654686,9.424542616084956,0
dafc88c3,5572,6.877339398362787,2.766005528302843,0
dbee6c86,7369,4.395928954072107,3.550118753309052,0
dc5fbe29,5203,7.9201039214922035,2.6995964039995415,0
dc7da28f,4774,10.223244436669471,5.6505399771529605,1
dc7f9757,4360,9.810154572145091,4.122811878351872,1
dd168de0,3304,2.9913571830542716,3.9655837745836955,2
dd64382d,3124,4.262126959206316,2.502016121320811,2
dd6bc5b2,3602,11.780956097388067,11.700897383174263,2
dd7d638e,4301,6.017680647613085,9.607722045624422,2
ddc790ff,4726,5.724817380990974,2.312232760611853,1
df71d1ff,6228,12.742621639442314,4.511991760219091,1
df73b8f3,5311,15.617554195793542,4.986545879741051,1
df8290be,3972,13.009724784668556,3.888956805284741,0
e0079ed1,3471,8.069511840769099,4.819503768830006,2
e03b45fd,5342,15.75182643192855,11.216687612158585,0
e0f36d98,4976,14.253156162438394,12.576803208868721,2
e149204f,6097,4.546152895643239,11.10442369592712,1
e14d641e,3184,6.820600870242808,3.070246865352566,0
e161bd0c,2949,4.33499689746737,1.9394646646194649,0
e201fd6d,5070,16.371250707380042,4.503730324856808,0
e25f1537,3177,13.005049007414012,3.027553372735482,2
e2fc7745,3692,13.341394284804746,6.195979353097582,2
e32da4ec,4689,10.850139553093255,17.701024307941914,2
e3b34f5b,5455,10.347045761247115,22.741621395557285,1
e45a2a62,5007,19.872920518687707,9.922035666967744,2
e46f4ef4,7195,4.926550809338883,3.381794499158449,0
e4726608,4733,6.271487164710907,6.514273378391073,2
e5864244,4469,26.806032670999695,8.959617033452988,1
e5c92e59,4295,7.71135994039849,2.73320258762363,0
e5ff9fd2,2354,8.891230852152741,6.756307112613301,0
e6c55748,4472,9.397103554297912,2.84490908882643,0
e730c32b,4728,11.654671854511827,16.774372600678767,0
e737965a,5955,9.897022674368223,3.7586182978661498,0
e748dd88,4812,4.989931749983482,5.111400274230176,0
e7818f7a,5371,6.312633342217896,26.152581158101274,0
e7c36e81,3531,7.349841849963589,3.4864494433860775,2
e7d0c1de,4711,6.860255388151551,6.303109583689795,1
e85074c5,5675,11.347685731962262,6.86825569896845,0
e97032ad,3530,11.959144677460708,7.335858601857676,1
e9949a23,4559,11.580872171010277,6.341349241153349,0
ea0b99b7,9239,12.15975654126152,5.489826890621718,0
ea3a0e38,10052,9.232672132138228,7.761346691116851,0
ea41324e,5025,5.294230079936561,2.944104587431273,0
eabc711b,5348,11.698478022871637,3.1650087493421157,2
eac10e86,6067,5.617579051148656,3.004746060972461,2
eafb863e,3568,13.457858083605023,4.2909594122433665,2
eb06a4e7,4535,9.669099026629615,3.0082083151194645,2
eb640a35,6037,9.969896905690025,6.683833152905192,0
eb934281,5971,3.1374200876783114,5.017782284917796,2
eba6605e,4410,15.631712662756936,1.5891657786724585,1
ebe69318,4976,4.825325809935079,6.1002921344627214,2
ec0d597b,4616,16.44325138720608,2.850659117318927,1
ec13af42,5462,10.906432170405786,3.194581169991725,0
ecdab904,6147,16.918396989500764,32.50377029139459,1
ecdaf714,6592,15.351875762973165,7.841051890118619,2
ed6436d6,2945,1.6175417954726792,0.7114813719632557,1
ed6e6e54,6048,11.951935194527213,9.061026149618625,0
edf885a3,3117,12.288723348140039,5.897258730227671,0
ee0300f7,4544,25.680311432467565,25.38089106072096,0
ee288beb,4638,27.522025330807587,5.876695042359718,0
ee4aecac,5265,10.778813139095936,8.43000665540548,0
eeda36f5,4797,5.470124457464137,2.4694754497021907,2
eeed308d,3899,9.69013148078532,1.9258319630771683,0
ef04658e,4104,15.448044048107809,2.3580453216275408,1
ef8e3ed0,5224,14.635089490374893,19.334066558990244,1
efde6ac3,4559,10.202375669006345,7.91066413695761,1
efe96181,4012,27.539517372291407,26.509516027318103,2
f0188a48,4170,6.015986492439641,5.682127800387574,1
f021b650,3739,6.684494210561717,13.095151193074795,1
f03f10fe,4145,9.378929872264584,1.8343329225864304,1
f053a1b9,4108,10.028295659116962,4.816609358561999,2
f074d277,2453,12.187719616802815,4.401262341811639,0
f07d7037,5563,7.4960867974462735,4.357258477968375,0
f08774c3,3900,11.44575716149874,6.438719273352901,2
f140c2fa,4082,13.3161842942989,1.737821856268653,1
f16e25e3,4651,2.9647800324346743,14.427873556472239,1
f2d4c8c9,6249,4.229551942410153,17.072263629682404,1
f321a31c,5141,12.557281531880928,6.93007818906078,0
f40cd091,5166,7.728760684292187,16.243785381265646,0
f439a621,2821,6.65613263851673,4.021842954248121,1
f49fdea3,5391,12.40626946494166,4.883241026497163,2
f4d12d23,3701,16.062842467413066,4.158184095286087,1
f56d3ace,5432,6.90314793936432,2.3056429929856574,1
f5859199,5790,15.921573253079503,9.47025092200667,2
f5d8aab6,4444,15.698547978741031,3.062691547884143,2
f631da6e,4093,8.782664213746434,8.763457052345089,2
f6824bb0,5015,20.837423542758717,2.6944129638936065,1
f6bc699b,3752,10.622157035929634,3.85084708978495,2
f6d009f4,6715,47.03924865295554,30.591711011437386,2
f72b268f,6404,12.93812397222547,6.206972468760409,2
f8662c22,5429,15.629207250700455,8.711989165950289,1
f88ddb26,4990,51.40308485650886,2.751180312176512,0
f8afa78a,6032,14.720946843240096,9.3120203000015,2
f8f59188,4807,6.924261008500594,5.667363347350635,0
f9fc81aa,5598,8.639067487231838,15.024696600095375,2
fa16d114,5686,20.815118518803075,3.049195003540957,1
fa31da94,5027,5.188297076747949,10.96031944359994,2
fa667be2,7296,8.802015991385062,7.3934591758926125,2
fae0c593,4403,10.97095627674098,5.261157179628034,1
fb03ae90,6431,42.88755217158539,20.830181472123957,2
fb0904bd,3181,1.7987576836953807,14.635930676239013,2
fb3848a1,5919,9.958923975567506,4.394518807408686,1
fb73b13a,5640,9.977934385041513,6.574520292314786,2
fba7683c,407,2.555309739035002,1.8143823808883512,0
fbd68d27,6829,22.09543667740266,2.581502362001874,2
fc03f21f,4803,12.90913373270699,10.658486108913777,1
fc0d20b2,3954,11.932087953866953,14.244276154043655,0
fcfcc902,2791,8.80765155445474,3.2401517826159667,1
fd3b4faa,5022,7.446926041471426,5.5231143537197145,0
fd710aea,4217,7.203999750290396,4.394524787559478,1
fd8f77fa,5272,27.415343744152285,9.536650243872337,2
fde20ecf,4667,16.31905728866344,10.737095719616168,0
fdfd57da,5236,4.29522046585047,15.035446143825876,2
febb4411,4247,13.027667980552959,5.255492242879718,1
fef8af96,3826,44.55173272632465,9.40903920657057,2
ff0aea78,3261,30.697786830378174,4.729213509196029,0
ff8bb73a,5927,9.861864748200674,9.589917561820226,2
ffefef30,4570,7.035568765607176,3.1538208798099623,2
